publisher,state,category,longitude,latitude,scrape_date,reported_count,location,url,zip,street,city,id,title,county,summary,date
ice.gov,United States,arrest,-75.1218251,39.9467127,6/18/2025,1,U.S. District Court of New Jersey in Camden,https://www.ice.gov/news/releases/mexican-national-gets-110-month-prison-sentence-trafficking-cocaine-illegally,Unknown,"4th &, Cooper St, Camden, NJ 08101, United States",NJ 08101,881fda83-80e2-4ade-a577-b3fd04e34d51,"Mexican national gets 110-month prison sentence for trafficking cocaine, illegally reentering the US following federal investigation",Camden County,"Anastacio Santiago Chaparro, also known as Arnoldo Urquidez, 41, of Mexico, was recently sentenced to 110 months' imprisonment for trafficking cocaine at the U.S. District Court of New Jersey in Camden. In February, Santiago Chaparro pleaded guilty to an indictment of those charges and illegal reentry by a convicted felon.","June 17, 2025"
ice.gov,USA,arrest,-71.0565364,42.3555076,6/18/2025,1,Boston,https://www.ice.gov/news/releases/ice-boston-arrests-salvadoran-alien-several-convictions-massachusetts,Unknown,"Boston, MA, USA",MA,24ed4d5c-0257-47fb-8593-24b7b33636e6,ICE Boston arrests Salvadoran alien with several convictions in Massachusetts,Suffolk,"Officers with ICE Enforcement and Removal Operations Boston working with agents from ICE Homeland Security Investigations New England, FBI Boston, and DEA New England apprehended Emilio Neftaly Pineda June 12 in Peabody.","June 17, 2025"
ice.gov,USA,raid,-86.49965460000001,34.0145152,6/18/2025,60,Blount County,https://www.ice.gov/news/releases/ice-homeland-security-task-force-partners-investigate-cockfighting-operation-illegal,Unknown,"Blount County, AL, USA",AL,e1a6725d-8d9b-48e9-b672-cba0d55cd447,"ICE, Homeland Security Task Force, partners investigate cockfighting operation, illegal immigration and other crimes",Blount County,"The Gulf of America Homeland Security Task Force, in partnership with the U.S. Department of Agriculture Office of Inspector General and the Alabama Law Enforcement Agency, conducted a joint operation targeting an illegal animal fighting exhibition in Blount County, Alabama June 14.","June 16, 2025"
ice.gov,USA,arrest,-71.0565364,42.3555076,6/18/2025,1,Boston,https://www.ice.gov/news/releases/ice-boston-arrest-leads-indictment-dominican-alien-who-apparently-illegally-re,Unknown,"Boston, MA, USA",MA,dbddae75-12e6-4f91-a2eb-ec1326e8e485,ICE Boston arrest leads to indictment for Dominican alien who apparently illegally re-entered the US,Suffolk,"The U.S. Attorney’s Office for the District of Massachusetts indicted Edwin Antonio Sanchez-Lara, 34, on one count of unlawful reentry of a deported alien.","June 16, 2025"
ice.gov,USA,other,-95.0806918,35.742798,6/18/2025,2,Tahlequah Public Schools,https://www.ice.gov/news/releases/dhs-know2protect-campaign-empowers-student-report-abuse-former-teacher-sentenced-7,74464,"Tahlequah Public Schools, OK, USA",OK,d00ee009-c454-4fdd-b850-823ad94af3f5,DHS Know2Protect campaign empowers student to report abuse; former teacher sentenced to 7 years in federal prison,Cherokee County,"Anthony James Deason, 29, of Tahlequah, Oklahoma, was sentenced to 84 months in federal prison followed by eight years of supervised release for one count of attempted receipt of certain material involving the sexual exploitation of a minor.","June 13, 2025"
ice.gov,United States,arrest,-73.9944268,40.7114181,6/18/2025,N/A,Unknown,https://www.ice.gov/news/releases/ice-arrests-mexican-national-convicted-twice-felony-dwi-new-york,Unknown,"44 Monroe St, New York, NY 10002, United States",NY 10002,f27843bf-5e01-4ee5-82e3-ede77f0d3559,ICE arrests Mexican national convicted twice for felony DWI in New York,Unknown,"ICE arrested Mexican national and convicted felon Juan Cruz-Gallegos pursuant to a warrant of arrest June 11, in Hudson, New York.","June 13, 2025"
ice.gov,United States,protest,-95.24229729999999,29.5765154,6/18/2025,N/A,Unknown,https://www.ice.gov/news/releases/caught-camera-ice-arrests-violent-protesters-who-threatened-federal-law-enforcement,Unknown,"9223 Colt Canyon Ln, Houston, TX 77089, United States",TX 77089,1c0bf55c-6209-4664-a8aa-9a543250a094,"Caught on camera: ICE arrests violent protesters who threatened federal law enforcement officers, damaged federal property following lawful operation",Unknown,"U.S. Immigration and Customs Enforcement arrested four aggressive protestors, June 12, who were caught on video damaging federal property and threatening to assault federal agents and officers following the execution of a federal search warrant at Glenn Valley Foods.","June 13, 2025"
ice.gov,United States,raid,-72.8733153,41.63427799999999,6/18/2025,4,D-Hand Car Wash,https://www.ice.gov/news/releases/ice-arrests-4-illegal-aliens-during-random-worksite-enforcement-outreach-d-hand-car,Unknown,"655 Queen St, Southington, CT 06489, United States",CT 06489,26cfc01a-e5f4-4dcc-a852-9fa390116e02,ICE arrests 4 illegal aliens during random worksite enforcement outreach at D-Hand Car Wash in Connecticut,Unknown,Agents administratively arrested four illegal alien employees from Guatemala who were in the United States without authorization.,"June 12, 2025"
ice.gov,USA,arrest,-96.79698789999999,32.7766642,6/18/2025,1,Dallas,https://www.ice.gov/news/releases/ice-dallas-apprehends-iranian-national-and-registered-sex-offender-convicted-multiple,Unknown,"Dallas, TX, USA",TX,d4a779e9-cf45-4ec3-a858-e6e4dc6b2904,ICE Dallas apprehends Iranian national and registered sex offender convicted of multiple sex offenses of a child,Dallas County,"U.S. Immigration and Customs Enforcement in a joint operation by the field offices of Homeland Security Investigations and Enforcement Removal Operations Tulsa, arrested Behkam Bahadorani, a 65-year-old citizen of Iran, June 11, adjacent to an apartment complex in Tulsa, Oklahoma.","June 12, 2025"
ice.gov,USA,arrest,-71.0183787,42.0834335,6/18/2025,N/A,Brockton area,https://www.ice.gov/news/releases/ice-investigation-nets-10-year-sentence-leader-drug-trafficking-organization,Unknown,"Brockton, MA, USA",MA,aa842878-7f85-47fa-9b14-cd9d90866233,ICE investigation nets 10-year sentence for leader of drug trafficking organization,Plymouth,A Massachusetts man was sentenced June 2 in federal court in Boston after a U.S. Immigration and Customs Enforcement investigation into his role leading a large-scale drug trafficking organization found he distributed fentanyl sourced from Latin America.,"June 12, 2025"
ice.gov,USA,arrest,-112.0776781,33.4482266,6/18/2025,N/A,Phoenix,https://www.ice.gov/news/releases/ice-phoenix-removes-mexican-noroeste-cartel-member,Unknown,"Phoenix, AZ, USA",AZ,96138f2f-338e-40ee-b8ce-75edf9a9170f,ICE Phoenix removes Mexican Noroeste Cartel member,Maricopa,"U.S. Immigration and Customs Enforcement removed Gerardo Nava-Benitez, a 30-year-old Mexican alien and Noroeste cartel member, June 10.","June 12, 2025"
ice.gov,United States,detention,-84.25577109999999,32.0669787,6/18/2025,1,Phoebe Sumter Hospital,https://www.ice.gov/news/releases/ice-detainee-death-atlanta,31709,"126 US-280, Americus, GA 31719, United States",GA 31719,287d7e67-b954-4839-82d0-e956caef3f5f,ICE detainee death in Atlanta,Sumter County,"Jesus Molina-Veya, a 45-year-old citizen of Mexico in the custody of U.S. Immigration and Customs Enforcement, was pronounced deceased by medical professionals at the Phoebe Sumter Hospital in Americus, at 6:42 p.m. on June 7","June 11, 2025"
ice.gov,United States,raid,-91.0426251,30.4107984,6/18/2025,10,Baton Rouge massage parlors,https://www.ice.gov/news/releases/ice-conducts-worksite-inspections-baton-rouge-massage-parlors,Unknown,"12240 Coursey Blvd, Baton Rouge, LA 70816, United States",LA 70816,62f495ec-3e01-4e4b-b0ba-9b8c420b66ec,ICE conducts worksite inspections at Baton Rouge massage parlors,East Baton Rouge Parish,"As a result of the operation, ten (10) Chinese-national females were detained by HSI for further identification and removal processing. Interviews are currently being conducted to determine removability.","June 11, 2025"
ice.gov,United States,arrest,-95.24229729999999,29.5765154,6/18/2025,N/A,Unknown,https://www.ice.gov/news/releases/ice-led-investigation-leads-repeat-offenders-guilty-plea-possessing-child-sexual,Unknown,"9223 Colt Canyon Ln, Houston, TX 77089, United States",TX 77089,7fcabb2a-2223-427a-98d5-b08a8006dc33,ICE-led investigation leads to repeat offender’s guilty plea for possessing child sexual abuse material,Unknown,"John Mangan, 78, of Lanoka Harbor, pleaded guilty June 10 to an information charging him with one count of possession of child pornography at the U.S. District Court for the District of New Jersey in Trenton.","June 11, 2025"
ice.gov,United States,raid,-96.0184311,41.2153261,6/18/2025,70,Glenn Valley Foods,https://www.ice.gov/news/releases/ice-federal-partners-assaulted-during-largest-worksite-enforcement-operation-nebraska,Unknown,"6824 J St, Omaha, NE 68117, United States",NE 68117,d67b13e4-cf7e-4d7d-93a6-cdac548e60ef,"ICE, federal partners assaulted during largest worksite enforcement operation in Nebraska under Trump administration",Unknown,"The worksite enforcement operation, in which more than 70 illegal aliens were detained, is the largest to take place in Nebraska since the start of the current presidential administration that has prioritized immigration enforcement efforts and strengthened focus on border security.","June 11, 2025"
ice.gov,USA,arrest,-83.0424533,42.32971819999999,6/18/2025,2,Detroit,https://www.ice.gov/news/releases/ice-detroit-arrests-convicted-arsonist-and-convicted-murderer-same-day,Unknown,"Detroit, MI, USA",MI,9a5ba88f-0cd4-4cc6-9e19-0001783602b6,ICE Detroit arrests a convicted arsonist and a convicted murderer in the same day,Wayne,"U.S. Immigration and Customs Enforcement officers in Detroit arrested two criminal aliens in Detroit June 10. Ahmad Fareez Thabateh, 49, a Palestinian, and Kassim Saleh Wasil, 70, a Yemeni, who will remain in ICE custody pending removal from the United States.","June 10, 2025"
ice.gov,Texas,raid,Unknown,Unknown,6/18/2025,12,South Texas,https://www.ice.gov/news/releases/12-arrested-south-texas-worksite-enforcement-operation-ice-rio-grande-valley-federal,Unknown,Unknown,Unknown,42ae2884-cba3-4881-81da-387f433d4930,"12 arrested in a South Texas worksite enforcement operation by ICE Rio Grande Valley, federal partners",Unknown,"U.S. Immigration and Customs Enforcement arrested 12 illegal aliens on June 9 during a targeted worksite enforcement operation at two business locations, one in Harlingen and one in San Benito, Texas.","June 10, 2025"
ice.gov,USA,arrest,-75.1652215,39.9525839,6/18/2025,1,Philadelphia,https://www.ice.gov/news/releases/ice-philadelphia-removes-uzbek-national-wanted-fraud,Unknown,"Philadelphia, PA, USA",PA,41a70e49-58c2-40ff-b3a8-e21434bc2066,ICE Philadelphia removes Uzbek national wanted for fraud,Philadelphia County,"The U.S. Border Patrol arrested Ergashev near San Luis, Arizona, on Feb. 14, 2023, for entering the United States without inspection or parole by an immigration official.","June 10, 2025"
ice.gov,USA,detention,-96.79698789999999,32.7766642,6/18/2025,122,Dallas,https://www.ice.gov/news/releases/ice-dallas-leads-dhs-effort-removing-122-illegal-aliens-aboard-special-high-risk,Unknown,"Dallas, TX, USA",TX,80bb3a95-4599-4cbe-ac19-d870d256bb47,ICE Dallas leads DHS effort removing 122 illegal aliens aboard Special High Risk Charter flight,Dallas County,U.S. Immigration and Customs Enforcement led a Department of Homeland Security effort of returning 122 illegal aliens to the Peoples Republic of China June 3. The flight manifest included 96 males and 26 females with final orders for removal coming from ICE detention facilities across the country. Ages ranged from 19 to 68.,"June 9, 2025"
ice.gov,USA,arrest,-71.0565364,42.3555076,6/18/2025,1,Boston,https://www.ice.gov/news/releases/ice-boston-arrests-salvadoran-gang-member-massachusetts,Unknown,"Boston, MA, USA",MA,2eeacc3e-2883-4434-a213-154d3bb04046,ICE Boston arrests Salvadoran gang member in Massachusetts,Suffolk,"U.S. Immigration and Customs Enforcement in partnership with the Federal Bureau of Investigation apprehended a 24-year-old, illegally present Salvadoran national and documented member of the notorious MS-13 criminal gang. Officers with ICE Enforcement and Removal Operations Boston working with agents from ICE Homeland Security Investigations New England and FBI Boston arrested William Alberto Villalobos-Melendez May 14 in Brockton.","June 9, 2025"
ice.gov,United States,raid,-75.8241516,41.3333182,6/18/2025,4,Wyoming Valley Pallets Inc.,https://www.ice.gov/news/releases/ice-philadelphia-and-law-enforcement-partners-execute-worksite-enforcement-operation,Unknown,"481 Slocum Ave, Exeter, PA 18643, United States",PA 18643,e87d9256-3f0a-4bc1-884c-ba173234048d,ICE Philadelphia and law enforcement partners execute worksite enforcement operation at Wyoming Valley Pallets Inc.,Unknown,"The operation resulted in the administrative arrests of three illegal aliens from Mexico: Miguel Bruno-Vasquez, Vicente Coyotecal Matias and Jesus Gallardo-Bautista. Additionally, Geoli Perez-Santana, a citizen of the Dominican Republic, was arrested. All were illegally working in the United States.","June 9, 2025"
ice.gov,USA,arrest,-78.73780909999999,42.963947,6/18/2025,1,Williamsville,https://www.ice.gov/news/releases/ice-hsi-buffalo-arrests-convicted-sex-offender-illegally-present-us,Unknown,"Williamsville, NY 14221, USA",NY 14221,1f34cf52-46b7-4e53-a0fd-1f3882c0657a,ICE HSI Buffalo arrests convicted sex offender illegally present in US,Erie,"While in the U.S. illegally, Tam, a 42-year-old citizen of Hong Kong, was arrested in January 2003 and ultimately convicted of mail fraud for an offense that occurred in Buffalo, New York. Later, he was arrested in February 2010 and ultimately convicted of sexual misconduct for an offense that occurred in Tonawonda, New York.","June 9, 2025"
ice.gov,United States,protest,-118.2401488,34.0539097,6/18/2025,"over 1,000",federal building in Los Angeles,https://www.ice.gov/news/releases/statement-ice-acting-director-todd-lyons-assaults-against-federal-law-enforcement,Unknown,"300 N Los Angeles St, Los Angeles, CA 90012, United States",CA 90012,f8dcb87b-7a06-4797-90a5-2b0dcf10c1ab,Statement from ICE Acting Director Todd Lyons on assaults against federal law enforcement officers in Los Angeles June 6,Los Angeles County,"""Our brave officers were vastly outnumbered, as over 1,000 rioters surrounded and attacked a federal building. It took over two hours for the Los Angeles Police Department to respond, despite being called multiple times. The brave men and women of ICE were in Los Angeles arresting criminal illegal aliens including gang members, drug traffickers and those with a history of assault, cruelty to children, domestic violence, robbery, and smuggling.""","June 7, 2025"
ice.gov,Unknown,other,-58.93018,4.860416,6/18/2025,6,Guyana,https://www.ice.gov/news/releases/treasury-targets-network-trafficking-cocaine-us-and-europe-following-ice-hsi-new-york,Unknown,Guyana,Unknown,cf19e932-8271-4916-8dd1-58623f0362ec,Treasury targets network trafficking cocaine to the US and Europe following ICE HSI New York investigation with law enforcement partners,Unknown,"These sanctions target drug traffickers utilizing boats and narco-subs to traffic ton-quantities of cocaine, along with an alleged corrupt Guyanese law enforcement official. The sanctions also target individuals who are operating covert airstrips to traffic drugs via aircraft.","June 6, 2025"
ice.gov,USA,arrest,-71.414199,41.8245558,6/18/2025,952,Providence,https://www.ice.gov/news/releases/romanian-national-sentenced-defrauding-hundreds-banking-customers,Unknown,"Providence, RI, USA",RI,bc96a944-ca6d-4b4b-bc76-f8ca745d8324,Romanian national sentenced for defrauding hundreds of banking customers,Providence County,"Mario Demarco, aka Marius Lupu aka David Adamec, 30, pleaded guilty in January to a charge of conspiracy to commit bank fraud. He was sentenced June 3 to 33 months in federal prison followed by two years of supervised release. Additionally, the court ordered Demarco to pay restitution totaling $16,567.06.","June 6, 2025"
ice.gov,United States,raid,-95.6539595,30.1311803,6/18/2025,25,Rio Grande Valley,https://www.ice.gov/news/releases/ice-rio-grande-valley-conducts-worksite-enforcement-operation-resulting-25-arrests,Unknown,"Meadowood, TX 77355, United States",TX 77355,1263be6c-db9f-4222-b976-6d8bbc07bddd,ICE Rio Grande Valley conducts worksite enforcement operation resulting in 25 arrests,Hidalgo County,"U.S. Immigration and Customs Enforcement, with the support of Texas Department of Public Safety and U.S. Marshals Service, arrested 25 illegal aliens June 4 during a targeted worksite enforcement operation that took place at two construction sites, South Padre Island and Brownsville, Texas.","June 5, 2025"
ice.gov,USA,arrest,-98.1836216,26.1947962,6/18/2025,1,Pharr,https://www.ice.gov/news/releases/mexican-illegal-alien-sentenced-11-years-smuggling-3000-pounds-methamphetamine,Unknown,"Pharr, TX 78577, USA",TX 78577,632214ef-a0f2-40f0-af65-07bf18089032,"Mexican illegal alien sentenced to 11 years for smuggling 3,000 pounds of methamphetamine in truckload of cabbages following ICE Rio Grande Valley, federal partner investigation",Hidalgo County,"Jose Angel Ibarra-Rojas, 36, was sentenced on June 4 by U.S. District Judge Drew B. Tipton to serve 132 months in federal prison. At the hearing, the court heard how the narcotics were packaged in a sophisticated manner. The heads of the cabbages were removed, and balls of methamphetamine were then inserted into the leaves in order to conceal them. Not a U.S. citizen, he is expected to face removal proceedings following his imprisonment. Ibarra-Rojas pleaded guilty Nov. 6, 2024.","June 5, 2025"
ice.gov,United States,policy,-95.24229729999999,29.5765154,6/18/2025,N/A,Unknown,https://www.ice.gov/news/releases/ice-releases-2024-sevp-annual-report,Unknown,"9223 Colt Canyon Ln, Houston, TX 77089, United States",TX 77089,e567e95b-114f-4ae8-9580-f9d7c2446965,ICE releases 2024 SEVP annual report,Unknown,"The total number of active F-1 and M-1 student records in SEVIS was 1,582,808 in calendar year 2024, an increase of 5.3 percent from calendar year 2023. These foreign students were from more than 229 countries and territories.","June 5, 2025"
ice.gov,United States,arrest,-94.0985185,30.0854364,6/18/2025,3,Southeast Texas,https://www.ice.gov/news/releases/3-illegal-aliens-arrested-southeast-texas-following-execution-search-warrant,Unknown,"380 Main St, Beaumont, TX 77701, United States",TX 77701,90fe8cb4-9827-4047-93dc-d3504e57e0c8,3 illegal aliens arrested in Southeast Texas following execution of search warrant for suspected child sexual abuse materials,Unknown,"Edgar Javier Escobedo Castillo, an 18-year-old illegal alien from Mexico, was criminally arrested for possession of child sexual abuse material.","June 5, 2025"
ice.gov,United States,policy,-97.9498766,26.0632564,6/18/2025,N/A,United States southern border,https://www.ice.gov/news/releases/dhs-initiative-uncovers-widespread-abuse-exploitation-unaccompanied-kids-placed,Unknown,"100 S International Blvd, Weslaco, TX 78596, United States",TX 78596,bc9909c8-6886-49b9-83a1-3e2c312bbb8e,"DHS initiative uncovers widespread abuse, exploitation of unaccompanied kids placed with previously improperly vetted sponsors",Unknown,"In February 2025, the Department of Homeland Security and its federal and state partners launched a national child welfare initiative to locate and verify these at-risk kids’ safety.","June 5, 2025"
ice.gov,USA,arrest,-106.4850217,31.7618778,6/18/2025,N/A,El Paso,https://www.ice.gov/news/releases/new-mexico-man-indicted-texas-drug-firearm-murder-charges-following-ice-el-paso,Unknown,"El Paso, TX, USA",TX,c365948a-2c46-41c0-a072-ad2436dc975d,"New Mexico man indicted in Texas for drug, firearm, murder charges following ICE El Paso investigation",El Paso County,"Jaime Renteria-Fernandez, 31, of Albuquerque, New Mexico, is charged in a superseding indictment with nine counts related to alleged offenses committed in support of the Barraza drug trafficking organization. Co-conspirator Alex Barraza was the leader of the DTO and was sentenced to life in federal prison Oct. 24, 2024.","June 4, 2025"
ice.gov,United States,arrest,-106.3777913,32.0315963,6/18/2025,10,alien smuggling stash house in Chaparral,https://www.ice.gov/news/releases/texas-woman-sentenced-hostage-taking-extortion-smuggling-stash-house-case,Unknown,"460 S County Line Dr, Chaparral, NM 88081, United States",NM 88081,8e01e283-6103-4255-99cb-3cca099a9dac,"Texas woman sentenced for hostage-taking, extortion in smuggling stash house case investigated by ICE El Paso",Otero County,"An El Paso, Texas, woman was sentenced to 10 years in prison for her role in a hostage-taking conspiracy involving the forcible detention and extortion of the victims. The defendant was involved in the hostage-taking conspiracy while serving a term of federal supervised release for a prior alien smuggling conviction.","June 4, 2025"
ice.gov,USA,arrest,-103.6696958,30.3561488,6/18/2025,1,Alpine,https://www.ice.gov/news/releases/colorado-fentanyl-dealer-sentenced-texas-20-years-federal-prison-following-ice-el,Unknown,"Alpine, TX, USA",TX,2552c7c6-02c5-440b-b6f4-227d3085907a,Colorado fentanyl dealer sentenced in Texas to 20 years in federal prison following ICE El Paso investigation,Brewster County,A Colorado man was sentenced in a federal court May 27 in Alpine to 240 months in prison for distributing fentanyl to a Texas resident as a result of an investigation by U.S. Immigration and Customs Enforcement.,"June 4, 2025"
ice.gov,USA,arrest,-76.6104072,39.2905023,6/18/2025,N/A,Baltimore,https://www.ice.gov/news/releases/ice-baltimore-investigation-leads-sentencing-maryland-man-convicted-visa-fraud,Unknown,"Baltimore, MD, USA",MD,879940a6-72cd-45da-9832-422cc1e2436e,ICE Baltimore investigation leads to sentencing of Maryland man convicted of visa fraud,Baltimore City,"An investigation conducted by U.S. Immigration and Customs Enforcement, Homeland Security Investigations, Maryland; along with U.S. Citizenship and Immigration Services, led to the sentencing of Douglas Anthony Eze, 55, of Upper Marlboro, Maryland, for visa fraud.","June 4, 2025"
ice.gov,United States,arrest,-95.24229729999999,29.5765154,6/18/2025,1,Unknown,https://www.ice.gov/news/releases/ice-arrests-tajikistan-born-russian-national-foreign-fugitive-suspected-being-member,Unknown,"9223 Colt Canyon Ln, Houston, TX 77089, United States",TX 77089,7eda8150-add4-48bd-b2f3-58c83447fb04,ICE arrests Tajikistan-born Russian national as a foreign fugitive suspected of being a member of the Al-Qaeda terrorist organization,Unknown,U.S. Immigration and Customs Enforcement arrested a Tajikistan-born Russian national who is wanted overseas.,"June 3, 2025"
ice.gov,United States,arrest,-96.6981737,30.0640695,6/18/2025,16,South Texas stash house,https://www.ice.gov/news/releases/south-texas-stash-house-discovered-ice-rio-grande-valley-leads-arrest-16-illegal,Unknown,"111 Bauer Rummel Road, Round Top, TX 78954, United States",TX 78954,f88eadef-8af6-464c-887e-5858ed2c3a0a,South Texas stash house discovered by ICE Rio Grande Valley leads to the arrest of 16 illegal aliens,Unknown,"On June 1, ICE received a tip from an anonymous caller reporting that multiple illegal aliens were being harbored at a residence in Mercedes. ICE contacted the Mercedes Police Department, which conducted a welfare check of the property. Authorities spoke to the owner of the property who admitted to harboring approximately 16 individuals inside the home.","June 3, 2025"
ice.gov,United States,arrest,-95.4243786,29.7356124,6/18/2025,142,ICE Houston,https://www.ice.gov/news/releases/ice-houston-deports-142-criminal-aliens-mexico-past-2-weeks-who-group-have-been,Unknown,"3333 Eastside St, Houston, TX 77098, United States",TX 77098,3986aa9d-3da2-4830-a1c3-6ff434cc29be,"ICE Houston deports 142 criminal aliens to Mexico in past 2 weeks who as a group have been convicted of 473 crimes, illegally entered US 480 times",Harris County,"Among the aliens removed were 8 gang members, 11 convicted child predators, and a criminal alien who illegally entered US 21 times","June 3, 2025"
ice.gov,United States,other,-95.24229729999999,29.5765154,6/18/2025,N/A,Unknown,https://www.ice.gov/news/releases/ice-cbp-seize-50000-kilograms-meth-precursor-chemicals-destined-sinaloa-cartel,Unknown,"9223 Colt Canyon Ln, Houston, TX 77089, United States",TX 77089,4c52edeb-ed5f-447a-aa01-fbbadcae2503,"ICE, CBP seize 50,000 kilograms of meth precursor chemicals destined for Sinaloa Cartel",Unknown,"The shipment, which originated in China and was destined for the Sinaloa Drug Cartel in Mexico, was identified as a result of an initiative launched by ICE in 2019 that leverages the agency’s extensive expertise in illicit cross-border trade and sophisticated analytical tools and techniques to identify suspicious shipments of chemical precursors from China, India and other source countries that are destined for the drug cartels in Mexico.","June 2, 2025"
ice.gov,United States,arrest,-71.2173586,42.1776744,6/18/2025,1500,Massachusetts,https://www.ice.gov/news/releases/ice-federal-partners-arrest-nearly-1500-illegal-aliens-massachusetts-during,Unknown,"61 Endicott St Building #26, Norwood, MA 02062, United States",MA 02062,90593ac5-f282-4fbe-8fbf-b12099c45b2c,"ICE, federal partners arrest nearly 1,500 illegal aliens in Massachusetts during immigration enforcement operation",Unknown,"More than half the 1,461 arrested had significant criminal convictions or charges. Seven-hundred and ninety of the alien offenders were charged with or convicted of crimes in the United States or abroad.","June 2, 2025"
ice.gov,United States,arrest,-97.58290099999999,26.2528705,6/18/2025,2,Arroyo Terminals,https://www.ice.gov/news/releases/father-and-son-indicted-providing-material-support-mexican-cartel-engaged-terrorism,78583,"21076 Reynolds Ave, Rio Hondo, TX 78583, United States",TX 78583,ea19325e-df64-4343-8223-cf2b25ab6ae1,"Father and son indicted for providing material support to Mexican cartel engaged in terrorism following ICE Rio Grande Valley, federal partner investigation",Cameron County,"Two family members with ties to South Texas have been charged with allegedly conspiring to materially support a Mexican cartel previously designated as a foreign terrorist organization, conspiracy to commit money laundering and related smuggling charges, following an investigation conducted by U.S. Immigration and Customs Enforcement, the DEA and the FBI with substantial assistance of IRS CI along with Customs and Border Protection, U.S. Marshals Service and Texas Department of Public Safety.","May 30, 2025"
ice.gov,United States,arrest,-75.1218251,39.9467127,6/18/2025,2,U.S. District Court for the District of New Jersey,https://www.ice.gov/news/releases/ice-investigation-leads-couple-charged-marriage-fraud-making-false-statements,08101,"4th &, Cooper St, Camden, NJ 08101, United States",NJ 08101,95f134ec-2678-463e-a70b-137bf4d0a6fb,"ICE investigation leads to couple charged with marriage fraud, making false statements",Camden County,"The charges against Elvis Harizaj, 25, of Cherry Hill, and Natasha Flores, 27, of Newark, were announced May 28 by the U.S. District Court for the District of New Jersey in Camden.","May 30, 2025"
ice.gov,United States,arrest,-95.24229729999999,29.5765154,6/18/2025,N/A,Unknown,https://www.ice.gov/news/releases/ice-arrests-ms-13-gang-member-previously-removed-us-4-times,Unknown,"9223 Colt Canyon Ln, Houston, TX 77089, United States",TX 77089,408b0351-479d-4ab3-8a1e-2b731a869ed4,ICE arrests MS-13 gang member previously removed from the US 4 times,Unknown,Officers with ICE Baltimore arrested Moises Alberto Figueroa-Bonilla May 27 in Frederick. Figueroa is a validated member of MS-13.,"May 30, 2025"
ice.gov,USA,raid,-84.28062349999999,30.4381828,6/18/2025,100+,Tallahassee,https://www.ice.gov/news/releases/ice-arrests-100-illegal-aliens-during-targeted-enforcement-operation-tallahassee,Unknown,"Tallahassee, FL, USA",FL,8563435d-92a4-45cc-a562-3f0897e58cc2,ICE arrests 100+ illegal aliens during targeted enforcement operation in Tallahassee,Leon County,"The multiagency operation, directed by ICE Homeland Security Investigations Tallahassee, with significant assistance from ICE Enforcement and Removal Operations, Florida Highway Patrol, FBI, Drug Enforcement Administration, Alcohol, Tobacco, and Firearms, U.S. Marshals Service, Florida Department of Law Enforcement and the Internal Revenue Service - Criminal Investigations, led to the arrest of illegal aliens from Nicaragua, El Salvador, Guatemala, Mexico, Venezuelans, Colombia, and Honduras to name a few.","May 29, 2025"
ice.gov,United States,policy,-77.0721741,38.8763796,6/18/2025,N/A,Unknown,https://www.ice.gov/news/releases/us-immigration-and-customs-enforcement-announces-leadership-realignment-enforcement,Unknown,"1 Wilson Ave, Fort Myer, VA 22211, United States",VA 22211,f1e54b09-7e2a-4cf2-8564-092ef077e482,US Immigration and Customs Enforcement announces leadership realignment as enforcement efforts continue to ramp up,Unknown,Organizational realignments will help ICE achieve President Trump and the American people’s mandate of arresting and deporting criminal illegal aliens and making American communities safe.,"May 29, 2025"
ice.gov,USA,arrest,-118.2487702,34.055691,6/18/2025,2,Downtown Los Angeles,https://www.ice.gov/news/releases/ice-los-angeles-multiagency-taskforce-case-results-freight-forwarding-company-exec,Unknown,"Downtown Los Angeles, Los Angeles, CA, USA",CA,aa00cbb3-5b6b-4280-9a43-e8a6736e6dab,"ICE Los Angeles, multiagency taskforce case results in freight forwarding company exec arrest on federal indictment alleging massive scheme to avoid customs duties payments",Los Angeles,"Ralph Olarte, 55, of Glendale, the CFO of Sport LA Inc., was arrested May 27 at Los Angeles International Airport. He made his initial appearance and was arraigned May 28 in United States District Court in downtown Los Angeles.","May 29, 2025"
ice.gov,USA,arrest,-118.242643,34.0549076,6/18/2025,14,Los Angeles,https://www.ice.gov/news/releases/ice-los-angeles-multiagency-taskforce-case-results-14-arrests-complaints-alleging,Unknown,"Los Angeles, CA, USA",CA,34370717-75f8-4685-b3fc-5a467d29c0b7,"ICE Los Angeles, multiagency taskforce case results in 14 arrests on complaints alleging more than $25 million in COVID-19 relief, small business loans fraudulently obtained",Los Angeles County,"Fourteen defendants — including San Fernando Valley and Glendale residents — were arrested May 28, on two federal criminal complaints alleging they fraudulently obtained more than $25 million in taxpayer-funded COVID-19 relief funds and federally-guaranteed small business loans.","May 29, 2025"
ice.gov,USA,arrest,-74.1744671,40.7315293,6/18/2025,1,Newark,https://www.ice.gov/news/releases/ice-newark-arrests-guatemalan-unaccompanied-alien-child-sponsor-wanted-overseas,Unknown,"Newark, NJ, USA",NJ,ae7b2f36-edd7-498c-b877-df0446f669e6,ICE Newark arrests Guatemalan unaccompanied alien child sponsor wanted overseas for attempted aggravated homicide,Essex,"ICE HSI Newark administratively arrested Adelso Garcia Martinez, 29, a Guatemalan native, May 13 for violations of the Immigration and Naturalization Act.","May 29, 2025"
ice.gov,USA,arrest,-97.08749639999999,32.9847426,6/18/2025,N/A,Lake Grapevine,https://www.ice.gov/news/releases/ice-apprehends-venezuelan-woman-who-fled-scene-jet-ski-accident-killed-woman-kayak,76051,"Grapevine Lake, Texas, USA",Texas,cb5bf383-75cd-44b1-9a88-5b90f8e6e620,ICE apprehends Venezuelan woman who fled the scene of jet ski accident that killed woman on kayak at Lake Grapevine,Tarrant County,"ICE, in a joint operation with state and federal law enforcement, arrested Daikerlyn Alejandraa Gonzalez-Gonzalez, a 22-year-old citizen of Venezuela in Dallas on May 27, following a state warrant execution for felony manslaughter.","May 28, 2025"
ice.gov,USA,arrest,-117.1610838,32.715738,6/18/2025,1,San Diego,https://www.ice.gov/news/releases/joint-ice-san-diego-cbp-case-sends-guatemalan-drug-trafficker-14-years-prison,Unknown,"San Diego, CA, USA",CA,1e0bc00e-ed32-48c7-a5ec-e48c0f5a1efd,"Joint ICE San Diego, CBP case sends Guatemalan drug trafficker to 14 years in prison",San Diego County,"An illegal alien from Guatemala was sentenced in federal court May 23 to 14 years in prison for managing a cocaine trafficking organization that smuggled more than 1,000 pounds of cocaine into the United States from Guatemala. This case was investigated by U.S. Immigration and Customs Enforcement and U.S. Customs and Border Protection.","May 28, 2025"
ice.gov,USA,raid,-90.07583559999999,29.9508941,6/18/2025,N/A,New Orleans,https://www.ice.gov/news/releases/ice-conducts-worksite-inspections-new-orleans,Unknown,"New Orleans, LA, USA",LA,1ae33d8a-c2d3-4c3f-bb3d-05c18c93c8ed,ICE conducts worksite inspections in New Orleans,Orleans Parish,"The multiagency operation, directed by ICE Homeland Security Investigations New Orleans, led to the arrest of 15 illegal aliens from Nicaragua, El Salvador, Guatemala and Honduras.","May 28, 2025"
ice.gov,USA,arrest,-95.37011079999999,29.7600771,6/18/2025,N/A,Houston,https://www.ice.gov/news/releases/ice-houston-deports-convicted-child-predator-who-has-illegally-entered-us-3-times,Unknown,"Houston, TX, USA",TX,28433fee-8f75-4459-9161-dd59eb905b8b,ICE Houston deports convicted child predator who has illegally entered US 3 times,Harris County,"ICE removed Oscar Lopez Delira, a 47-year-old three-time removed criminal alien and convicted child predator, to his home country of Mexico May 27.","May 28, 2025"
ice.gov,USA,raid,-70.0988002,41.2853251,6/18/2025,N/A,Nantucket,https://www.ice.gov/news/releases/ice-federal-partners-conduct-immigration-enforcement-operations-nantucket-marthas,02554,"Nantucket, MA, USA",MA,3133e7af-24d5-4ec7-8924-10cce709a456,"ICE, federal partners conduct immigration enforcement operations on Nantucket, Martha’s Vineyard",Nantucket County,The operation yielded around 40 apprehensions including a documented gang member and at least one child sex offender.,"May 28, 2025"
ice.gov,United States,arrest,-110.965852,31.3360061,6/18/2025,1,Nogales Port of Entry,https://www.ice.gov/news/releases/ice-nogales-cbp-case-sends-phoenix-woman-over-8-years-prison-narcotics-trafficking,85621,"210 N Mariposa Rd, Nogales, AZ 85621, United States",AZ 85621,a13dc7a0-69dd-48bd-9bba-187ad2a46da0,"ICE Nogales, CBP case sends Phoenix woman to over 8 years in prison for narcotics trafficking, bankruptcy fraud",Santa Cruz County,"Betty Nora Anderson, 65, of Phoenix, previously pleaded guilty to Conspiracy to Distribute Fentanyl and Methamphetamine, Possession with Intent to Distribute Fentanyl, Possession with Intent to Distribute Methamphetamine, and Falsification of Records in a Bankruptcy Proceeding.","May 27, 2025"
ice.gov,United States,arrest,-95.24229729999999,29.5765154,6/18/2025,N/A,Unknown,https://www.ice.gov/news/releases/ice-arrests-convicted-rapist-after-local-jurisdiction-fails-honor-immigration,Unknown,"9223 Colt Canyon Ln, Houston, TX 77089, United States",TX 77089,ed0cca5f-9d3f-4c2b-bca8-fc85985167dc,ICE arrests convicted rapist after local jurisdiction fails to honor immigration detainer,Unknown,"Officers with ICE Baltimore arrested Alex Yonatan Flores-Arce, May 22 after the Howard County Detention Center failed to honor an ICE immigration detainer and released Flores back into the community on two separate occasions.","May 27, 2025"
ice.gov,United States,arrest,-71.3323382,41.9843206,6/18/2025,1,Unknown,https://www.ice.gov/news/releases/ice-boston-arrests-illegal-honduran-national-charged-child-trafficking-crimes-rhode,Unknown,"86 N Washington St, North Attleborough, MA 02760, United States",MA 02760,763dde00-011c-43ad-bafd-4c55b580b6d5,ICE Boston arrests illegal Honduran national charged with child trafficking crimes in Rhode Island,Unknown,"Officials with ICE Boston, DEA New England and ATF Boston arrested Vivian Gisselle Soriano-Neto in Providence March 11.","May 27, 2025"
ice.gov,USA,arrest,-71.0565364,42.3555076,6/18/2025,1,Boston,https://www.ice.gov/news/releases/ice-boston-removes-fugitive-convicted-armed-robbery-brazil,Unknown,"Boston, MA, USA",MA,f1c677d6-81f3-47a8-99f6-47474042e648,ICE Boston removes fugitive convicted of armed robbery in Brazil,Suffolk,Officers with ICE Boston removed Juliano Araujo Dos Santos Silva from the United States to Brazil March 27 and turned him over to Brazilian authorities.,"May 27, 2025"
ice.gov,USA,arrest,-110.9741769,32.2539787,6/18/2025,N/A,Tucson,https://www.ice.gov/news/releases/ice-multiagency-case-results-mexican-national-sentenced-88-months-prison-role-drug,Unknown,"Tucson, AZ, USA",AZ,46bf3d7f-dc91-4f1a-9a28-d759ca2a977c,"ICE, multiagency case results in Mexican national sentenced to 88 months in prison for role in drug conspiracy",Pima,"Following his prison term, German Montano-Peralta, 33, of Nacozari, Sonora, Mexico, will also be on three years of supervised release. Montano-Peralta previously pleaded guilty to conspiracy to distribute fentanyl and methamphetamine.","May 27, 2025"
ice.gov,Puerto Rico,arrest,-66.09867320000001,18.4010347,6/18/2025,6,local establishment in Puerto Rico,https://www.ice.gov/news/releases/ice-san-juan-arrests-6-illegal-aliens-local-establishment-puerto-rico,Unknown,"HC 6 Box 10484, Guaynabo, 00971, Puerto Rico",00971,a2817fa3-3c17-4d99-84a7-bfb1e1186054,ICE San Juan arrests 6 illegal aliens in local establishment in Puerto Rico,Unknown,The multiagency operation took place at a local establishment in Barrio Obrero where six Dominican nationals were arrested. All illegal aliens are in ICE custody pending removal.,"May 27, 2025"
ice.gov,United States,arrest,-95.24229729999999,29.5765154,6/18/2025,N/A,Unknown,https://www.ice.gov/news/releases/ice-investigation-results-former-child-family-services-caseworker-sentenced-prison,Unknown,"9223 Colt Canyon Ln, Houston, TX 77089, United States",TX 77089,30ab2504-b0cd-48a1-8e96-25599a605371,"ICE investigation results in former child, family services caseworker sentenced to prison for sexually abusing children",Unknown,"Trent Collier, 58, of Kearny, New Jersey, was sentenced May 22 at the U.S. District Court in Newark to 109 months for one count of possession of child pornography and one count for the transportation of child pornography.","May 27, 2025"
ice.gov,United States,arrest,-95.4213858,29.7251523,6/18/2025,15,Unknown,https://www.ice.gov/news/releases/15-suspected-gang-members-indicted-drug-trafficking-scheme,Unknown,"2715 Bissonnet St Ste 160, Houston, TX 77005, United States",TX 77005,7f0a0819-0f16-4f5b-838c-dca8cfea6103,15 suspected gang members indicted for drug trafficking scheme,Unknown,"Houston residents James Michael Brewer aka ‘Creeper’, 33, Jonathan Alvarado aka ‘Joker’, 28, Alexis Delgado aka ‘Chino’, 28, Hector Luis Lopez aka ‘Capulito’, 23, Kylie Rae Alvarado, 24, Ruby Mata, 31, Victor Norris Ellison, 35, Mexi Dyan Garcia aka ‘Mexi’, 31, and Jesus Gomez-Rodriguez aka ‘Jr.’, 33, made their initial appearances in the U.S. District Court for the Southern District of Texas May 22 when the indictment was unsealed.","May 27, 2025"
ice.gov,United States,arrest,-71.4110053,41.8262083,6/18/2025,8,U.S. District Court in Providence,https://www.ice.gov/news/releases/ice-investigation-leads-indictment-8-individuals-ties-china-transnational-elder-fraud,Unknown,"1 Exchange Ter, Providence, RI 02903, United States",RI 02903,f3b23785-e705-42c4-8d1b-f4eaa26546c4,ICE investigation leads to indictment of 8 individuals with ties to China in transnational elder fraud scheme,Providence County,A federal indictment returned in U.S. District Court in Providence charges eight individuals for their roles in orchestrating and executing an elaborate transnational fraud and money laundering scheme targeting elderly citizens in the United States and Canada.,"May 23, 2025"
ice.gov,United States,arrest,-106.4837667,31.7614281,6/18/2025,N/A,Unknown,https://www.ice.gov/news/releases/ero-el-paso-deportation-officers-turn-over-previously-removed-mexican-fugitive,Unknown,"601 Texas Ave Ste D, El Paso, TX 79901, United States",TX 79901,19404fc4-79e5-4c1b-bc6a-ddc3ccd4704b,ERO El Paso deportation officers turn over a previously removed Mexican fugitive to Mexican authorities,Unknown,"Miguel Sifuentes Jimenez, 36, was turned over to Mexican authorities on the top of the Stanton Street Bridge on the international boundary between the United States and Mexico.","May 23, 2025"
ice.gov,United States,arrest,-95.4243786,29.7356124,6/18/2025,1,ICE Houston,https://www.ice.gov/news/releases/ice-houston-deports-accused-murderer-mexico-who-has-been-run-20-years,Unknown,"3333 Eastside St, Houston, TX 77098, United States",TX 77098,ccb99504-791c-4e26-a344-75e0355f9d26,ICE Houston deports accused murderer to Mexico who has been on the run for 20 years,Harris County,"ICE deported Jesus Vazquez Daniel, a 59-year-old illegal alien and accused murderer, from the U.S. May 22.","May 23, 2025"
ice.gov,United States,arrest,-95.24229729999999,29.5765154,6/18/2025,N/A,Unknown,https://www.ice.gov/news/releases/ice-removes-child-rapist-illegal-alien-wanted-honduras,Unknown,"9223 Colt Canyon Ln, Houston, TX 77089, United States",TX 77089,a18396bd-b4ae-4228-a2f3-bf0a12fe29bc,"ICE removes child rapist, illegal alien wanted in Honduras",Unknown,"Felipe Nery Casco Murillo, first came to the attention of immigration authorities, May 13, 2023, when he applied for admission to the United States at the Hildago Port of Entry in Hidalgo, Texas.","May 23, 2025"
ice.gov,United States,policy,-99.5024751,27.5025919,6/18/2025,N/A,Laredo/Nuevo Laredo entry point,https://www.ice.gov/news/releases/ice-san-antonio-federal-partners-lead-treasury-sanctions-high-ranking-members-cartel,Unknown,"201-299 San Dario Ave, Laredo, TX 78040, United States",TX 78040,53185831-1d4d-4694-8c2e-f48dc0a7c6a2,"ICE San Antonio, federal partners lead to Treasury sanctions of high-ranking members of Cartel del Noreste, a foreign terrorist organization",Webb County,"The Department of the Treasury’s Office of Foreign Assets Control sanctioned two high-ranking members of the Mexico-based Cartel del Noreste, formerly known as Los Zetas, May 21. CDN, one of Mexico’s most violent drug trafficking organizations and a U.S.-designated Foreign Terrorist Organization, has significant influence over the border region, particularly near the Laredo/Nuevo Laredo entry point.","May 22, 2025"
ice.gov,USA,raid,-87.5442525,37.9772035,6/18/2025,N/A,southern Indiana,https://www.ice.gov/news/releases/ice-leads-joint-operation-southern-indiana,Unknown,"Southern Indiana, IN, USA",IN,88d9e494-d940-4a15-99e8-7515b1bf739a,ICE leads joint operation in southern Indiana,Unknown,"This operation underscores the effectiveness of interagency collaboration in addressing public safety threats. By combining investigative resources, intelligence sharing, and enforcement capabilities, federal agencies are better equipped to identify, locate, and apprehend aliens who pose risks to the community or have violated federal laws, including immigration statutes.","May 22, 2025"
ice.gov,USA,arrest,-77.0368707,38.9071923,6/18/2025,270,"Washington, DC",https://www.ice.gov/news/releases/ice-europol-law-enforcement-partners-dismantle-major-illicit-drug-networks-global,Unknown,"Washington, DC, USA",DC,67349d6f-b3a2-4bc5-9f0a-6394417eb980,"ICE, Europol, law enforcement partners, dismantle major illicit drug networks in global Darknet crackdown",Unknown,"The seizures, to which ICE Homeland Security Investigations significantly contributed, include more than $200 million in currency and digital assets, over two metric tons of drugs, comprised of 144 kilograms of fentanyl or fentanyl-laced narcotics, and over 180 firearms. In addition, the United States and international law enforcement partners made 270 arrests of dark web vendors, buyers, and administrators in Austria, Brazil, France, Germany, Netherlands, South Korea, Spain, Switzerland, United Kingdom, and the United States.","May 22, 2025"
ice.gov,USA,arrest,-74.0059728,40.7127753,6/18/2025,N/A,New York City,https://www.ice.gov/news/releases/ice-new-york-city-partners-arrest-illegal-alien-wanted-home-country-homicide,Unknown,"New York, NY, USA",NY,8046f5df-2721-4247-b544-74413cd9b4f1,"ICE New York City, partners arrest illegal alien wanted in home country for homicide",Unknown,"On May 19, ICE New York City arrested Marlon Josuel Cruz Fernandez, an illegal alien from the Dominican Republic wanted in his home country for homicide.","May 21, 2025"
ice.gov,USA,arrest,-71.0565364,42.3555076,6/18/2025,1,Boston,https://www.ice.gov/news/releases/ice-boston-arrests-dominican-fugitive-charged-firearms-drug-crimes-massachusetts,Unknown,"Boston, MA, USA",MA,ee655ba4-58ab-4436-8686-8b12c8e98cf4,"ICE Boston arrests Dominican fugitive charged with firearms, drug crimes in Massachusetts",Suffolk,Officers with ICE Boston and CBP Boston arrested Julio Soto-Heredia in Boston May 18.,"May 21, 2025"
ice.gov,United States,raid,-84.35375309999999,33.8148981,6/18/2025,N/A,Unknown,https://www.ice.gov/news/releases/ice-atlanta-worksite-enforcement-operation-results-illegal-alien-arrests-2,Unknown,"2196 Cheshire Bridge Rd NE, Atlanta, GA 30324, United States",GA 30324,9dba670f-0a7b-4ecc-9530-5182cae5f931,"ICE Atlanta worksite enforcement operation results in illegal alien arrests, 2 unaccompanied minors found",Unknown,"ICE HSI special agents found that the minors, both from Guatemala, had entered the United States in 2023 as unaccompanied children. Border Patrol transferred both UACs to the custody of the U.S. Department of Health and Human Services’ Office of Refugee Resettlement.","May 20, 2025"
ice.gov,USA,arrest,-118.242643,34.0549076,6/18/2025,13,Los Angeles,https://www.ice.gov/news/releases/ice-law-enforcement-partners-arrest-13-armenian-rival-members-associates-organized,Unknown,"Los Angeles, CA, USA",CA,9996c046-998c-4962-9750-797b2e68fa18,"ICE, law enforcement partners, arrest 13 Armenian rival members, associates of organized crime syndicates for alleged attempted murder, kidnapping and tens of millions in theft",Los Angeles County,"Among the defendants charged are Ara Artuni, 41, of Porter Ranch, California who is charged with attempted murder in aid of racketeering, and a rival, Robert Amiryan, 46, of Hollywood, California who is charged with kidnapping.","May 20, 2025"
ice.gov,United States,arrest,-95.24229729999999,29.5765154,6/18/2025,N/A,Unknown,https://www.ice.gov/news/releases/ice-san-antonio-announces-275-illegal-alien-arrests-during-joint-operation,Unknown,"9223 Colt Canyon Ln, Houston, TX 77089, United States",TX 77089,60128246-51e1-472a-8e60-36aebad3a6a0,ICE San Antonio announces 275 illegal alien arrests during joint operation,Unknown,"ICE arrested 275 illegal aliens, including 178 criminal aliens, during a seven-day operation focused on increasing public safety May 11-17.","May 20, 2025"
ice.gov,USA,arrest,-106.6391577,31.8559384,6/18/2025,1,Near Santa Teresa,https://www.ice.gov/news/releases/virginia-man-charged-conspiracy-smuggling-honduran-unaccompanied-alien-child,88008,"Santa Teresa, NM 88008, USA",NM 88008,fe8df60b-ae31-4d10-84ea-99c2b38a13d3,"Virginia man charged with conspiracy in smuggling of Honduran unaccompanied alien child following ICE Las Cruces, federal partner investigation",Doña Ana County,"Luis Alonso Argueta-Diaz, 35, was arrested May 19 in Virginia without incident.","May 20, 2025"
ice.gov,United States,arrest,-74.1278816,40.7175827,6/18/2025,1,Delaney Hall Detention Facility,https://www.ice.gov/news/releases/ice-newark-arrests-colombian-criminal-warrant-overseas-aggravated-theft,Unknown,"451 Doremus Ave, Newark, NJ 07105, United States",NJ 07105,f563fe7f-5b96-439e-b424-f1cab8f44d7d,ICE Newark arrests Colombian with criminal warrant overseas for aggravated theft,Essex,"ICE Newark arrested Ludwin Quintero-Rojas, 31, a Colombian national who has a criminal warrant in his home country for aggravated theft and attempted theft with injury. He also has a history of recent shoplifting arrests in the U.S. He is detained at Delaney Hall pending removal proceedings.","May 20, 2025"
ice.gov,United States,arrest,-95.24229729999999,29.5765154,6/18/2025,255,Unknown,https://www.ice.gov/news/releases/joint-operation-nabs-255-human-trafficking-sting-ice-lodges-30-detainers,Unknown,"9223 Colt Canyon Ln, Houston, TX 77089, United States",TX 77089,f9264f46-8db6-43d4-aacf-b058add6e30a,Joint operation nabs 255 in human trafficking sting; ICE lodges 30 detainers,Unknown,"These individuals — originally from Venezuela, Cuba, Honduras, Mexico, Haiti, Colombia, Guatemala, and Brazil — will be taken into ICE custody once their criminal cases are resolved. Their criminal charges range from solicitation of prostitution to soliciting a minor for sex.","May 20, 2025"
ice.gov,USA,arrest,-84.4210106,29.9849275,6/18/2025,21,"Bay, Leon County",https://www.ice.gov/news/releases/21-illegal-aliens-arrested-bay-leon-county-targeted-operation,Unknown,"Ochlockonee Bay, FL 32346, USA",FL 32346,488033b0-c36c-4deb-b7ab-2499afd9de0f,"21 illegal aliens arrested in Bay, Leon County targeted operation",Leon County,"The operation with BCSO, ICE Homeland Security Investigations Panama City, ICE Enforcement and Removal Operations Miami-Tallahassee field office, the U.S. Department of Justice, the FBI, the Drug Enforcement Administration, the Bureau of Alcohol, Tobacco, Firearms and Explosives, U.S. Citizenship and Immigration Services, the Panama City Beach Police Department, the Florida Highway Patrol, the Panama City Police Department, and the Florida Department of Law Enforcement, mainly targeted those who overstayed a visa. During the operation, 18 were arrested in Bay County, and three in Leon County, Florida. Those arrested were from India, Venezuela, Nicaragua, Mexico, Guatemala, and Jamaica. Most illegal aliens arrested overstayed temporary visas for tourism and recreation.","May 20, 2025"
ice.gov,United States,arrest,-78.90370500000002,42.9520191,6/18/2025,N/A,Unknown,https://www.ice.gov/news/releases/ice-buffalo-removes-previously-deported-child-sex-predator-home-country,Unknown,"44 Saratoga St, Buffalo, NY 14207, United States",NY 14207,5c3762cc-60aa-4c6e-a1e0-dafde0872a55,ICE Buffalo removes previously deported child sex predator to home country,Unknown,"ICE removed illegally present Salvadoran national Juan Velasquez from the United States to El Salvador May 15. Velasquez has been convicted of multiple felonies in New York, including rape and sexual abuse of a minor.","May 20, 2025"
ice.gov,United States,arrest,-87.69277869999999,41.9788905,6/18/2025,N/A,Unknown,https://www.ice.gov/news/releases/ice-chicago-captures-shooters-december-2024-mass-shooting-tied-tren-de-aragua-gang,Unknown,"5336 N Lincoln Ave, Chicago, IL 60625, United States",IL 60625,b2fd374e-f780-4703-8f3f-713dd4c086fd,ICE Chicago captures shooters in December 2024 mass shooting tied to Tren de Aragua gang,Cook,"One of the suspected shooters, Venezuelan national Ricardo Granadillo Padilla, 25, was arrested on Feb. 8 by ICE Homeland Security Investigations Chicago and Raleigh, ICE Enforcement and Removal Operations Raleigh, U.S Border Patrol Tactical Unit, the U.S. Marshals Service, and CBP Air and Marine Operations in Raleigh, North Carolina.","May 20, 2025"
ice.gov,United States,opinion,-89.9861189,47.9318158,6/18/2025,N/A,Unknown,https://www.ice.gov/news/releases/statement-ice-acting-director-todd-m-lyons-minnesota-gov-tim-walzs-anti-ice-comments,Unknown,"82 Irish Creek Rd, Hovland, MN 55606, United States",MN 55606,a0761f8a-0e25-427d-b634-a67927bf7c01,Statement by ICE Acting Director Todd M. Lyons on Minnesota Gov. Tim Walz’s anti-ICE comments,Unknown,"Assaults against ICE officers are up over 400% from this time period last year, and part of that is because politicians like Gov. Walz are careless with their politically motivated rhetoric.","May 20, 2025"
ice.gov,USA,arrest,-77.0368707,38.9071923,6/18/2025,1,"Washington, D.C.",https://www.ice.gov/news/releases/ice-washington-dc-arrests-illegal-guatemalan-gang-member-extensive-criminal-history,Unknown,"Washington, DC, USA",DC,2ef783b6-b12c-4b33-8184-65df661d3e8f,"ICE Washington, D.C. arrests illegal Guatemalan gang member with extensive criminal history",Unknown,"Officers with ICE Washington, D.C. arrested Mykol Santos-Santos, 25, in Fairfax May 12, after the Fairfax County Adult Detention Center refused to honor ICE’s 16th immigration detainer lodged against him.","May 19, 2025"
ice.gov,United States,arrest,-99.5070951,27.5773594,6/18/2025,N/A,Mines Road area,https://www.ice.gov/news/releases/tango-blast-gang-members-sentenced-after-leading-law-enforcement-multiple-vehicle,Unknown,"8111 Mines Rd, Laredo, TX 78045, United States",TX 78045,52209129-bde3-4609-af81-55f7d36407de,"Tango Blast gang members sentenced after leading law enforcement on multiple vehicle pursuits during smuggling attempts following ICE Laredo, federal partners investigation",Webb County,"Two members of the Tango Blast gang identified as Juan Miguel Regalado, 28, and Samuel Grajeda Jr., 21, were sentenced May 15 after being convicted of conspiracy to transport undocumented immigrants, following an investigation by U.S. Immigration and Customs Enforcement, U.S. Border Patrol’s Laredo Sector and the Texas Department of Public Safety.","May 19, 2025"
ice.gov,United States,arrest,-95.24229729999999,29.5765154,6/18/2025,N/A,Unknown,https://www.ice.gov/news/releases/ice-rgv-federal-partner-investigation-results-sentencing-mexican-illegal-alien,Unknown,"9223 Colt Canyon Ln, Houston, TX 77089, United States",TX 77089,d63c59bf-8a25-412a-9d54-1fe617a4fc44,"ICE RGV, federal partner investigation results in the sentencing of a Mexican illegal alien for possession of sexually explicit images and videos of children",Unknown,"Felix Raymundo Mora-Gonzalez, 47, was sentenced by U.S. District Judge Rolando Olvera to 70 months in federal prison. He was further ordered to pay $13,000 in restitution to the known victims and will serve 25 years on supervised release following the completion of his prison term.","May 19, 2025"
ice.gov,USA,arrest,-71.414199,41.8245558,6/18/2025,1,Providence,https://www.ice.gov/news/releases/ice-arrests-illegally-present-guatemalan-national-assaulting-federal-agent,Unknown,"Providence, RI, USA",RI,50a4ad18-2ade-47ff-91e9-285c8ed05ad9,ICE arrests illegally present Guatemalan national for assaulting a federal agent,Providence County,"It is alleged that on April 30, Miguel Tamup-Tamup, aka Miguel Us-Tamup, 28, struggled with an ICE ERO officer and ICE HSI special agents as they attempted to apprehend him for being illegally present in the United States as authorized by a warrant for arrest of alien and an HSI special agent suffered serious injury.","May 19, 2025"
ice.gov,United States,arrest,-71.2173586,42.1776744,6/18/2025,1,Unknown,https://www.ice.gov/news/releases/ice-arrests-brazilian-alien-charged-sex-crimes-against-massachusetts-resident,Unknown,"61 Endicott St Building #26, Norwood, MA 02062, United States",MA 02062,884d0293-ce65-43c0-81e6-e23225c9349c,ICE arrests Brazilian alien charged with sex crimes against Massachusetts resident,Unknown,"ICE, in partnership with the FBI, DEA and ATFE, arrested illegally present Brazilian national Cristiano Schneider Capdevila Croxato during a traffic stop in Fall River April 8.","May 19, 2025"
ice.gov,United States,arrest,-72.7804495,41.6646721,6/18/2025,N/A,Unknown,https://www.ice.gov/news/releases/ice-arrests-honduran-alien-charged-multiple-child-abuse-crimes-connecticut,Unknown,"18 Main St, New Britain, CT 06051, United States",CT 06051,7be1a5f3-55de-4620-8734-27cec8706d2e,ICE arrests Honduran alien charged with multiple child abuse crimes in Connecticut,Unknown,"ICE arrested Jorge Martinez Duenas, a 44-year-old illegal alien from Honduras charged with multiple crimes related to child endangerment and abuse, on March 3.","May 19, 2025"
ice.gov,USA,detention,-78.8788896,42.88690039999999,6/18/2025,2,Buffalo,https://www.ice.gov/news/releases/ice-buffalo-removes-2-criminal-illegal-aliens-and-foreign-fugitives-wanted-felonies,Unknown,"Buffalo, NY, USA",NY,d9930134-3295-4bab-9e33-855edf9a99d1,ICE Buffalo removes 2 criminal illegal aliens and foreign fugitives wanted for felonies in home country to Guatemala,Erie,Both aliens were turned over to the legal authorities upon arrival in Guatemala.,"May 19, 2025"
ice.gov,United States,raid,-71.3324501,42.6548616,6/18/2025,11,staging area for a Massachusetts-based roofing business,https://www.ice.gov/news/releases/ice-arrests-11-illegal-aliens-during-lowell-worksite-enforcement-operation,Unknown,"170 Mt Hope St, Lowell, MA 01854, United States",MA 01854,60f93ac6-952e-4b7a-945f-f328976fe063,ICE arrests 11 illegal aliens during Lowell worksite enforcement operation,Unknown,"After interviews and records checks, 11 individuals were arrested for being illegally present in the United States. The individuals arrested are all Ecuadorian citizens.","May 19, 2025"
ice.gov,USA,arrest,-117.1610838,32.715738,6/18/2025,1,San Diego,https://www.ice.gov/news/releases/ice-san-diego-arrests-previously-removed-mexican-national-criminal-history,Unknown,"San Diego, CA, USA",CA,71aa0608-ee8f-4d25-a310-e9081d913089,ICE San Diego arrests previously removed Mexican national with criminal history,San Diego County,"On May 15, during enforcement operations, ERO San Diego arrested Jesus Bahena, a 49-year-old Mexican citizen. Bahena’s criminal history includes convictions for aggravated assault with a deadly weapon, obstructing law enforcement, and dissuading a witness.","May 19, 2025"
ice.gov,United States,arrest,-97.74815989999999,30.2682698,6/18/2025,N/A,Western District of Texas,https://www.ice.gov/news/releases/ice-joint-partner-investigation-results-illegal-alien-alleged-human-smuggler-mexico,Unknown,"District Clerk's Office, 501 W 5th St STE 1100, Austin, TX 78701, United States",TX 78701,3f3d47f5-3250-468e-8c67-4108ab963e14,"ICE, joint partner investigation results in illegal alien, alleged human smuggler from Mexico indictment for first material support of terrorism charges against CJNG member",Unknown,"According to court documents, Maria Del Rosario Navarro-Sanchez, 39, of Mexico, conspired with others to provide and did attempt to provide grenades to CJNG, a designated foreign terrorist organization. Co-defendant Luis Carlos Davalos-Lopez, 27, of Mexico, is charged with conspiracy to smuggle illegal aliens into and transport aliens in the United States, straw purchasing and firearms trafficking. Co-defendant Gustavo Castro-Medina, 28, of Mexico, is charged with straw purchasing and firearms trafficking, conspiracy to possess a controlled substance with intent to distribute, and possession of a controlled substance with intent to distribute.","May 16, 2025"
ice.gov,USA,arrest,-118.242643,34.0549076,6/18/2025,2,Los Angeles,https://www.ice.gov/news/releases/ice-los-angeles-arrests-2-individuals-interfering-law-enforcement-operations,Unknown,"Los Angeles, CA, USA",CA,699e8612-1d5e-473c-9df1-fae2317cd297,ICE Los Angeles arrests 2 individuals for interfering in law enforcement operations,Los Angeles County,"Gustavo Torres, 28, and Kiara Jaime-Flores, 34, both from Los Angeles, were arrested for conspiracy to impede or injure a federal officer.","May 16, 2025"
ice.gov,USA,arrest,-74.0059728,40.7127753,6/18/2025,1,New York City,https://www.ice.gov/news/releases/ice-new-york-city-arrests-previously-deported-illegal-alien-convicted-sex-abuse-minor,Unknown,"New York, NY, USA",NY,245e6da8-3870-4fd4-8f33-20010b2b0ee4,ICE New York City arrests previously deported illegal alien convicted sex abuse of a minor,Unknown,"ICE New York City arrested Jeremias Benites Vasquez, a 39-year-old citizen of El Salvador, during a targeted enforcement operation May 14 in Brentwood, New York.","May 16, 2025"
ice.gov,USA,arrest,-74.0059728,40.7127753,6/18/2025,1,New York City,https://www.ice.gov/news/releases/ice-new-york-city-arrests-venezuelan-alien-member-south-american-theft-group,Unknown,"New York, NY, USA",NY,14336ce2-c6fe-4c15-8480-cc2a8816670b,"ICE New York City arrests Venezuelan alien, member of South American theft group",Unknown,"ICE New York City and its federal partners arrested Venezuelan national Edison Guillermo Pinto-Padron, a 26-year-old criminal alien and member of a transnational organized criminal enterprise known as a South American theft group May 14.","May 16, 2025"
ice.gov,United States,detention,-71.2173586,42.1776744,6/18/2025,1,Unknown,https://www.ice.gov/news/releases/ice-boston-removes-colombian-alien-charged-assault-during-home-invasion-violating,Unknown,"61 Endicott St Building #26, Norwood, MA 02062, United States",MA 02062,5f118ca8-56d7-4990-aa2a-e653e5de9204,"ICE Boston removes Colombian alien charged with assault during home invasion, violating protective order",Unknown,"Officers with ICE Boston removed Kevin Esneider Garcia-Rojas, 26, from the United States to Colombia April 24.","May 16, 2025"
ice.gov,USA,raid,-99.5075519,27.5035613,6/18/2025,31,Laredo,https://www.ice.gov/news/releases/ice-laredo-federal-partners-arrest-31-illegal-aliens-during-1-day-targeted-worksite,Unknown,"Laredo, TX, USA",TX,e868c495-a0a1-496e-8923-99c22089b408,"ICE Laredo, federal partners arrest 31 illegal aliens during a 1-day targeted worksite enforcement operation",Webb County,"During the operation, ICE Homeland Security Investigations conducted records checks and found that several of those arrested had prior criminal convictions. Offenses included aggravated criminal sexual assault, bodily harm, possession of a controlled substance, probation violations, evading arrest, transporting noncitizens, domestic violence/strangulation, terroristic threats against family or household members, possession of prohibited weapons in a weapons-free zone, unauthorized use of a vehicle, and evading arrest or detention in the United States.","May 16, 2025"
ice.gov,United States,arrest,-112.485606,40.6026776,6/18/2025,19,Unknown,https://www.ice.gov/news/releases/ice-utah-search-warrant-results-19-arrested,Unknown,"107 UT-138, Grantsville, UT 84029, United States",UT 84029,868c1078-fe5f-470a-b439-25d61a56dd78,ICE Utah search warrant results in 19 arrested,Unknown,"ICE, in a joint operation with Washington City Police Department, served a Utah state search warrant May 14 for possession of false documents and illegal drugs at a collection of residences in Washington City.","May 15, 2025"
ice.gov,United States,arrest,-95.24229729999999,29.5765154,6/18/2025,N/A,Unknown,https://www.ice.gov/news/releases/ice-makes-significant-arrest-previously-removed-ms-13-gang-member,Unknown,"9223 Colt Canyon Ln, Houston, TX 77089, United States",TX 77089,3cd777e1-681a-4300-8485-49bdba6db33c,ICE makes significant arrest of previously removed MS-13 gang member,Unknown,"ICE arrested 26-year-old illegal Salvadoran national Nelson Vladimir Amaya-Benitez May 12, in Gaithersburg. Amaya is a validated MS-13 gang member and has been convicted of second-degree malicious burning, rogue and vagabond, and possession of marijuana.","May 15, 2025"
ice.gov,United States,arrest,-106.3532621,31.7597175,6/18/2025,N/A,El Paso home,https://www.ice.gov/news/releases/former-el-paso-us-army-soldier-charged-child-pornography-offenses,Unknown,"1120 McRae Blvd, El Paso, TX 79925, United States",TX 79925,b6e8def7-04e3-4449-9daf-6af5add3a6d0,Former El Paso US Army soldier charged with child pornography offenses,El Paso County,"A federal grand jury returned an indictment May 14 charging Seth Herrera, 35, a U.S. Army soldier, previously of El Paso, Texas, with attempted sexual exploitation of a child and receiving files depicting child sexual abuse.","May 15, 2025"
ice.gov,United States,arrest,-78.90370500000002,42.9520191,6/18/2025,N/A,Unknown,https://www.ice.gov/news/releases/ice-buffalo-arrests-british-national-significant-criminality-united-kingdom,Unknown,"44 Saratoga St, Buffalo, NY 14207, United States",NY 14207,3b97f9ca-59ef-4577-a834-4bfa1770f743,ICE Buffalo arrests British national with significant criminality in the United Kingdom,Unknown,"ICE Buffalo officers apprehended Orlando Duncan Da Silva Bain during a targeted enforcement operation May 7 in Niagara Falls, New York.","May 15, 2025"
ice.gov,United States,detention,-71.2173586,42.1776744,6/18/2025,1,Unknown,https://www.ice.gov/news/releases/ice-boston-removes-dominican-national-charged-larceny-drug-crimes-massachusetts,Unknown,"61 Endicott St Building #26, Norwood, MA 02062, United States",MA 02062,f0e15f4b-c976-43c3-804a-e4fe43c13db8,"ICE Boston removes Dominican national charged with larceny, drug crimes in Massachusetts",Unknown,Officers with ICE Boston removed Alixon Romero-Roa from the United States to the Dominican Republic April 8.,"May 15, 2025"
ice.gov,USA,policy,-71.0565364,42.3555076,6/18/2025,N/A,Boston,https://www.ice.gov/news/releases/ice-acting-director-todd-m-lyons-statement-regarding-us-attorneys-support,Unknown,"Boston, MA, USA",MA,7386fbd3-05f4-492c-9e52-482e271d105c,ICE acting Director Todd M. Lyons’ statement regarding US attorney’s support in Massachusetts,Suffolk,Obstructing federal law enforcement officers in the performance of their duties is a crime that jeopardizes public safety and national security.,"May 15, 2025"
ice.gov,United States,arrest,-95.24229729999999,29.5765154,6/18/2025,N/A,Unknown,https://www.ice.gov/news/releases/mexican-national-and-convicted-child-molester-sentenced-immigration-fraud,Unknown,"9223 Colt Canyon Ln, Houston, TX 77089, United States",TX 77089,ff29adba-f3c8-4d4e-bc52-51118b1bd50b,Mexican national and convicted child molester sentenced for immigration fraud,Unknown,"On May 6, Marcelo Soto-Luna, a Mexican citizen and convicted child molester, was sentenced to seven months in prison for immigration fraud.","May 15, 2025"
ice.gov,United States,arrest,-71.0096136,42.365602,6/18/2025,1,Logan International Airport,https://www.ice.gov/news/releases/ice-arrests-russian-national-smuggling-biological-material-boston,02128,"East Boston, MA 02128, United States",MA 02128,01c69eb2-ce6c-40cc-b7ae-794c266edc03,ICE arrests Russian national smuggling biological material into Boston,Suffolk,"Kseniia Petrova, 31, a Russian citizen, was charged by criminal complaint with one count of smuggling goods into the United States. Petrova was taken into immigration custody on Feb. 16, 2025, and arrested May 14 by ICE Homeland Security Investigations special agents on the criminal charge.","May 15, 2025"
ice.gov,United States,arrest,-95.6539595,30.1311803,6/18/2025,4,Rio Grande Valley,https://www.ice.gov/news/releases/ice-rio-grande-valley-federal-partners-investigation-results-4-mexican-fishermen,Unknown,"Meadowood, TX 77355, United States",TX 77355,d4900e15-e657-4f5a-a8c6-d8636cb786fe,"ICE Rio Grande Valley, federal partners investigation results in 4 Mexican fishermen indicted for illegal red snapper harvesting in US waters",Unknown,"Miguel Angel Ramirez-Vidal, 32; Jesus David Luna-Marquez, 20; Jesus Roberto Morales-Amador, 27; and Jose Daniel Santiago-Mendoza, 22, arrested following the filing of a criminal complaint and are scheduled to appear for arraignment before U.S. Magistrate Judge Karen Betancourt at 1:45 p.m., May 22.","May 15, 2025"
ice.gov,United States,raid,-82.72414239999999,27.8274458,6/18/2025,33,Unknown,https://www.ice.gov/news/releases/ice-tampa-conducts-worksite-enforcement-rapidly-expanding-community-arrests-33,Unknown,"6380 62nd Ave N, Pinellas Park, FL 33781, United States",FL 33781,4e81ebbf-25ef-4047-b1d1-382f4a84f2ea,"ICE Tampa conducts worksite enforcement at rapidly expanding community, arrests 33 illegal aliens",Unknown,"During the operation, more than 360 individuals were interviewed. As federal officers encountered construction workers, more than 30 could be seen fleeing from the construction sites.","May 14, 2025"
ice.gov,USA,arrest,-96.7025764,40.8136634,6/18/2025,3,"Lincoln, Nebraska",https://www.ice.gov/news/releases/illegal-alien-sentenced-prohibited-person-possession-firearm-following-ice-local-law,Unknown,"Lincoln, NE, USA",NE,8781d780-7ee7-4e4b-a4ab-c039a6c0a9be,"Illegal alien sentenced for prohibited person in possession of a firearm, following ICE, local law enforcement partner investigation",Lancaster County,"Michael Alexander Ayala-Ramirez, 20, an illegal alien from El Salvador, was sentenced on May 8, 2025, in federal court in Lincoln, Nebraska for one count of prohibited person in possession or a firearm or firearms.","May 14, 2025"
ice.gov,United States,arrest,-95.5653232,29.8545443,6/18/2025,N/A,Unknown,https://www.ice.gov/news/releases/ice-slcpd-investigation-sends-woman-prison-25-years-producing-child-exploitation,Unknown,"5829 W Sam Houston Pkwy N Suite 308, Houston, TX 77041, United States",TX 77041,c8b278eb-2c03-44f5-b964-f0d04d912dc4,"ICE, SLCPD investigation sends woman to prison for 25 years for producing child exploitation material involving toddler",Unknown,"Judge Sippel also ordered Raven Ainesis Pointer, 27, to pay $15,000 in restitution. After her release from prison, Pointer will be on supervised release for life.","May 14, 2025"
ice.gov,USA,arrest,-74.24071219999999,40.7683805,6/18/2025,2,"Orange, New Jersey",https://www.ice.gov/news/releases/ice-fbi-investigation-reveals-illegal-alien-guatemala-fraudulently-sponsored,Unknown,"City of Orange, NJ, USA",NJ,f0e46113-4bf9-40c6-a65e-1ed8477d18fb,"ICE, FBI investigation reveals illegal alien from Guatemala fraudulently sponsored unaccompanied alien children",Essex,"According to the criminal complaint, Luciano Tinuar Quino, also known as “Luciano Tinuar Guino,” 57, who illegally entered the United States in 2016 and previously resided in the area of Orange, New Jersey, submitted multiple applications to the Department of Health and Human Services’ Office of Refugee Resettlement under penalties of perjury to sponsor and obtain custody of two UACs.","May 14, 2025"
ice.gov,USA,arrest,-117.1610838,32.715738,6/18/2025,7,San Diego,https://www.ice.gov/news/releases/sinaloa-cartel-leaders-charged-narco-terrorism-material-support-terrorism-and-drug,Unknown,"San Diego, CA, USA",CA,7f7259b7-8ff6-4c54-ab87-7b09a3d0d3b8,"Sinaloa cartel leaders charged with narco-terrorism, material support of terrorism and drug trafficking in ICE, FBI investigation",San Diego County,"An indictment unsealed May 13 is the first in the nation to charge alleged leaders of the Sinaloa Cartel with narco-terrorism and material support of terrorism in connection with trafficking massive amounts of fentanyl, cocaine, methamphetamine and heroin into the United States.","May 14, 2025"
ice.gov,United States,arrest,-76.6186271,39.3196824,6/18/2025,N/A,Unknown,https://www.ice.gov/news/releases/ice-arrests-afghani-national-convicted-assault-maryland,Unknown,"2612 Maryland Ave Top Floor, Baltimore, MD 21218, United States",MD 21218,69e28d9d-ed2a-4530-bc22-fefd8da2f8bc,ICE arrests Afghani national convicted of assault in Maryland,Unknown,"ICE arrested 27-year-old Afghani national Javid Ahmadi May 13 in Elkridge, Maryland. Ahmadi has been convicted of second-degree assault.","May 14, 2025"
ice.gov,USA,arrest,-118.242643,34.0549076,6/18/2025,239,Los Angeles,https://www.ice.gov/news/releases/ice-los-angeles-announces-239-illegal-aliens-were-arrested-during-recent-operation,Unknown,"Los Angeles, CA, USA",CA,08ce0787-38b8-4d44-84a5-b9634d6381d1,ICE Los Angeles announces 239 illegal aliens were arrested during recent operation,Los Angeles County,"ICE ERO and interagency partners, identified, detained and removed dangerous criminals throughout Los Angeles and surrounding cities. Criminal aliens in the U.S. illegally should utilize the CBP Home app to self-deport and avoid arrest by ICE.","May 14, 2025"
ice.gov,United States,detention,-95.5653232,29.8545443,6/18/2025,N/A,Unknown,https://www.ice.gov/news/releases/ice-removes-chinese-national-convicted-photographing-military-installations,Unknown,"5829 W Sam Houston Pkwy N Suite 308, Houston, TX 77041, United States",TX 77041,0456c191-f993-4f71-a86d-dfc0cb27ad64,ICE removes Chinese national convicted of photographing military installations,Unknown,"ICE Philadelphia removed Fengyun Shi, a citizen of China with a final order of removal, to China on May 7. ICE’s Office of the Principal Legal Advisor designated Shi as a national security risk based on his conviction for use of an aircraft for the unlawful photographing of designated military installations.","May 14, 2025"
ice.gov,USA,detention,-75.1652215,39.9525839,6/18/2025,1,Philadelphia,https://www.ice.gov/news/releases/ice-philadelphia-removes-ecuadorian-citizen-wanted-rape,Unknown,"Philadelphia, PA, USA",PA,824d6845-119e-440d-95a1-24b9cb135219,ICE Philadelphia removes Ecuadorian citizen wanted for rape,Philadelphia County,"ICE Philadelphia removed Elvis Isaac Aguirre Yanez, a citizen of Ecuador with a final order of removal, to Ecuador on May 6. Aguirre, a foreign fugitive, was turned over to authorities in Ecuador to face charges for rape.","May 14, 2025"
ice.gov,United States,arrest,-95.5653232,29.8545443,6/18/2025,N/A,Unknown,https://www.ice.gov/news/releases/ice-arrests-sexual-predators-who-victimized-children-across-nation,Unknown,"5829 W Sam Houston Pkwy N Suite 308, Houston, TX 77041, United States",TX 77041,6a71e143-d207-4ecd-8baa-15f2b9609ea8,ICE arrests sexual predators who victimized children across the nation,Unknown,"ICE investigates and arrests those who violate U.S. immigration law, including dangerous criminal aliens who pose public safety and national security threats.","May 14, 2025"
ice.gov,USA,arrest,-111.8881397,40.7605601,6/18/2025,52,Salt Lake City,https://www.ice.gov/news/releases/ice-salt-lake-city-announces-52-illegal-aliens-were-arrested-during-recent-operation,Unknown,"Salt Lake City, UT, USA",UT,6567fb7e-259b-4209-9873-c622e7f32460,ICE Salt Lake City announces 52 illegal aliens were arrested during recent operation,Salt Lake County,U.S. Immigration and Customs Enforcement arrested 52 illegal aliens during a four-day operation from May 5 to May 8 focused on bolstering public safety in northern Nevada.,"May 13, 2025"
ice.gov,USA,raid,-99.9018131,43.9695148,6/18/2025,N/A,rural South Dakota,https://www.ice.gov/news/releases/ice-st-paul-targets-unauthorized-employment-arrests-illegal-aliens-rural-south-dakota,Unknown,"South Dakota, USA",Unknown,48fc36aa-bc9e-4478-8fd3-28b7951a45c6,"ICE St. Paul targets unauthorized employment, arrests illegal aliens in rural South Dakota",Unknown,"The multiagency investigation took place at Manitou Equipment America and Global Polymer Industries, resulting in a total of eight arrests. At Manitou, three illegal aliens, two from Nicaragua and one from El Salvador, were arrested. At Global, five illegal aliens, three from Nicaragua and two from Guatemala, were arrested. All eight individuals are currently being held by ICE pending removal proceedings.","May 13, 2025"
ice.gov,United States,arrest,-95.24229729999999,29.5765154,6/18/2025,N/A,Unknown,https://www.ice.gov/news/releases/us-army-specialist-puerto-rico-arrested-child-exploitation,Unknown,"9223 Colt Canyon Ln, Houston, TX 77089, United States",TX 77089,ba18d045-4084-46b0-8462-d0bafaa51187,US Army specialist from Puerto Rico arrested for child exploitation,Unknown,"A federal grand jury indicted Orengo Delgado May 7 with five counts for coercion and enticement of a minor, transportation of a minor to engage in criminal sexual activity, sexual exploitation of children, receipt of child exploitation material, and transfer of obscene material to a minor.","May 13, 2025"
ice.gov,USA,arrest,-95.37011079999999,29.7600771,6/18/2025,422,Houston,https://www.ice.gov/news/releases/ice-houston-arrests-422-illegal-aliens-deports-528-during-week-long-operation-aimed,Unknown,"Houston, TX, USA",TX,80beae90-50e1-44bd-8c90-06c014700eb5,"ICE Houston arrests 422 illegal aliens, deports 528 during week-long operation aimed at bolstering public safety",Harris,"ICE arrested 422 illegal aliens, including 296 criminal aliens, and deported 528 aliens during a seven-day operation from May 4 – May 10 focused on bolstering public safety in the Houston area.","May 13, 2025"
ice.gov,USA,arrest,-111.881234,31.9120215,6/18/2025,2,Near the Mexican border,https://www.ice.gov/news/releases/ice-arizona-case-sends-phoenix-man-52-months-prison-alien-smuggling-resulting-death,Unknown,"Sells, AZ 85634, USA",AZ 85634,f528db2c-e745-4e97-a5d1-a366e823fe4d,ICE Arizona case sends Phoenix man to 52 months in prison for alien smuggling resulting in death,Pima County,"Cesar Abraam Velasquez-Munoz, 20, of Peoria, previously pleaded guilty to conspiracy to transport illegal aliens for profit placing in jeopardy the life of any person and resulting in death.","May 13, 2025"
ice.gov,USA,arrest,-77.0368707,38.9071923,6/18/2025,200,"Washington, D.C.",https://www.ice.gov/news/releases/ice-law-enforcement-partners-arrest-almost-200-alien-offenders-during-4-day,Unknown,"Washington, DC, USA",DC,f5dd1d64-6d77-4b44-87e0-a7b420d75411,"ICE, law enforcement partners arrest almost 200 alien offenders during 4-day immigration enforcement operation in Washington, D.C.",Unknown,"ICE working with law enforcement partners apprehended 189 illegal aliens and served notices of inspection to 187 local businesses during an enhanced targeted immigration enforcement operation focusing on criminal alien offenders operating in and around Washington, D.C. May 6 to May 9.","May 13, 2025"
ice.gov,Puerto Rico,raid,-66.07026619999999,18.4564858,6/18/2025,53,local San Juan hotel construction worksite,https://www.ice.gov/news/releases/ice-arrests-53-illegal-aliens-local-san-juan-hotel-construction-worksite,Unknown,"1309 Ashford Ave, San Juan, 00907, Puerto Rico",00907,1668fa03-6564-4307-82b9-0c10e5f3f7a7,ICE arrests 53 illegal aliens at local San Juan hotel construction worksite,Unknown,Fifty-three Dominican nationals were arrested including seven females during the multiagency operation that took place at the La Concha Renaissance San Juan Resort hotel construction worksite.,"May 13, 2025"
ice.gov,USA,raid,-86.7816016,36.1626638,6/18/2025,N/A,Nashville area,https://www.ice.gov/news/releases/ice-announces-results-targeted-enforcement-operation-nashville-area,Unknown,"Nashville, TN, USA",TN,62aca444-4630-4130-a5b4-785009a2ace9,ICE announces results of targeted enforcement operation in Nashville area,Unknown,"The operation, focused on identifying and apprehending removable aliens who pose a threat to public safety, was carried out across the greater Nashville area in coordination with Department of Homeland Security components, The Bureau of Alcohol Tobacco Firearms and Explosives, and the Tennessee Highway Patrol.","May 13, 2025"
ice.gov,USA,arrest,-78.8788896,42.88690039999999,6/18/2025,4,"Buffalo, N.Y.",https://www.ice.gov/news/releases/ice-leads-investigation-4-mexican-nationals-charged-international-smuggling,Unknown,"Buffalo, NY, USA",NY,29737ab1-8f56-468c-b67b-870075b42a6c,ICE leads investigation as 4 Mexican nationals charged in international smuggling conspiracy bringing migrants from Canada into the US,Erie,"Edgar Sanchez-Solis, 23, unlawfully residing in Kansas City, Kansas; Ignacio Diaz-Perez, 35, unlawfully residing in Oakwood, Georgia; Samuel Diaz-Perez, 26, unlawfully residing in Dublin, Ohio; and Salvador Diaz-Diaz, 32, unlawfully residing in Columbus, Ohio, were charged by indictment with conspiracy to bring aliens to the United States and 25 counts of bringing aliens illegally to the United States for profit.","May 12, 2025"
ice.gov,Philippines,arrest,121.0731061,14.620548,6/18/2025,2,Philippines,https://www.ice.gov/news/releases/ice-arrests-former-massachusetts-music-teacher-and-filipino-man-sexually-exploiting,Unknown,"3rd Floor, 226, Blue Ridge, Katipunan Ave, Project 4, Quezon City, 1109 Metro Manila, Philippines",1109 Metro Manila,f9681024-26d5-4780-8e79-5000e2dafb6d,ICE arrests former Massachusetts music teacher and Filipino man for sexually exploiting children,Unknown,"ICE HSI special agents arrested Joshua DeWitte, 50, of Cambridge on May 8 and Christopher Allan Tisoy, 27, a Filipino national residing in Baltimore, Maryland on May 7. Both were charged with one count each of sexual exploitation of minors, attempt, and conspiracy.","May 12, 2025"
ice.gov,United States,arrest,-95.24229729999999,29.5765154,6/18/2025,N/A,Unknown,https://www.ice.gov/news/releases/ice-makes-significant-arrest-ms-13-gang-member-wanted-home-country,Unknown,"9223 Colt Canyon Ln, Houston, TX 77089, United States",TX 77089,31038b8f-b285-45d4-9534-f3a1a678dbb5,ICE makes significant arrest of MS-13 gang member wanted in home country,Unknown,"U.S. Immigration and Customs Enforcement arrested 38-year-old criminal alien Joel Armando Mejia-Benitez, a Salvadoran national, May 5 in Silver Spring. Mejia is a validated MS-13 gang member and is wanted in his home country for firearms offenses.","May 9, 2025"
ice.gov,USA,arrest,-96.79698789999999,32.7766642,6/18/2025,1,Dallas,https://www.ice.gov/news/releases/ice-dallas-arrests-foreign-fugitive-wanted-his-home-country,Unknown,"Dallas, TX, USA",TX,0433e9ab-ffb1-497f-a123-81d253369257,ICE Dallas arrests foreign fugitive wanted in his home country,Dallas County,"U.S. Immigration and Customs Enforcement and the North Texas Organized Crime Drug Enforcement Task Force Strike Force arrested a foreign fugitive wanted by Venezuelan authorities for his direct involvement in the homicide of four individuals. Law enforcement officers from the DEA, the FBI, the U.S. Marshals Service and ICE Dallas apprehended Anthony Fabian Marin La Torre, 42, in Grapevine May 2.","May 9, 2025"
ice.gov,GA,detention,Unknown,Unknown,6/18/2025,1,Lowndes County Jail to Stewart Detention Center,https://www.ice.gov/news/releases/mexican-national-ice-custody-passes-away,Unknown,Unknown,Unknown,e7a940c8-f065-46f2-a55c-517728e4e67a,Mexican national in ICE custody passes away,Lowndes County,"ICE makes official notifications to Congress, nongovernmental organization stakeholders and the media upon an official report of a detained illegal alien’s death, and posts a news release with relevant details on the ICE public website within two business days per agency policy.","May 8, 2025"
ice.gov,United States,arrest,-95.410856,29.731972,6/18/2025,N/A,Unknown,https://www.ice.gov/news/releases/ice-removes-guatemalan-national-wanted-aggravated-sexual-assault-minor,Unknown,"3818 S Shepherd Dr, Houston, TX 77098, United States",TX 77098,fd9d6a46-50cc-4ba5-b878-74efcc5659d9,ICE removes Guatemalan national wanted aggravated sexual assault of a minor,Unknown,"ICE in Utah removed Sergio Orlando Monroy Rescinos, 37, an illegal alien from Guatemala, to his home country May 7 to face charges of aggravated sexual assault of a minor under 14 years of age.","May 8, 2025"
ice.gov,United States,arrest,-71.0908346,42.2840109,6/18/2025,N/A,Unknown,https://www.ice.gov/news/releases/ice-boston-federal-partners-arrest-fugitive-convicted-murder-brazil,Unknown,"723 Morton St, Mattapan, MA 02126, United States",MA 02126,7c326eb5-db7f-45f6-a5bd-b41a9ff14553,"ICE Boston, federal partners arrest fugitive convicted of murder in Brazil",Unknown,"Officers with ICE Boston and agents with FBI Boston arrested Fernando Antonio Vieira-Martins, 34, in Milford May 1.","May 8, 2025"
ice.gov,USA,arrest,-117.1610838,32.715738,6/18/2025,1,San Diego,https://www.ice.gov/news/releases/ice-san-diego-arrests-mexican-national-extensive-criminal-history-after-erroneous,Unknown,"San Diego, CA, USA",CA,47b9c890-895e-49fd-8361-2501627e35b0,ICE San Diego arrests Mexican national with extensive criminal history after erroneous release,San Diego County,"On May 7, Enforcement and Removal Operations San Diego arrested  Humberto Lopez,  50, a citizen of Mexico.","May 8, 2025"
ice.gov,United States,arrest,-117.2680718,32.9607776,6/18/2025,5,Del Mar beach,https://www.ice.gov/news/releases/ice-multiagency-taskforce-investigation-results-5-illegal-aliens-charged-human,Unknown,"Powerhouse Park, 1658 Coast Blvd, Del Mar, CA 92014, United States",CA 92014,4547575d-888d-4b4b-b02a-bc5a0032a382,"ICE, multiagency taskforce investigation results in 5 illegal aliens charged in human smuggling event leaving at least 3 dead",San Diego County,"Mexican nationals Julio Cesar Zuniga Luna, 30, and Jesus Juan Rodriguez Leyva, 36, believed to be involved in the smuggling event were taken into custody at the time of the incident. They have been charged with bringing in aliens resulting in death and bringing in aliens for financial gain.","May 7, 2025"
ice.gov,United States,arrest,-114.7822142,32.4854031,6/18/2025,1,Port of Entry in San Luis,https://www.ice.gov/news/releases/ice-yuma-case-results-mexican-national-charged-possession-child-pornography-while,85349,"431 Main St, San Luis, AZ 85349, United States",AZ 85349,1e2c7299-6004-40f6-83ef-1dc30f874dea,ICE Yuma case results in Mexican national charged with possession of child pornography while attempting to enter the US,Yuma County,"Alan Xavier Cabrera, 27, of Mexico, was arrested April 25, and charged by criminal complaint for possession of child pornography. U.S. Immigration and Customs Enforcement is investigating this case.","May 7, 2025"
ice.gov,United States,arrest,-95.410856,29.731972,6/18/2025,N/A,Unknown,https://www.ice.gov/news/releases/cameroonian-citizen-believed-be-living-canada-wanted-elder-fraud-money-laundering,Unknown,"3818 S Shepherd Dr, Houston, TX 77098, United States",TX 77098,22efb0a6-c54f-48b8-8bb6-86ff5265d4ff,"Cameroonian citizen believed to be living in Canada is wanted for elder fraud, money laundering abusing the asylum system",Unknown,"Leslie Kibula Bongajum, 34, is charged with one count of conspiracy to commit money laundering and faces a maximum of 20 years in federal prison if convicted.","May 7, 2025"
ice.gov,USA,arrest,-116.9625269,32.7947731,6/18/2025,2,El Cajon,https://www.ice.gov/news/releases/ice-san-diego-multiagency-case-results-guilty-conviction-would-be-sex-trafficker,Unknown,"El Cajon, CA, USA",CA,5c02bc07-cc02-484a-8030-5c796a80e391,"ICE San Diego, multiagency case results in guilty conviction for would-be sex trafficker attempting to entice, coerce child and adult into prostitution",San Diego County,"Steven Terrell Lewis, 39, of El Cajon, was convicted by a federal jury May 6 for attempted coercion and enticement of a 14-year-old high school student and attempted sex trafficking by force or coercion of a 22-year-old woman. U.S. Immigration and Customs Enforcement, the San Diego Human Trafficking Task Force, the National City Police Department, the El Cajon Police Department, the San Diego Sheriff’s Office and the San Diego District Attorney’s Office are investigating this case.","May 7, 2025"
ice.gov,USA,arrest,-118.242643,34.0549076,6/18/2025,3,Los Angeles,https://www.ice.gov/news/releases/ice-multiagency-case-dismantles-active-identity-theft-mill-organized-retail-scheme,Unknown,"Los Angeles, CA, USA",CA,1b8e334b-33ff-4de2-aa64-9414a25e0964,"ICE, multiagency case dismantles active identity of theft mill, organized retail scheme spanning 7 California counties",Los Angeles County,"The scheme involved suspects applying for store credit cards using stolen identities, then using those credit lines to purchase merchandise with no intention to pay them back. The scheme was carried out in Los Angeles, Orange, San Bernardino, Riverside, Alameda, San Mateo, and Santa Clara Counties.","May 7, 2025"
ice.gov,USA,arrest,-110.9741769,32.2539787,6/18/2025,N/A,Tucson,https://www.ice.gov/news/releases/ice-arizona-multiagency-case-sends-nigerian-national-prison-international-fraud,Unknown,"Tucson, AZ, USA",AZ,1423bd14-9288-4610-a9b8-f4399c6e5543,"ICE Arizona, multiagency case sends Nigerian national to prison for international fraud scheme that defrauded elderly US victims",Pima,"According to court documents, Okezie Bonaventure Ogbata, 36, was a member of a group of fraudsters that sent personalized letters to elderly victims in the United States over the course of several years.","May 7, 2025"
ice.gov,United States,arrest,-71.2173586,42.1776744,6/18/2025,1,Unknown,https://www.ice.gov/news/releases/ice-federal-partners-arrest-illegal-dominican-national-charged-armed-robbery,Unknown,"61 Endicott St Building #26, Norwood, MA 02062, United States",MA 02062,55b9a657-3ea8-46aa-af0b-05ae628d1601,"ICE, federal partners arrest illegal Dominican national charged with armed robbery in Massachusetts",Unknown,"Officers with ICE Boston and agents with DEA New England and ATF Boston arrested Emerson Esteban Arias-Polanco, 27, in Boston March 20.","May 7, 2025"
ice.gov,USA,policy,-110.9342532,31.3403775,6/18/2025,N/A,Nogales,https://www.ice.gov/news/releases/ice-cbp-atf-usao-announce-outbound-weapons-interdiction-achievements,Unknown,"Nogales, AZ 85621, USA",AZ 85621,9d57f910-538e-4e5d-b646-d074520c7068,"ICE, CBP, ATF, USAO announce outbound weapons interdiction achievements",Santa Cruz County,"Such examinations have successfully stopped child abduction, interdicted criminals fleeing prosecution, interdicted illegal contraband such as controlled substances, precursor drugs, and arms, and uncovered myriad other violations involving currency reporting requirements, stolen vehicles, trade, and immigration.","May 7, 2025"
ice.gov,United States,other,-95.24229729999999,29.5765154,6/18/2025,N/A,Unknown,https://www.ice.gov/news/releases/ice-international-law-enforcement-partners-conduct-tradewinds-2025-trinidad-and,Unknown,"9223 Colt Canyon Ln, Houston, TX 77089, United States",TX 77089,95095f56-e546-401e-9eb8-17559f628263,"ICE, international law enforcement partners, conduct TRADEWINDS 2025 in Trinidad and Tobago",Unknown,"On April 29, ICE joined more than 1,000 service members, law enforcement professionals, government officials, and participants from 26 allied and partner nations gathered in Trinidad and Tobago to officially launch TRADEWINDS 2025 — a multinational, multi-domain exercise sponsored by U.S. Southern Command and led by U.S. Army South.","May 6, 2025"
ice.gov,United States,arrest,-71.2173586,42.1776744,6/18/2025,1,Unknown,https://www.ice.gov/news/releases/ice-arrests-illegal-guatemalan-alien-charged-sex-crime-against-massachusetts-child,Unknown,"61 Endicott St Building #26, Norwood, MA 02062, United States",MA 02062,20d2aad2-b76f-4d02-888d-14c95d1f2b6e,ICE arrests illegal Guatemalan alien charged with sex crime against Massachusetts child,Unknown,"Officers with ICE Boston took custody of Juan Rene Barcenes-Velasquez, 56, when officers from the Worcester District Court turned him over to ICE March 31.","May 6, 2025"
ice.gov,USA,arrest,-77.0368707,38.9071923,6/18/2025,1,"Washington, D.C.",https://www.ice.gov/news/releases/ice-washington-dc-arrests-honduran-alien-after-prosecutor-drops-home-invasion,Unknown,"Washington, DC, USA",DC,83ec12ec-fe7a-428e-a1f6-ac59352b1cf5,"ICE Washington, D.C. arrests Honduran alien after prosecutor drops home invasion, abduction charges",Unknown,"ICE arrested an illegally present Honduran national after local authorities dropped his charges for abduction of a person with intent to defile and burglary: entering a house to murder, rape, etc. Officers with ICE Washington, D.C. arrested Hyrum Baquedano-Rodriguez, 26, in Fairfax, Virginia, May 2.","May 5, 2025"
ice.gov,USA,arrest,-118.242643,34.0549076,6/18/2025,9,Los Angeles,https://www.ice.gov/news/releases/ice-law-enforcement-partners-arrest-8-illegal-aliens-1-american-during-large-scale,Unknown,"Los Angeles, CA, USA",CA,65595545-2487-45fe-9115-fffd5060b836,"ICE, law enforcement partners arrest 8 illegal aliens, 1 American during large-scale EBT benefit fraud operation",Los Angeles County,"U.S. Immigration and Customs Enforcement, in coordination with the U.S. Secret Service and other federal, state and local partners, carried out a large-scale enforcement and interdiction operation targeting high-traffic ATM locations known for rampant fraudulent electronic benefit transfer card activity May 1 and 2.","May 5, 2025"
ice.gov,USA,arrest,-114.6276916,32.6926512,6/18/2025,1,Yuma,https://www.ice.gov/news/releases/ice-prevents-uac-smuggling-incident-arizona,Unknown,"Yuma, AZ, USA",AZ,be9d6b2f-ff14-4f9e-8383-ad6ac84381ac,ICE prevents UAC smuggling incident in Arizona,Yuma County,U.S. Immigration and Customs Enforcement and U.S. Customs and Border Protection thwarted an attempted smuggling incident with an unaccompanied alien child in Yuma April 29. U.S. border officials apprehended a woman attempting to smuggle a 5-year-old boy — identified as “John Doe” in the legal complaint — after the child’s mother allegedly paid a smuggler to transport him illegally into the United States.,"May 5, 2025"
ice.gov,United States,raid,-89.13738169999999,30.3532221,6/18/2025,N/A,Southern Mississippi,https://www.ice.gov/news/releases/ice-hsi-gulfport-partners-investigate-illegal-immigration-cockfighting-operations,Unknown,"730 E Beach Blvd, Long Beach, MS 39560, United States",MS 39560,c00066fc-5da9-4e90-bf98-79a53fbeeb84,"ICE HSI Gulfport, partners, investigate illegal immigration, cockfighting operations",Harrison County,"U.S. Immigration and Customs Enforcement, jointly with the U.S. Department of Agriculture and other partners, executed search warrants involving illegal immigration, cockfighting and other criminal activity in Southern Mississippi May 3.","May 5, 2025"
ice.gov,USA,arrest,-95.37011079999999,29.7600771,6/18/2025,2,Houston,https://www.ice.gov/news/releases/eighth-co-conspirator-convicted-role-botched-human-smuggling-attempt-resulted-2,Unknown,"Houston, TX, USA",TX,ee6bba09-de9c-4689-b4a1-faebf971bdc9,Eighth co-conspirator convicted for role in botched human smuggling attempt that resulted in 2 aliens being shot,Harris,"Mailon Almendares-Martinez, a 21-year-old resident of New Orleans, was convicted of conspiracy to transport illegal aliens April 30 for his role in a botched human smuggling attempt that resulted in two of the aliens being shot by suspected rival smugglers.","May 5, 2025"
ice.gov,USA,arrest,-112.0776781,33.4482266,6/18/2025,N/A,Phoenix,https://www.ice.gov/news/releases/ice-phoenix-arrests-guatemalan-criminal-alien-wanted-authorities-new-mexico-sex,Unknown,"Phoenix, AZ, USA",AZ,168dc93e-262c-4f20-bd21-e034e4641c21,ICE Phoenix arrests Guatemalan criminal alien wanted by authorities in New Mexico on a sex-related offense against a child,Maricopa,"ICE Phoenix officers and agents arrested criminal alien Francisco Alexander Pablo-Antonio, 23, on May 2, following a routine vehicle stop.","May 5, 2025"
ice.gov,USA,arrest,-74.0059728,40.7127753,6/18/2025,1,New York City,https://www.ice.gov/news/releases/ice-new-york-city-arrests-illegal-alien-who-facilitated-daughters-sexual-abuse,Unknown,"New York, NY, USA",NY,dd0d9a64-95db-44d5-86e4-fe37441b4e4f,ICE New York City arrests illegal alien who facilitated daughter’s sexual abuse,Unknown,"Marcia Lorena Bueno Guartatanga, arrested by ICE New York City May 1","May 5, 2025"
ice.gov,USA,detention,-75.1652215,39.9525839,6/18/2025,130,Philadelphia,https://www.ice.gov/news/releases/ice-philadelphia-supports-large-effort-remove-more-130-illegal-aliens-central-asia,Unknown,"Philadelphia, PA, USA",PA,c56267a8-5dfc-4394-80d0-d7d5912f7ff9,ICE Philadelphia supports large effort to remove more than 130 illegal aliens from central Asia,Philadelphia County,U.S. Immigration and Customs Enforcement Philadelphia removed 90 Central Asian illegal aliens April 29 as part of a greater mission that ultimately involved more than 130 aliens.,"May 2, 2025"
ice.gov,USA,arrest,-74.0059728,40.7127753,6/18/2025,N/A,New York City,https://www.ice.gov/news/releases/ice-new-york-city-arrests-illegal-alien-charged-numerous-sex-crimes,Unknown,"New York, NY, USA",NY,f0af5a0b-be54-4199-81a8-11cfa6b2173d,ICE New York City arrests illegal alien charged with numerous sex crimes,Unknown,U.S. Immigration and Customs Enforcement arrested Uzbekistan national Ulugbek Davronov April 28.,"May 2, 2025"
ice.gov,USA,arrest,-77.04698619999999,38.8050552,6/18/2025,3,Northern Virginia,https://www.ice.gov/news/releases/ice-operation-northern-virginia-nets-3-alien-offenders,Unknown,"Northern Virginia, VA, USA",VA,f10eb5d1-5ce9-4c7c-aaf9-0b514d13a839,ICE operation in Northern Virginia nets 3 alien offenders,Unknown,"U.S. Immigration and Customs Enforcement, in partnership with the U.S. Drug Enforcement Administration; Bureau of Alcohol, Tobacco, Firearms and Explosives; and Department of Justice Diplomatic Security Service, arrested three illegal aliens during routine daily operations April 21 in Northern Virginia.","May 2, 2025"
ice.gov,United States,policy,-82.4450219,27.9503837,6/18/2025,N/A,Florida’s ports,https://www.ice.gov/news/releases/hsi-tampa-cbp-partnership-combats-threats-floridas-ports-strengthens-international,Unknown,"1101 Channelside Dr, Tampa, FL 33602, United States",FL 33602,4f5d9346-87a8-45d7-b651-949a0c3fb2b5,"HSI Tampa, CBP partnership combats threats at Florida’s ports, strengthens international trade",Unknown,"The in-residence partnership between HSI Tampa and TRA better positions trade enforcement resources and also enables more effective enforcement of the President’s Executive Orders and focus on international trade, Customs revenue, and economic security.","May 2, 2025"
ice.gov,USA,detention,-112.0776781,33.4482266,6/18/2025,1,Phoenix,https://www.ice.gov/news/releases/ice-phoenix-removes-mexican-fugitive-wanted-domestic-violence,Unknown,"Phoenix, AZ, USA",AZ,ec442c3a-d340-482f-9d55-31dd96b2e954,ICE Phoenix removes Mexican fugitive wanted for domestic violence,Maricopa,"ICE removed Roxana Juarez-Balbastro, a 31-year-old Mexican fugitive wanted in Mexico for domestic violence, April 29.","May 2, 2025"
ice.gov,USA,arrest,-71.0565364,42.3555076,6/18/2025,1,Boston,https://www.ice.gov/news/releases/ice-boston-arrests-criminal-alien-fugitive-convicted-homicide-firearms-crime-brazil,Unknown,"Boston, MA, USA",MA,ba84e3c7-4d08-4872-98db-9390453ffa41,"ICE Boston arrests criminal alien fugitive convicted of homicide, firearms crime in Brazil",Suffolk,"Officers from ICE Boston and agents from DEA New England arrested Jomar Henrique Souza-Santos, 33, in Marlboro March 20.","May 2, 2025"
ice.gov,United States,arrest,-74.2137587,40.80951779999999,6/18/2025,1,Unknown,https://www.ice.gov/news/releases/ice-ero-newark-arrests-illegally-present-venezuelan-wanted-overseas-homicide,Unknown,"24 Elm St, Montclair, NJ 07042, United States",NJ 07042,8aefd1e6-73e6-4b57-a5ad-3295a628cef0,ICE ERO Newark arrests illegally present Venezuelan wanted overseas for homicide,Unknown,"ICE ERO officers in Newark arrested Juan Luis Ramos Marin, 23, an illegal alien and Venezuelan fugitive wanted for homicide in his home country, in East Orange April 29.","May 2, 2025"
ice.gov,USA,arrest,-106.4850217,31.7618778,6/18/2025,N/A,El Paso,https://www.ice.gov/news/releases/el-paso-texas-man-pleads-guilty-alien-smuggling-money-laundering-conspiracies,Unknown,"El Paso, TX, USA",TX,581c4e21-110f-4353-9415-b339f634bb8c,"El Paso, Texas, man pleads guilty to alien smuggling, money laundering conspiracies",El Paso County,"According to court records, between July 7, 2022, and March 21, 2023, Jose Luis Avalos, 42, the leader of the organization and the final defendant to plead in the case, along with co-conspirators and his wife, Kristina Hardin, coordinated the illegal transportation and harboring of illegal aliens throughout New Mexico.","May 1, 2025"
ice.gov,United States,arrest,-80.08448109999999,26.9785226,6/18/2025,1120,Florida,https://www.ice.gov/news/releases/largest-joint-immigration-operation-florida-history-leads-1120-criminal-alien-arrests,Unknown,"574 S Beach Rd, Hobe Sound, FL 33455, United States",FL 33455,21f0ead0-25a5-46c4-bb0c-48303e21afb5,"Largest joint immigration operation in Florida history leads to 1,120 criminal alien arrests during weeklong operation",Unknown,"Arrests included 378 criminal illegal aliens with final orders of removal issued by an immigration judge. Officers arrested various violent offenders, gang members, sex offenders, fugitives from justice and those who pose significant public safety threats.","May 1, 2025"
ice.gov,United States,arrest,-76.6186271,39.3196824,6/18/2025,N/A,Unknown,https://www.ice.gov/news/releases/ice-investigation-leads-indictment-maryland-man-supporting-armed-separatist-groups,Unknown,"2612 Maryland Ave Top Floor, Baltimore, MD 21218, United States",MD 21218,e413be24-1936-46cb-b27d-6ceef96ab34a,ICE investigation leads to indictment of Maryland man for supporting armed separatist groups in Cameroon,Unknown,"An investigation conducted by ICE, along with the FBI and the Diplomatic Security Service led to the federal indictment of Cameroonian national, Eric Tano Tataw, 38, of Gaithersburg, Maryland.","May 1, 2025"
ice.gov,USA,arrest,-118.242643,34.0549076,6/18/2025,3,Los Angeles,https://www.ice.gov/news/releases/ice-los-angeles-multiagency-case-dismantles-identity-theft-mill-organized-retail,Unknown,"Los Angeles, CA, USA",CA,a07f02ff-9529-4b20-ab0a-ef75c80d7228,"ICE Los Angeles, multiagency case dismantles identity theft mill, organized retail scheme spanning 7 California counties",Los Angeles County,The scheme involved suspects applying for store credit cards using stolen identities and credit lines to purchase merchandise. T,"April 30, 2025"
ice.gov,United States,arrest,-95.40136319999999,29.7078111,6/18/2025,N/A,Southeast Texas,https://www.ice.gov/news/releases/southeast-texas-man-convicted-distributing-child-sexual-abuse-materials-following,Unknown,"6621 Fannin St, Houston, TX 77030, United States",TX 77030,1834113a-6657-4ae5-bcaf-6c799f980ad2,Southeast Texas man convicted of distributing child sexual abuse materials following multi-national investigation,Unknown,"Angel Valdez, a 19-year-old Corpus Christi resident, was convicted April 28 in the U.S. District Court for the Southern District of Texas of distributing child sexual abuse materials following a multi-national investigation conducted by U.S. Immigration and Customs Enforcement, the Corpus Christi Police Department, and law enforcement authorities in Australia.","April 30, 2025"
ice.gov,United States,detention,-95.24229729999999,29.5765154,6/18/2025,N/A,Unknown,https://www.ice.gov/news/releases/ice-removes-illegal-alien-child-sex-predator-mexico,Unknown,"9223 Colt Canyon Ln, Houston, TX 77089, United States",TX 77089,de282d7e-8d40-4e71-ba4d-63d510f9ef15,"ICE removes illegal alien, child sex predator to Mexico",Unknown,"ICE removed illegally present Mexican national Miguel Saldivar-Moran from the United States to Mexico, April 29. Saldivar has convictions for acting in a course of sexual conduct against a child and criminal sex act among other charges.","April 30, 2025"
ice.gov,United States,detention,-80.15101469999999,26.2772479,6/18/2025,1,Broward Transitional Center,https://www.ice.gov/news/releases/haitian-national-ice-custody-passes-away,33060,"3900 N Powerline Rd, Pompano Beach, FL 33073, United States",FL 33073,b904d493-153a-430f-bf0b-812e340f204b,Haitian national in ICE custody passes away,Broward,"Consistent with ICE policy, ERO Miami notified the U.S. Department of Homeland Security, the Office of Inspector General, and the ICE Office of Professional Responsibility via the Integrity Coordination Center.","April 29, 2025"
ice.gov,United States,arrest,-71.2173586,42.1776744,6/18/2025,N/A,Unknown,https://www.ice.gov/news/releases/ice-arrests-guatemalan-alien-convicted-multiple-crimes-massachusetts,Unknown,"61 Endicott St Building #26, Norwood, MA 02062, United States",MA 02062,1f425d7a-7329-4929-936f-0172fd297203,ICE arrests Guatemalan alien convicted of multiple crimes in Massachusetts,Unknown,"ICE Boston, FBI Boston, DEA New England, and ATF Boston arrested Byron Aroldo Charres-Giron, 41, in Framingham Feb. 3.","April 29, 2025"
ice.gov,United States,arrest,-77.0721741,38.8763796,6/18/2025,N/A,Unknown,https://www.ice.gov/news/releases/ice-arrests-guatemalan-alien-convicted-firearm-crime-and-charged-abduction-force,Unknown,"1 Wilson Ave, Fort Myer, VA 22211, United States",VA 22211,d73bcfc8-abe6-450b-83ab-1697e9202c53,"ICE arrests Guatemalan alien convicted of firearm crime and charged abduction by force, strangling Virginia woman",Unknown,"Officers with ICE Washington, D.C. and VSP apprehended Wilmer Ramos-Giron, 34, in Chantilly April 24. Additionally, Ramos-Giron illegally reentered the United States twice after having been deported.","April 29, 2025"
ice.gov,USA,arrest,-95.37011079999999,29.7600771,6/18/2025,N/A,Houston,https://www.ice.gov/news/releases/ice-houston-arrests-criminal-alien-arsonist-who-has-illegally-entered-us-3-times,Unknown,"Houston, TX, USA",TX,9ae9ffa6-b32a-4bb9-96b9-a7bcab7ee712,ICE Houston arrests criminal alien arsonist who has illegally entered US 3 times,Harris County,"ICE arrested David Gonzalez-Gallegos, a 40-year-old criminal alien from Mexico, April 25, following his release from the Texas Department of Criminal Justice Huntsville Unit state correctional facility.","April 29, 2025"
ice.gov,United States,policy,-95.24229729999999,29.5765154,6/18/2025,N/A,Unknown,https://www.ice.gov/news/releases/100-days-record-breaking-immigration-enforcement-us-interior,Unknown,"9223 Colt Canyon Ln, Houston, TX 77089, United States",TX 77089,300d2127-c32d-4832-b098-aea937deecd3,100 days of record-breaking immigration enforcement in the US interior,Unknown,"The criminal records of those arrested include convictions or charges for 9,639 assaults, 6,398 DWIs or DUIs and 1,479 weapon offenses.","April 29, 2025"
ice.gov,United States,arrest,-95.24229729999999,29.5765154,6/18/2025,N/A,Unknown,https://www.ice.gov/news/releases/ice-and-us-border-patrol-assist-local-sex-crime-investigation-involving-previously,Unknown,"9223 Colt Canyon Ln, Houston, TX 77089, United States",TX 77089,dff63ae6-1409-44b2-8d35-e21657ae8af3,ICE and U.S. Border Patrol assist in local sex crime investigation involving previously deported illegal alien,Unknown,"ICE HSI Traverse City special agents and USBP agents from USBP Station Sault Ste Marie assisted in the apprehension of Leocado Hernandez-Garcia, an illegal alien from Mexico who has been removed from the United States twice.","April 28, 2025"
ice.gov,United States,arrest,-78.90370500000002,42.9520191,6/18/2025,N/A,Unknown,https://www.ice.gov/news/releases/ice-arrests-illegal-alien-convicted-murder-new-york,Unknown,"44 Saratoga St, Buffalo, NY 14207, United States",NY 14207,dc898625-810f-4b53-9939-f0a6b152db55,ICE arrests illegal alien convicted of murder in New York,Unknown,"ICE arrested Noel Hernandez Leon, a 50-year-old illegal alien from Mexico, upon his release from the New York Department of Corrections and Community Supervision at Fishkill Correctional Facility in Beacon, New York, April 17.","April 28, 2025"
ice.gov,USA,policy,-104.990251,39.7392358,6/18/2025,143,Denver,https://www.ice.gov/news/releases/ice-denver-levies-over-8-million-fines-local-businesses-employment-violations,Unknown,"Denver, CO, USA",CO,cca3969a-df9b-4230-af01-972e73578e14,ICE Denver levies over $8 million in fines on local businesses for employment violations,Denver County,ICE issued a notice of intent to fine three local businesses over $8 million following worksite audits that uncovered widespread employment eligibility violations.,"April 28, 2025"
ice.gov,USA,arrest,-72.3009158,40.9378777,6/18/2025,1,Bridgehampton,https://www.ice.gov/news/releases/ice-investigation-leads-charges-against-rwandan-man-concealing-role-perpetrator,11932,"Bridgehampton, NY, USA",NY,7125ce2c-6635-454a-b929-26ceac0f7a78,ICE investigation leads to charges against Rwandan man for concealing role as perpetrator of genocide,Suffolk,"As alleged, Faustin Nsabumukunzi, 65, who was living in Bridgehampton, New York, was a local leader with the title of “Sector Counselor” in Rwanda in 1994 when the genocide began.","April 28, 2025"
ice.gov,United States,arrest,-99.9156301,32.2930951,6/18/2025,1,Highway 277 near Eagle Pass,https://www.ice.gov/news/releases/ice-eagle-pass-federal-partner-investigation-results-sentencing-del-rio-man-24-years,78852,"US-277, United States",Eagle Pass,eb899196-f5dc-46c2-9a24-7a20577372e1,"ICE Eagle Pass, federal partner investigation results in the sentencing of a Del Rio man to 24 years for drug trafficking",Maverick,"Leonardo Estrada, 41, will serve the next 288 months in prison. He pleaded guilty May 22, 2023.","April 28, 2025"
ice.gov,United States,policy,-95.24229729999999,29.5765154,6/18/2025,N/A,Unknown,https://www.ice.gov/news/releases/ice-expands-federal-police-brazil-partnership-new-memorandum-understanding,Unknown,"9223 Colt Canyon Ln, Houston, TX 77089, United States",TX 77089,8a443462-4a46-429e-8581-878bbc43a565,ICE expands Federal Police of Brazil partnership in new memorandum of understanding,Unknown,"HSI International Operations Deputy Assistant Director Jeff DaRin and PF Director of International Cooperation Felipe Tavares Seixas signed the memorandum of understanding at ICE headquarters in Washington, D.C.","April 28, 2025"
ice.gov,United States,arrest,-76.6186271,39.3196824,6/18/2025,4,Unknown,https://www.ice.gov/news/releases/ice-operation-leads-indictment-4-charged-conspiracy-commit-visa-and-marriage-fraud,Unknown,"2612 Maryland Ave Top Floor, Baltimore, MD 21218, United States",MD 21218,18407a30-e299-4eaa-a6fc-fd6c2bb4d2af,ICE operation leads to indictment of 4 charged with conspiracy to commit visa and marriage fraud,Unknown,"An investigation conducted by U.S. Immigration and Customs Enforcement, Maryland; along with U.S. Citizenship and Immigration Services; Department of State Diplomatic Security Service and the U.S. Attorney’s Office ​for Maryland, led to federal charges for four individuals — Ella Zuran, 65, Tatiana Sigal, 74, and Alexandra Tkach, 41, of New York City, New York; along with Shawnta Hopper, 33, of Sicklerville, New Jersey — for facilitating visa and marriage fraud.","April 28, 2025"
ice.gov,United States,arrest,-71.2173586,42.1776744,6/18/2025,N/A,Unknown,https://www.ice.gov/news/releases/ice-arrests-illegal-guatemalan-national-charged-assaulting-police-officer,Unknown,"61 Endicott St Building #26, Norwood, MA 02062, United States",MA 02062,1b4acc0e-6ccd-4708-a1e9-65d5a58c304e,ICE arrests illegal Guatemalan national charged with assaulting police officer in Massachusetts,Unknown,"Officers with ICE Boston arrested Luis Javier Chavez-Galiego, 20, in Chelsea Feb. 8.","April 25, 2025"
ice.gov,United States,arrest,-76.6186271,39.3196824,6/18/2025,1,Unknown,https://www.ice.gov/news/releases/ice-arrests-illegally-present-salvadoran-alien-maryland-after-detainer-not-honored,Unknown,"2612 Maryland Ave Top Floor, Baltimore, MD 21218, United States",MD 21218,cfd6b33a-187d-4a58-bd1a-ee404d3a0a33,ICE arrests illegally present Salvadoran alien in Maryland after detainer not honored by local authorities,Unknown,"ICE arrested illegal Salvadoran national Brayan Eleazar Angulo-Barrios, 26, in Hyattsville, Maryland, April 22, after the Prince Georges County Department of Corrections failed to honor another ICE immigration detainer.","April 25, 2025"
ice.gov,USA,arrest,-71.0565364,42.3555076,6/18/2025,1,Boston,https://www.ice.gov/news/releases/ice-boston-removes-alien-fugitive-wanted-aggravated-murder-desecration-corpse-brazil,Unknown,"Boston, MA, USA",MA,93023c65-a6cb-4729-8e9d-a499e65b8cad,"ICE Boston removes alien fugitive wanted for aggravated murder, desecration of corpse in Brazil",Suffolk,"ICE removed a Brazilian fugitive convicted in her native country for aggravated first-degree murder, desecration of a corpse and theft of motor vehicle. Officers with ICE Boston removed Lenaria Aparecida Pereira Sandoval from the United States to Brazil, March 27, and turned her over to Brazilian authorities.","April 24, 2025"
ice.gov,United States,arrest,-95.24229729999999,29.5765154,6/18/2025,N/A,Unknown,https://www.ice.gov/news/releases/ice-removes-illegal-alien-wanted-murder-jamaica,Unknown,"9223 Colt Canyon Ln, Houston, TX 77089, United States",TX 77089,27a4509f-75bd-4055-85a2-652752d9987d,ICE removes illegal alien wanted for murder in Jamaica,Unknown,"ICE Philadelphia removed Jeovann Anthony Forde, a citizen of Jamaica with a final order of removal, to his home country on March 27.","April 24, 2025"
ice.gov,United States,arrest,-71.2173586,42.1776744,6/18/2025,1,Unknown,https://www.ice.gov/news/releases/ice-arrests-removes-dominican-alien-charged-drug-crimes-assaulting-police-officer,Unknown,"61 Endicott St Building #26, Norwood, MA 02062, United States",MA 02062,31cb45d6-8386-4d3b-b465-074375b97710,"ICE arrests, removes Dominican alien charged with drug crimes, assaulting a police officer in Massachusetts",Unknown,"Officers with ICE Boston arrested Daniel Encarnacion-Sanchez, 20, in Boston Feb. 7.","April 24, 2025"
ice.gov,USA,arrest,-110.9741769,32.2539787,6/18/2025,10,Tucson,https://www.ice.gov/news/releases/tucson-man-receives-6-year-prison-sentence-firearms-trafficking-offenses-following,Unknown,"Tucson, AZ, USA",AZ,e6245692-9dab-4b59-bac3-9adfb4ded23a,"Tucson man receives 6-year prison sentence for firearms trafficking offenses following ICE Arizona, multiagency investigation",Pima,"Julian Canastillo, 23, of Tucson, previously pleaded guilty to six counts of smuggling goods from the United States and one count of possession of a firearm by a convicted felon.","April 23, 2025"
ice.gov,United States,arrest,-95.24229729999999,29.5765154,6/18/2025,N/A,Unknown,https://www.ice.gov/news/releases/guatemalan-alien-illegally-residing-us-and-convicted-sexual-battery-indicted,Unknown,"9223 Colt Canyon Ln, Houston, TX 77089, United States",TX 77089,83cad47f-f0be-45c5-b66b-2f61d064f8e6,"Guatemalan alien illegally residing in the US and convicted of sexual battery indicted for fraudulently obtaining custody of an unaccompanied alien child in the United States, following ICE, joint law enforcement partner investigation",Unknown,"A federal grand jury indicted an illegal alien, April 17, for his alleged role in smuggling an unaccompanied alien child to the United States and for allegedly submitting a sponsorship application with false statements to the Department of Health and Human Services’ Office of Refugee Resettlement to gain custody of the minor after she entered the United States, following an ICE, FBI, investigation.","April 22, 2025"
ice.gov,United States,arrest,-95.24229729999999,29.5765154,6/18/2025,N/A,Unknown,https://www.ice.gov/news/releases/ice-arrests-guatemalan-alien-charged-girlfriends-murder-uncle-illegal-alien-charged,Unknown,"9223 Colt Canyon Ln, Houston, TX 77089, United States",TX 77089,a1552fd7-d4f4-4d93-95ce-475ec33efe2d,"ICE arrests Guatemalan alien charged with girlfriend’s murder; uncle, an illegal alien, charged with accessory",Unknown,"ICE arrested illegal 23-year-old Guatemalan national Keycy Robinson Alexis Barrera-Rosa, April 5, in La Plata, Maryland. Berrera-Rosa is pending charges for the murder of his girlfriend, Lesbia Mileth Ramirez-Guerra, 23. Ramirez was also a Guatemalan alien.","April 22, 2025"
ice.gov,USA,arrest,-77.2277603,38.704282,6/18/2025,N/A,Lorton,https://www.ice.gov/news/releases/lorton-man-convicted-child-exploitation-gets-18-year-prison-sentence-following-ice,22079,"Lorton, VA, USA",VA,95f3eb2a-930f-4524-a8f6-9548537d09cd,"Lorton man convicted of child exploitation gets 18-year prison sentence following ICE Washington, D.C. investigation",Fairfax County,"An investigation conducted by ICE led to the sentencing of Jose Alejandro Belmonte Cardozo, 31, to 18 years in prison for sexually exploiting minors through a popular social media platform.","April 22, 2025"
ice.gov,United States,arrest,-95.24229729999999,29.5765154,6/18/2025,1,Unknown,https://www.ice.gov/news/releases/ice-federal-partners-arrest-honduran-alien-illegally-reentering-us-after-2,Unknown,"9223 Colt Canyon Ln, Houston, TX 77089, United States",TX 77089,c327700e-66db-45f6-8d1a-ca6e1aff2057,"ICE, federal partners arrest Honduran alien for illegally reentering US after 2 deportations",Unknown,"Officers with ICE Boston and agents with FBI Boston and ATF Boston arrested Oscar Lopez-Perez, 40, April 16 in Brockton. Lopez-Perez has a prior conviction for assault and battery and has been charged with operating a vehicle while under the influence of liquor.","April 21, 2025"
ice.gov,United States,detention,-106.4743304,31.7838431,6/18/2025,1,Long Term Acute Care Hospital,https://www.ice.gov/news/releases/vietnamese-national-ice-custody-dies-el-paso-long-term-acute-care-hospital,Unknown,"1221 N Cotton St # 3, El Paso, TX 79902, United States",TX 79902,2c8870a8-2d69-4ddd-9fe5-8ce7548bc5da,Vietnamese national in ICE custody dies in El Paso long-term acute care hospital,El Paso County,"Nhon Ngoc Nguyen, 55, entered the United States on July 14, 1983, and was granted status as a legal U.S. resident as part of the Refugee Act of 1980.","April 18, 2025"
ice.gov,United States,arrest,-95.24229729999999,29.5765154,6/18/2025,N/A,Unknown,https://www.ice.gov/news/releases/ice-removes-twice-deported-criminal-alien-wanted-human-trafficking-el-salvador,Unknown,"9223 Colt Canyon Ln, Houston, TX 77089, United States",TX 77089,2d848e86-11ec-4169-a498-8e34efd9daa7,ICE removes twice deported criminal alien wanted for human trafficking in El Salvador,Unknown,"ICE removed Wilver Cota-Ortiz, 43, a citizen of El Salvador, to his home country where he is wanted by law enforcement authorities for human trafficking.","April 17, 2025"
ice.gov,United States,arrest,-95.24229729999999,29.5765154,6/18/2025,N/A,Unknown,https://www.ice.gov/news/releases/ice-investigation-leads-30-year-sentence-production-distribution-child-exploitation,Unknown,"9223 Colt Canyon Ln, Houston, TX 77089, United States",TX 77089,ce485608-f63e-4412-ba74-8061ba6c28d9,"ICE investigation leads to 30-year sentence for production, distribution of child exploitation material",Unknown,"David Lisandro Perez Figueroa, 23, of Monrovia, was sentenced in Central District of California, ordered to pay $2,799 in restitution, and placed on lifetime supervised release.","April 17, 2025"
ice.gov,Puerto Rico,arrest,-66.0304939,18.3850483,6/18/2025,N/A,San Juan charter school,https://www.ice.gov/news/releases/san-juan-charter-schoolteacher-arrested-child-exploitation,Unknown,"250 Calle Ronda Interior 2, San Juan, 00926, Puerto Rico",00926,9794c8d7-9980-43d4-8ff0-5ce0f66bd04a,San Juan charter schoolteacher arrested for child exploitation,Unknown,"ICE agents arrested Raul Moises Martinez Rivera, 25, from Carolina and a teacher at a local San Juan charter school April 10 on criminal charges related to his alleged child exploitation conduct.","April 17, 2025"
ice.gov,United States,arrest,-95.24229729999999,29.5765154,6/18/2025,N/A,Unknown,https://www.ice.gov/news/releases/ice-arrests-honduran-alien-convicted-sex-offense,Unknown,"9223 Colt Canyon Ln, Houston, TX 77089, United States",TX 77089,e9520e64-369b-4120-9a46-69d697331794,ICE arrests Honduran alien convicted of sex offense,Unknown,"ICE arrested Kelvin Emanuel Granados-Sorto, 30, an illegal alien and Honduran citizen April 11 after he was transferred to ICE custody by the Maryland Department of Corrections.","April 17, 2025"
ice.gov,United States,arrest,-114.7822142,32.4854031,6/18/2025,1,"San Luis, Arizona, Port of Entry",https://www.ice.gov/news/releases/mexican-national-sentenced-federal-prison-attempted-firearms-smuggling-following-ice,85349,"431 Main St, San Luis, AZ 85349, United States",AZ 85349,f033ee3c-06ba-476b-b8de-66f3de512c42,"Mexican national sentenced to federal prison for attempted firearms smuggling, following ICE Arizona investigation",Yuma County,"Abel Airam Franco Garcia, 22, of Sonora, Mexico previously plead guilty to smuggling goods from the United States.","April 17, 2025"
ice.gov,USA,raid,-99.5075519,27.5035613,6/18/2025,44,Laredo,https://www.ice.gov/news/releases/ice-arrests-44-criminal-aliens-during-week-long-multi-agency-operation,Unknown,"Laredo, TX, USA",TX,0c995bdb-248e-4f0d-a19f-db57c5902271,ICE arrests 44 criminal aliens during week-long multi-agency operation,Webb County,"U.S. Immigration and Customs Enforcement, with assistance from federal partners, arrested 44 illegal aliens – including 24 criminal aliens and one documented Paisas gang member – during a targeted enforcement operation conducted from April 6-12 to bolster public safety, national security, and border security.","April 16, 2025"
ice.gov,Puerto Rico,raid,-66.3885201,18.4382903,6/18/2025,5,Vega Baja construction site,https://www.ice.gov/news/releases/ice-san-juan-arrests-5-illegal-aliens-vega-baja-construction-site,Unknown,"CJQ6+8J4, Vega Baja, 00693, Puerto Rico",00693,a2c0250b-7035-43f3-b0df-f86654ce2171,ICE San Juan arrests 5 illegal aliens at a Vega Baja construction site,Vega Baja,The multiagency operation took place at a construction worksite where one Haitian national and four Dominican nationals were taken into custody. All five individuals are currently being held by ICE pending removal proceedings.,"April 16, 2025"
ice.gov,Gambia,arrest,-16.6689467,13.3527539,6/18/2025,N/A,The Gambia,https://www.ice.gov/news/releases/former-gambian-soldier-convicted-torture-charges-unprecedented-us-trial-following-ice,Unknown,"983J+4C3, Yundum, Gambia",Yundum,c77283b2-bf8c-4a9f-bd1f-eb329999f5d5,"Former Gambian soldier convicted on torture charges in unprecedented US trial, following ICE investigation",Unknown,"A former member of the Gambian military was convicted April 15 on torture charges, following his involvement in crimes committed while the West African country’s then-President, Yahya Jammeh, was still in power.","April 16, 2025"
ice.gov,USA,raid,-74.0059728,40.7127753,6/18/2025,200,New York,https://www.ice.gov/news/releases/ice-law-enforcement-partners-arrest-more-200-alien-offenders-during-enhanced,Unknown,"New York, NY, USA",NY,e2b3b004-3a30-4452-9882-a641ca4b5209,"ICE, law enforcement partners arrest more than 200 alien offenders during enhanced immigration enforcement operation in New York",Unknown,ICE and law enforcement partners apprehended 206 illegal aliens during an enhanced targeted immigration enforcement operation focusing on egregious criminal alien offenders in and around New York City April 6-12.,"April 16, 2025"
ice.gov,USA,arrest,-84.5120196,39.1031182,6/18/2025,N/A,"Cincinnati, Ohio",https://www.ice.gov/news/releases/ice-cincinnati-seeks-additional-victims-alleged-child-exploitation-case,Unknown,"Cincinnati, OH, USA",OH,4e082d12-2789-401c-a2c2-75a2ebc27e0e,ICE Cincinnati seeks additional victims in alleged child exploitation case,Hamilton,"Special agents with ICE arrested Jonathan Travis Mackey, a 46-year-old resident of Cincinnati, Ohio, on charges related to alleged sexual exploitation of children and receipt of child sex abuse material April 15.","April 16, 2025"
ice.gov,United States,arrest,-79.15134139999999,35.462483,6/18/2025,1,hotel room,https://www.ice.gov/news/releases/ice-lodges-immigration-detainer-against-mexican-national-arrested-allegations,Unknown,"2110 Dalrymple St, Sanford, NC 27330, United States",NC 27330,a084f2cc-b563-47e8-94b2-5a91935a515f,"ICE lodges immigration detainer against Mexican national arrested on allegations of kidnapping, rape of minor",Lee County,Victor Villalba-Bustamante’s arrest stems from an incident in which he was found in a hotel room with a 14-year-old female victim who was reported missing.,"April 16, 2025"
ice.gov,United States,arrest,-77.0721741,38.8763796,6/18/2025,1,Unknown,https://www.ice.gov/news/releases/ice-federal-partners-arrest-illegal-honduran-national-charged-incest-sex-crimes,Unknown,"1 Wilson Ave, Fort Myer, VA 22211, United States",VA 22211,03057eba-d327-4e96-8db4-b0767b1ac362,"ICE, federal partners arrest illegal Honduran national charged with incest, sex crimes in Virginia",Unknown,"Officers and agents arrested Marvin Mateo-Alberto, 25, in Falls Church, Virginia April 10.","April 15, 2025"
ice.gov,United States,arrest,-71.2173586,42.1776744,6/18/2025,N/A,Unknown,https://www.ice.gov/news/releases/ice-federal-partners-arrest-dominican-alien-convicted-sex-crime-massachusetts,Unknown,"61 Endicott St Building #26, Norwood, MA 02062, United States",MA 02062,78fdb7c8-9997-450a-90fe-94420c8bff2f,"ICE, federal partners arrest Dominican alien convicted of sex crime in Massachusetts",Unknown,ICE along with federal partners from the FBI and the ATFE arrested a 32-year-old Dominican national convicted of a sex crime against a Massachusetts resident. Officers and agents arrested Moises Ricardo Peralta-Matos Feb. 25 in Worcester.,"April 15, 2025"
ice.gov,United States,raid,-95.5653232,29.8545443,6/18/2025,1000,Unknown,https://www.ice.gov/news/releases/ice-arrests-over-1k-illegal-workers-proposes-1m-fines,Unknown,"5829 W Sam Houston Pkwy N Suite 308, Houston, TX 77041, United States",TX 77041,bfdc36c7-931c-43fd-a4a0-1f16b3d35ae3,"ICE arrests over 1K illegal workers, proposes $1M in fines",Unknown,"In line with President Donald J. Trump’s executive order titled “Protecting the American People Against Invasion,” HSI is enforcing the provisions of the Immigration and Nationality Act and other federal laws related to illegal entry and unlawful presence in the United States.","April 15, 2025"
ice.gov,USA,arrest,-98.4250799,29.5198227,6/18/2025,1,Unknown,https://www.ice.gov/news/releases/ice-removes-salvadoran-national-wanted-rape-against-minor-his-home-country,Unknown,"Hidden Dr, San Antonio, TX 78217, USA",TX 78217,c2e4fba2-0d23-459e-8372-ffd1d855c34a,ICE removes Salvadoran national wanted for rape against a minor in his home country,Unknown,"ICE removed Christopher Alexis Rodriguez Flores, 24, a Salvadoran national wanted for rape against a minor in his home country, April 9.","April 15, 2025"
ice.gov,United States,arrest,-95.5653232,29.8545443,6/18/2025,N/A,Unknown,https://www.ice.gov/news/releases/ice-removes-guatemalan-national-wanted-gender-crimes-his-home-country,Unknown,"5829 W Sam Houston Pkwy N Suite 308, Houston, TX 77041, United States",TX 77041,1bc53450-391d-44f2-9b7c-317281d07316,ICE removes Guatemalan national wanted for gender crimes in his home country,Unknown,"ICE in St. Paul removed illegally present Leonardo Elias Chicoj Mejia, 26, to his home country April 9 to face charges of gender based violence which includes charges such as domestic violence.","April 15, 2025"
ice.gov,United States,arrest,-95.5653232,29.8545443,6/18/2025,N/A,Unknown,https://www.ice.gov/news/releases/ice-arrests-guatemalan-alien-charged-murder-assault-after-release-noncooperative,Unknown,"5829 W Sam Houston Pkwy N Suite 308, Houston, TX 77041, United States",TX 77041,039cc7fc-d14b-41ec-bdbc-820177c6d713,"ICE arrests Guatemalan alien charged with murder, assault after release by noncooperative jurisdiction",Unknown,"ICE arrested Rene Pop-Chub, 32, an illegal alien and Guatemalan citizen, April 12, in Hyattsville, Maryland, after Prince Georges County Department of Corrections failed to honor an ICE immigration detainer, releasing him back into the public.","April 15, 2025"
ice.gov,United States,arrest,-71.2173586,42.1776744,6/18/2025,1,Unknown,https://www.ice.gov/news/releases/ice-federal-partners-arrest-brazilian-charged-sex-crimes-against-massachusetts-child,Unknown,"61 Endicott St Building #26, Norwood, MA 02062, United States",MA 02062,e6f6e131-4605-4505-818c-9fae467eea80,"ICE, federal partners arrest Brazilian charged with sex crimes against Massachusetts child",Unknown,"Officers with ICE Boston and agents with FBI Boston and ATF Boston arrested Ilma Leandro De Oliveira, 53, in Falmouth, March 20.","April 14, 2025"
ice.gov,United States,arrest,-95.5653232,29.8545443,6/18/2025,N/A,Unknown,https://www.ice.gov/news/releases/ice-arrests-military-deserter-lebanon,Unknown,"5829 W Sam Houston Pkwy N Suite 308, Houston, TX 77041, United States",TX 77041,132a5305-fa72-4efd-9938-23ea172cee3f,ICE arrests military deserter from Lebanon,Unknown,"ICE arrested Thomas Afram Chammo, a 27-year-old citizen of Lebanon, April 3, in Oklahoma City, Oklahoma.","April 14, 2025"
ice.gov,United States,raid,-84.2157478,39.697491,6/18/2025,N/A,Fuyao Glass America,https://www.ice.gov/news/releases/ice-investigation-results-us-seizing-assets-related-126-million-illegal-staffing,45439,"2801 W Stroop Rd, Moraine, OH 45439, United States",OH 45439,5cfde532-2430-4517-8b48-f22ab2ff8f7c,"ICE investigation results in US seizing assets related to $126 million illegal staffing, money laundering case",Montgomery,"In July 2024, ICE Homeland Security Investigations, in collaboration with Internal Revenue Service - Criminal Investigations and other law enforcement agencies, executed federal search warrants at Fuyao Glass America in Moraine, Ohio, and 27 other locations in the Dayton area.","April 14, 2025"
ice.gov,United States,arrest,-95.5653232,29.8545443,6/18/2025,N/A,Unknown,https://www.ice.gov/news/releases/ice-arrests-alleged-member-cubas-ministry-interior,Unknown,"5829 W Sam Houston Pkwy N Suite 308, Houston, TX 77041, United States",TX 77041,486a7d85-0716-4058-b582-47a286d179eb,ICE arrests alleged member of Cuba’s Ministry of the Interior,Unknown,"Daniel Morejon Garcia, 57, was taken into custody at his residence following an investigation conducted by ICE Homeland Security Investigations. The investigation centered on fraudulent claims he allegedly made when entering the country.","April 14, 2025"
ice.gov,Louisiana,arrest,-89.7500,28.7505,6/18/2025,23,75 miles off the coast of Louisiana,https://www.ice.gov/news/releases/honduran-man-extradited-us-alleged-role-international-drug-smuggling-conspiracy,Unknown,Unknown,Unknown,3072441f-d469-45a8-9d83-3cc7b8d8e322,Honduran man extradited to US for alleged role in international drug smuggling conspiracy,Unknown,"Olvin Javier Velasquez Maldonado, 39, allegedly conspired to transport approximately 24 kilograms of cocaine from Honduras to the U.S. on a vessel attempting to illegally bring 23 Honduran nationals into the country. This operation was intercepted by the U.S. Coast Guard in February 2022, about 75 miles off the coast of Louisiana after the vessel, M/V Pop, developed engine trouble.","April 14, 2025"
ice.gov,USA,arrest,-81.091203,32.0808989,6/18/2025,1,"Savannah, Georgia",https://www.ice.gov/news/releases/ice-atf-capture-fugitive-wanted-murder-caribbean,Unknown,"Savannah, GA, USA",GA,9423af6e-c24b-439c-b7b3-a909ba4e2dbc,"ICE, ATF capture fugitive wanted for murder in the Caribbean",Chatham,"Orville Andrew Pernell, a 32-year-old Jamaican citizen was apprehended by ICE Homeland Security Investigations and the Bureau of Alcohol, Tobacco, Firearms and Explosives special agents in Savannah, Georgia following an extensive investigation and multinational manhunt April 4.","April 14, 2025"
ice.gov,USA,raid,-112.0776781,33.4482266,6/18/2025,N/A,Phoenix,https://www.ice.gov/news/releases/dhs-secretary-joins-ice-phoenix-enhanced-targeted-operations,Unknown,"Phoenix, AZ, USA",AZ,f6daf7a4-ed58-44ac-95e1-fe44cfaa31a9,DHS Secretary joins ICE Phoenix on enhanced targeted operations,Maricopa,"DHS Secretary Kristi Noem joined ICE and federal law enforcement partners in apprehending three illegal aliens during an enhanced targeted enforcement operation focusing on criminal illegal alien offenders in Phoenix, Arizona, to bolster public safety, national security and border security, April 8.","April 11, 2025"
ice.gov,United States,arrest,-72.7804495,41.6646721,6/18/2025,1,Unknown,https://www.ice.gov/news/releases/ice-boston-arrests-illegal-guatemalan-national-charged-endangering-connecticut-child,Unknown,"18 Main St, New Britain, CT 06051, United States",CT 06051,fb65a59c-177b-4b57-b91b-2b4c7418cb5f,ICE Boston arrests illegal Guatemalan national charged with endangering Connecticut child,Unknown,Officers with ICE Boston arrested Carlos Antonio Zepeda-Ruiz in Hartford Feb. 27.,"April 11, 2025"
ice.gov,United States,detention,-117.0296066,32.5436599,6/18/2025,1,San Ysidro Port of Entry,https://www.ice.gov/news/releases/ice-removes-former-mexican-governor-convicted-money-laundering-us,92173,"720 E San Ysidro Blvd, San Diego, CA 92173, United States",CA 92173,96579282-6797-41b7-8dd2-584d3975cfec,ICE removes former Mexican governor convicted of money laundering in the US,San Diego County,"U.S. Immigration and Customs Enforcement removed Tomas Jesus Yarrington Ruvalcaba, 68, a citizen of Mexico wanted by Mexican authorities, April 9.","April 11, 2025"
ice.gov,Unknown,other,-162.070312,32.694866,6/18/2025,34,Eastern Pacific Ocean,https://www.ice.gov/news/releases/panama-express-strike-force-interdicts-nearly-510-million-illegal-narcotics-eastern,Unknown,North Pacific Ocean,Unknown,c530e505-5aaf-4f54-928e-ffbc6e79dbfc,Panama Express Strike Force interdicts nearly $510 million in illegal narcotics in Eastern Pacific Ocean,Unknown,"The Organized Crime Drug Enforcement Task Forces interdicted and announced the seizure of more than 44,550 pounds of cocaine and 3,880 pounds marijuana valued at approximately $509.9 million as part of the joint multiagency Panama Express Strike Force mission in the Eastern Pacific Ocean.","April 11, 2025"
ice.gov,United States,arrest,-71.2173586,42.1776744,6/18/2025,1,Unknown,https://www.ice.gov/news/releases/ice-boston-federal-partners-arrests-illegal-ecuadoran-national-charged-more-20-sex,Unknown,"61 Endicott St Building #26, Norwood, MA 02062, United States",MA 02062,24664c2b-15dc-404a-9e11-e0b906ea3ee7,"ICE Boston, federal partners arrests illegal Ecuadoran national charged with more than 20 sex crimes against Massachusetts minor",Unknown,"Officers with ICE Boston and agents from DEA New England and ATF Boston arrested Gilberto Avila-Jara, 64, in Lawrence April 1.","April 11, 2025"
ice.gov,USA,arrest,-82.45875269999999,27.9516896,6/18/2025,18,Tampa,https://www.ice.gov/news/releases/immigration-related-identity-theft-investigation-leads-charges-against-18-individuals,Unknown,"Tampa, FL, USA",FL,583ea0fc-36cc-4a1b-a7ea-3a8043287bef,Immigration-related identity theft investigation leads to charges against 18 individuals,Hillsborough,"Each individual has been charged with aggravated identity theft, misuse of Social Security numbers, and false statements regarding citizenship with the intent to engage unlawfully in employment.","April 11, 2025"
ice.gov,USA,arrest,-82.45875269999999,27.9516896,6/18/2025,1,Tampa,https://www.ice.gov/news/releases/honduran-arrested-aggravated-identity-theft,Unknown,"Tampa, FL, USA",FL,58014194-7b87-4038-a62f-a89ab66751f7,Honduran arrested for aggravated identity theft,Hillsborough,"ICE arrested Elieser Aurelio Gomez-Zelaya, 33, an illegal alien from Honduras, March 31.","April 11, 2025"
ice.gov,USA,other,-82.1342596,29.1850783,6/18/2025,1,Ocala,https://www.ice.gov/news/releases/man-receives-12-year-sentence-attempting-engage-sexual-activity-minor,Unknown,"Ocala, FL, USA",FL,f2067fea-11a6-4533-880d-bc5e2d936289,Man receives 12-year sentence for attempting to engage in sexual activity with minor,Marion County,"Francisco Alvarez-Tello, 28, of Ocala, pled guilty on Oct. 24, 2024, and was sentenced April 1 to 12 years in federal prison.","April 11, 2025"
ice.gov,USA,detention,-95.37011079999999,29.7600771,6/18/2025,N/A,Houston,https://www.ice.gov/news/releases/ice-houston-removes-foreign-fugitive-wanted-aggravated-homicide,Unknown,"Houston, TX, USA",TX,f11a0940-d9d7-48fb-91ce-59bf94b8d004,ICE Houston removes foreign fugitive wanted for aggravated homicide,Harris County,"ICE removed Hedilberto Nunez Garay, a 41-year-old illegal alien, to his home country of Mexico, April 9. Nunez is wanted in Durango, Mexico, for aggravated homicide for allegedly murdering Eladio Carrasco Corral, a 63-year-old Mexican national, Sept. 3, 2020.","April 10, 2025"
ice.gov,United States,detention,-91.7750447,37.945681,6/18/2025,1,Phelps County Jail,https://www.ice.gov/news/releases/colombian-national-dies-after-being-found-unresponsive-ice-custody-phelps-county-jail,Unknown,"500 W 2nd St, Rolla, MO 65401, United States",MO 65401,03cfad28-9ae0-4016-aed9-e6578aa5a4f6,Colombian national dies after being found unresponsive in ICE custody at Phelps County Jail,Phelps County,"ICE remains committed to ensuring that all those in its custody reside in safe, secure and humane environments. Comprehensive medical care is provided from the moment individuals arrive and throughout the entirety of their stay.","April 10, 2025"
ice.gov,USA,arrest,-95.37011079999999,29.7600771,6/18/2025,N/A,Houston area,https://www.ice.gov/news/releases/ice-arrests-tren-de-aragua-gang-member-illegally-residing-houston-area,Unknown,"Houston, TX, USA",TX,4f347ac7-1647-4709-8ba3-8607a2e56390,ICE arrests Tren de Aragua gang member illegally residing in Houston area,Harris,"ICE, the FBI and the Texas Department of Public Safety arrested Jesus Alberto Escalona-Mujicas, a 47-year-old illegal alien from Venezuela and documented Tren de Aragua gang member, April 9, in Bryan, Texas.","April 9, 2025"
ice.gov,United States,arrest,-122.4799074,48.7519787,6/18/2025,N/A,Unknown,https://www.ice.gov/news/releases/washington-man-indicted-11-counts-sex-trafficking-children-production-child-sexual,Unknown,"302 W Champion St, Bellingham, WA 98225, United States",WA 98225,0efcced3-ad24-49d9-9711-f155272e2139,"Washington man indicted on 11 counts of sex trafficking children, production of child sexual abuse material, and forced labor, following ICE, law enforcement partner investigation",Unknown,"ICE HSI Seattle acting Special Agent in Charge Matt Murphy and acting United States Attorney Richard R. Barker announced that on April 2, a federal grand jury for the Eastern District of Washington returned an indictment charging Jonathan Michael Atkinson, age 34, with 11 criminal counts including Sex Trafficking Children, Production and Attempted Production of Child Pornography, Online Enticement of a Minor, and Forced Labor, following an ICE HSI, law enforcement partner investigation.","April 9, 2025"
ice.gov,United States,detention,-95.24229729999999,29.5765154,6/18/2025,N/A,Unknown,https://www.ice.gov/news/releases/ice-removes-mexican-national-convicted-child-molestation,Unknown,"9223 Colt Canyon Ln, Houston, TX 77089, United States",TX 77089,2ae14979-f28d-4dcf-ac66-51affa3c8fbe,ICE removes Mexican national convicted of child molestation,Unknown,"Nestor Adiel Salamanca, 32, was removed to Mexico by ICE officials and turned over to authorities in his home country March 31.","April 8, 2025"
ice.gov,United States,raid,-84.35375309999999,33.8148981,6/18/2025,N/A,Unknown,https://www.ice.gov/news/releases/ice-atlanta-announces-results-multiagency-operations-across-georgia,Unknown,"2196 Cheshire Bridge Rd NE, Atlanta, GA 30324, United States",GA 30324,b69bf72f-c01c-4bb3-9ac7-b6db49042d81,ICE Atlanta announces results of multiagency operations across Georgia,Unknown,ICE announced April 4 the results of interagency enforcement operations targeting illegal aliens present in Georgia.,"April 8, 2025"
ice.gov,United States,detention,-95.24229729999999,29.5765154,6/18/2025,N/A,Unknown,https://www.ice.gov/news/releases/ice-removes-criminal-alien-wanted-drug-trafficking-costa-rica,Unknown,"9223 Colt Canyon Ln, Houston, TX 77089, United States",TX 77089,26d07abc-6bd1-48a6-9f55-e18c1c1d57d8,ICE removes criminal alien wanted for drug trafficking in Costa Rica,Unknown,"ICE removed Josseth Santos-Fonseca, 30, a citizen of Costa Rica, to his home country where he is wanted by law enforcement authorities for drug trafficking.","April 7, 2025"
ice.gov,USA,arrest,-74.0059728,40.7127753,6/18/2025,1,New York City,https://www.ice.gov/news/releases/ice-arrests-guatemalan-national-new-york-city-convicted-sexual-battery-child,Unknown,"New York, NY, USA",NY,e6ad2809-149e-4389-836e-14ad486c6948,ICE arrests Guatemalan national in New York City convicted of sexual battery of a child,Unknown,"ICE arrested Abel Osbaldo Mendez, a 29-year-old illegal alien from Guatemala with convictions for sexual battery of a child and illegal reentry upon his release from U.S. Bureau of Prisons, Federal Correctional Institution, Otisville in Orange County, New York, March 28.","April 7, 2025"
ice.gov,USA,arrest,-77.04698619999999,38.8050552,6/18/2025,1,Northern Virginia,https://www.ice.gov/news/releases/ice-federal-partners-arrest-illegal-guatemalan-sex-offender-northern-virginia,Unknown,"Northern Virginia, VA, USA",VA,a53fe875-e387-4f20-879e-42af0fff4f7f,"ICE, federal partners arrest illegal Guatemalan sex offender in Northern Virginia",Unknown,"ICE, working with federal law enforcement partners from the Bureau of ATFE; U.S. DEA; and the Diplomatic Security Service, apprehended an illegally present Guatemalan national and convicted sex offender, Ander Cortez-Mendez, 21, in Falls Church, Virginia, April 2.","April 7, 2025"
ice.gov,United States,arrest,-97.58842489999999,35.6409559,6/18/2025,1,Unknown,https://www.ice.gov/news/releases/ice-arrests-previously-deported-mexican-national-okla-convicted-homicide-his-own,Unknown,"3825 NW 166th St Ste C3, Edmond, OK 73012, United States",OK 73012,6ab943e6-c7bc-46e9-9710-6d7c05d44c56,"ICE arrests previously deported Mexican national in Okla., convicted of the homicide of his own child",Unknown,"ICE Dallas ERO Fugitive Operations and ERO Special Response teams arrested Carlos Ambriz, 53, an unlawfully present Mexican national and previously deported criminal alien near the subject’s residence in Catoosa, Oklahoma.  Ambriz was convicted in Montana for the felony offense of deliberate homicide and sentenced to 40 years prison.","April 7, 2025"
ice.gov,USA,arrest,-82.45875269999999,27.9516896,6/18/2025,2,Hillsborough County,https://www.ice.gov/news/releases/illegal-aliens-mexico-sentenced-illegal-reentry-us,Unknown,"Tampa, FL, USA",FL,b0e055f4-18f9-411a-9872-c5c690c52fee,Illegal aliens from Mexico sentenced for illegal reentry into the US,Hillsborough,Julio Cesar Paniagua was sentenced to 37 months in federal prison for illegal reentry into the United States by a previously removed alien. Herman Vazquez-Padilla was sentenced to 15 months in federal prison for illegal reentry into the United States after committing an aggravated felony.,"April 7, 2025"
ice.gov,United States,arrest,-77.0721741,38.8763796,6/18/2025,1,Unknown,https://www.ice.gov/news/releases/ice-law-enforcement-partners-arrest-ms-13-gang-member-virginia-wanted-el-salvador,Unknown,"1 Wilson Ave, Fort Myer, VA 22211, United States",VA 22211,c3fe2ab6-7191-44e5-8868-d9f498355a6f,"ICE, law enforcement partners arrest MS-13 gang member in Virginia, wanted in El Salvador for extortion, blackmail, terrorist affiliation",Unknown,"Officers from ICE Washington, D.C.; agents from FBI Washington, D.C.; DEA Washington, D.C. and officials from VSP arrested Silvia Lorena Bonilla-De Jandres, 40, in Alexandria, Feb. 25.","April 7, 2025"
ice.gov,United States,arrest,-71.2173586,42.1776744,6/18/2025,1,Unknown,https://www.ice.gov/news/releases/ice-boston-arrests-guatemalan-alien-charged-assaulting-child-injury-massachusetts,Unknown,"61 Endicott St Building #26, Norwood, MA 02062, United States",MA 02062,f6e75920-bf7c-422d-8501-b27cc1ca1fd3,ICE Boston arrests Guatemalan alien charged with assaulting child with injury in Massachusetts,Unknown,"Officers with ICE Boston arrested Cosme De Leon-Barrios, 46, in Revere, Jan. 27.","April 7, 2025"
ice.gov,United States,arrest,-95.24229729999999,29.5765154,6/18/2025,N/A,Unknown,https://www.ice.gov/news/releases/ice-federal-partners-arrest-alien-fugitive-wanted-homicide-dominican-republic,Unknown,"9223 Colt Canyon Ln, Houston, TX 77089, United States",TX 77089,a9ee44aa-fad2-4a5c-8d86-24d9621686e8,"ICE, federal partners arrest alien fugitive wanted for homicide in Dominican Republic",Unknown,"ICE and federal law enforcement partners from the FBI, and DEA arrested a Dominican fugitive wanted in his native country for homicide.","April 4, 2025"
ice.gov,USA,arrest,-71.4161671,41.7001009,6/18/2025,1,Warwick,https://www.ice.gov/news/releases/irish-national-charged-multistate-home-repair-fraud-scheme,Unknown,"Warwick, RI, USA",RI,26cdfd77-33a6-4fa5-a9b3-f946c4db8782,Irish national charged in multistate home repair fraud scheme,Kent,"Prior to making an initial appearance April 3 for criminal charges in U.S. District Court on a federal criminal complaint charging him with wire fraud and conspiracy to commit wire fraud, John O’Brien, 28, was arrested for immigration violations on March 28 for violating the terms of his admission and failing to depart the United States as required by October 2021.","April 4, 2025"
ice.gov,USA,arrest,-77.0368707,38.9071923,6/18/2025,N/A,"Washington, D.C.",https://www.ice.gov/news/releases/ice-washington-dc-investigation-results-14-year-prison-sentence-jamaican-national,Unknown,"Washington, DC, USA",DC,1d788b31-2a7d-41c8-942d-9648164b330c,"ICE Washington, D.C. investigation results in 14-year prison sentence for Jamaican national drug trafficking case",Unknown,"An investigation conducted by U.S. Immigration and Customs Enforcement; along with the Virginia State Police; and the U.S. Attorney’s Office ​for the Eastern District of Virginia, led to the sentencing of Jamaican national Kirkville Virgo, 47, March 28, to 14 years in prison for attempting to possess methamphetamine with intent to distribute.","April 4, 2025"
ice.gov,United States,arrest,-84.35375309999999,33.8148981,6/18/2025,N/A,Unknown,https://www.ice.gov/news/releases/ice-atlanta-unveils-results-labor-trafficking-operation,Unknown,"2196 Cheshire Bridge Rd NE, Atlanta, GA 30324, United States",GA 30324,82572ffd-744a-4313-a633-6c5e53793d34,ICE Atlanta unveils results of labor trafficking operation,Unknown,"As a result of the evidence uncovered during the operation, Wellmade Industries' owner, Zhu Chen, and nephew, Jiayi Chen were arrested on state charges for trafficking persons for labor servitude. Additionally, dozens of victims employed at Wellmade Performance Flooring were rescued from labor exploitation.","April 4, 2025"
ice.gov,USA,arrest,-95.37011079999999,29.7600771,6/18/2025,16,Houston,https://www.ice.gov/news/releases/16-charged-sweeping-houston-based-multimillion-dollar-illegal-gambling-money,Unknown,"Houston, TX, USA",TX,b7aa79f8-1d70-4738-82c6-bdb80d4d2fe5,"16 charged in sweeping Houston-based multimillion-dollar illegal gambling, money laundering conspiracy",Harris County,"The operation was led by U.S. Immigration and Customs Enforcement with assistance from IRS Criminal Investigation; the Houston Police Department; FBI; High Intensity Drug Trafficking Areas Program; Harris County Constable’s Office – Precinct One; Harris County District Attorney’s Office; Bureau of Alcohol, Tobacco, Firearms and Explosives; and Drug Enforcement Administration.","April 4, 2025"
ice.gov,USA,arrest,-82.1342596,29.1850783,6/18/2025,1,Marion County,https://www.ice.gov/news/releases/little-league-coach-sentenced-10-years-attempting-meet-13-year-old-child-engage,Unknown,"Ocala, FL, USA",FL,5c19d822-190b-45fe-91fe-d4cff24aa5d8,Little league coach sentenced to 10 years for attempting to meet a 13-year-old child to engage in sexual activity,Marion County,"Joseph Rocco Quaranta, 48, of Dunnellon, pleaded guilty on Nov. 19, 2024.","April 4, 2025"
ice.gov,United States,arrest,-95.24229729999999,29.5765154,6/18/2025,N/A,Unknown,https://www.ice.gov/news/releases/ice-arrests-guatemalan-alien-convicted-attempted-murder,Unknown,"9223 Colt Canyon Ln, Houston, TX 77089, United States",TX 77089,127b7642-c5e1-472b-965e-2a2376e36207,ICE arrests Guatemalan alien convicted of attempted murder,Unknown,"ICE arrested Edvin Giovanni Ceron-Reyes, 37, an illegal alien and Guatemalan citizen, in Cumberland, Maryland, March 31, after he was transferred to ICE custody by the Western Correctional Facility.","April 4, 2025"
ice.gov,United States,arrest,-71.0908346,42.2840109,6/18/2025,N/A,Unknown,https://www.ice.gov/news/releases/ice-boston-arrests-alien-fugitive-wanted-homicide-dominican-republic,Unknown,"723 Morton St, Mattapan, MA 02126, United States",MA 02126,208e9ecc-86e7-4bc3-acb3-e56fe96ccf3f,ICE Boston arrests alien fugitive wanted for homicide in Dominican Republic,Unknown,"Officers with ICE Boston, agents from DEA New England and Marshals from USMS Boston arrested the Dominican fugitive Mar. 19 in Boston.","April 4, 2025"
ice.gov,United States,arrest,-95.4213858,29.7251523,6/18/2025,1,Unknown,https://www.ice.gov/news/releases/ice-houston-removes-honduran-fugitive-wanted-murder,Unknown,"2715 Bissonnet St Ste 160, Houston, TX 77005, United States",TX 77005,1bfba9be-3077-4e2e-bfe1-eae04e3c8ca4,ICE Houston removes Honduran fugitive wanted for murder,Unknown,"ICE removed Ruben Alonso Urbina Martinez, a 39-year-old illegal alien from Honduras, from the U.S. April 2. Urbina is a foreign fugitive wanted in Honduras for murder.","April 4, 2025"
ice.gov,USA,raid,-74.0059728,40.7127753,6/18/2025,133,New York,https://www.ice.gov/news/releases/ice-federal-partners-arrest-133-alien-offenders-during-enhanced-operation-new-york,Unknown,"New York, NY, USA",NY,9ac62677-aab6-4ee8-95c3-f804c32e36df,"ICE, federal partners arrest 133 alien offenders during enhanced operation in New York",Unknown,"Operations led to arrests of 84 illegal aliens from the Buffalo and Rochester areas, and 49 illegal aliens from Syracuse, Albany, Rouses Point, and Massena.","April 4, 2025"
ice.gov,United States,arrest,-71.2173586,42.1776744,6/18/2025,1,Unknown,https://www.ice.gov/news/releases/ice-boston-arrests-dominican-alien-charged-assault-rape-strangulation-massachusetts,Unknown,"61 Endicott St Building #26, Norwood, MA 02062, United States",MA 02062,986393c7-b23f-4526-9477-d6c225288fa2,"ICE Boston arrests Dominican alien charged with assault to rape, strangulation of a Massachusetts resident",Unknown,Officers with ICE Boston arrested Gregori Thomas Romero in Lawrence Feb. 1.,"April 4, 2025"
ice.gov,United States,arrest,-95.24229729999999,29.5765154,6/18/2025,N/A,Unknown,https://www.ice.gov/news/releases/ice-removes-criminal-illegal-alien-wanted-rape-ecuador,Unknown,"9223 Colt Canyon Ln, Houston, TX 77089, United States",TX 77089,7028841f-dc13-45ad-bf54-62832c06540a,ICE removes criminal illegal alien wanted for rape in Ecuador,Unknown,"ICE removed Jose Luis Romero Diaz, a citizen of Ecuador with a final order of removal, to Ecuador, March 25. Romero is a foreign fugitive wanted by law enforcement authorities in Ecuador for rape, trafficking in controlled substances and theft.","April 4, 2025"
ice.gov,Puerto Rico,arrest,-66.0593509,18.4153108,6/18/2025,N/A,San Juan,https://www.ice.gov/news/releases/former-puerto-rico-police-officer-sentenced-child-exploitation-following-ice-san-juan,Unknown,"San Juan, Puerto Rico",San Juan,69ea11a5-1fe7-4646-832c-aca1b13b4f8c,Former Puerto Rico police officer sentenced for child exploitation following ICE San Juan investigation,Unknown,"Luis Javier Pérez-Badillo, a former officer with the Puerto Rico Police Bureau, pleaded guilty to transportation of child pornography on Oct. 9, 2024.","April 3, 2025"
ice.gov,USA,arrest,-110.9741769,32.2539787,6/18/2025,1,Tucson,https://www.ice.gov/news/releases/tucson-sex-offender-indicted-naturalization-fraud-following-ice-arizona-investigation,Unknown,"Tucson, AZ, USA",AZ,4ac36621-e552-4bca-8f9f-60cdd5928aaf,Tucson sex offender indicted for naturalization fraud following ICE Arizona investigation,Pima,"According to the indictment, Juan Antonio Ruiz, 47, became a naturalized U.S. citizen in June 2015. The indictment alleges that Ruiz, during his citizenship process, falsely answered “no” to questions about any crimes he had committed but had not been arrested for.","April 3, 2025"
ice.gov,USA,arrest,-120.5478474,46.9965144,6/18/2025,1,Ellensburg,https://www.ice.gov/news/releases/previously-convicted-sex-offender-sentenced-federal-prison-child-pornography-charges,Unknown,"Ellensburg, WA, USA",WA,b5c78054-5656-4459-ad83-231f3b480616,"Previously convicted sex offender sentenced to federal prison for child pornography charges, following ICE investigation",Kittitas,Aaron Dollarhide will also serve five years of supervised release.,"April 3, 2025"
ice.gov,USA,arrest,-112.0776781,33.4482266,6/18/2025,100,Phoenix,https://www.ice.gov/news/releases/human-smuggling-coordinator-sentenced-following-ice-arizona-law-enforcement-partner,Unknown,"Phoenix, AZ, USA",AZ,97d2f69a-9575-4468-b1d6-9506382f5c07,"Human smuggling coordinator sentenced following ICE Arizona, law enforcement partner investigation",Maricopa,Greiby Melissa Barcelo-Velasquez was sentenced March 25 to 30 months in prison for her role in smuggling over 100 Colombians into the United States.,"April 3, 2025"
ice.gov,United States,arrest,-97.5053215,25.8935975,6/18/2025,1,Brownsville/Matamoros Port of Entry,https://www.ice.gov/news/releases/ice-rio-grande-valley-federal-partner-investigation-results-woman-admitting-smuggling,78520,"1220 Mexico Blvd, Brownsville, TX 78520, United States",TX 78520,3c3fc6ea-a185-4ea2-a906-c8791e7f821e,"ICE Rio Grande Valley, federal partner investigation results in a woman admitting to smuggling firearms into Mexico",Cameron County,"According to court documents, on Dec. 15, 2024, Mirna Luna, 38, attempted to cross at the Brownsville/Matamoros port of entry into Mexico.","April 3, 2025"
ice.gov,United States,arrest,-95.4243786,29.7356124,6/18/2025,174,ICE Houston,https://www.ice.gov/news/releases/ice-houston-deports-174-criminal-aliens-mexico-2-weeks-who-account-610-criminal,Unknown,"3333 Eastside St, Houston, TX 77098, United States",TX 77098,3e178f46-99eb-4361-8275-395b4443b3d5,ICE Houston deports 174 criminal aliens to Mexico in 2 weeks who account for 610 criminal convictions as a group,Harris County,Many of the criminal aliens removed to Mexico during the two-week period have illegally entered the U.S. numerous times and been convicted of multiple criminal offenses.,"April 3, 2025"
ice.gov,United States,detention,-81.12405,26.8386469,6/18/2025,500,Glades County Jail,https://www.ice.gov/news/releases/ice-expands-detention-capacity-glades-county-jail-florida,33471,"1297 FL-78, Moore Haven, FL 33471, United States",FL 33471,f16eb30d-bc39-4ec0-9a7c-c624581fb9fa,ICE expands detention capacity with Glades County Jail in Florida,Glades County,This agreement reestablishes the federal immigration processing and​ detention center and creates up to 500 additional beds.,"April 2, 2025"
ice.gov,USA,arrest,-118.242643,34.0549076,6/18/2025,5,Los Angeles,https://www.ice.gov/news/releases/4-chinese-nationals-sentenced-roles-complex-fraud-scheme-following-multiagency,Unknown,"Los Angeles, CA, USA",CA,2dbfe77b-3698-4922-bc2f-1e4860ea6ba9,"4 Chinese nationals sentenced for roles in complex fraud scheme, following multiagency investigation",Los Angeles County,"As part of the scheme, the defendants stole the personally identifiable information of hundreds of victims — including Social Security numbers, dates of birth and home addresses — and used that information to make fake driver’s licenses to access credit in the victims’ names at large national retailers, including Ulta Beauty, Sephora, Nordstrom, Macy’s, Kohl’s, Williams-Sonoma, Dillard’s and Saks Fifth Avenue.","April 2, 2025"
ice.gov,United States,arrest,-78.90370500000002,42.9520191,6/18/2025,N/A,Unknown,https://www.ice.gov/news/releases/ice-buffalo-arrests-criminal-alien-convicted-attempted-murder,Unknown,"44 Saratoga St, Buffalo, NY 14207, United States",NY 14207,aca93542-644b-4d5e-80df-ea6bd9149473,ICE Buffalo arrests criminal alien convicted of attempted murder,Unknown,"ICE arrested Osmin Guevara-Ramirez, a 32-year-old illegal alien from El Salvador upon his release from the Wyoming Correctional Facility in Attica, New York March 28.","April 2, 2025"
ice.gov,United States,arrest,-106.4917316,31.7549874,6/18/2025,N/A,El Paso stash house,https://www.ice.gov/news/releases/cuban-national-sentenced-nearly-decade-federal-prison-human-smuggling,Unknown,"1/2, 331 Leon St, El Paso, TX 79901, United States",TX 79901,828a0106-0c9b-4472-9135-e4f82f45cad0,Cuban national sentenced to nearly a decade in federal prison for human smuggling,El Paso County,"According to court documents, Humberto Yosvany Arriola-Rivero, 30, assisted in the harboring of illegal aliens and managed a stash house in El Paso. He also was an occupant in a vehicle that fled law enforcement that was transporting more than a dozen illegal aliens in April 2023.","April 2, 2025"
ice.gov,Unknown,other,Unknown,Unknown,6/18/2025,N/A,Croatian storage facility,https://www.ice.gov/news/releases/us-files-civil-forfeiture-complaint-47-million-proceeds-iranian-oil-sale-following,Unknown,Unknown,Unknown,47341afa-24a9-4e54-a1ae-68768575fc78,US files civil forfeiture complaint for $47 million in proceeds from Iranian oil sale following ICE investigation,Unknown,"An investigation by ICE has resulted in a civil forfeiture complaint alleging that $47 million in proceeds from the sale of nearly one million barrels of Iranian petroleum is forfeitable as property of, or affording a person a source of influence over, the Islamic Revolutionary Guard Corps or its Qods Force, designated Foreign Terrorist Organizations.","April 1, 2025"
ice.gov,Haiti,arrest,-74.4532954,18.4055787,6/18/2025,N/A,Les Irois,https://www.ice.gov/news/releases/former-mayor-les-irois-haiti-convicted-visa-fraud,Unknown,"Les Irois, Haiti",Les Irois,8a010120-4cfc-4b07-95c9-e465b4a1396f,"Former mayor of Les Irois, Haiti convicted of visa fraud",Unknown,"Jean Morose Viliena, 52, was convicted of three counts of visa fraud. Sentencing is scheduled for June 20, 2025.","April 1, 2025"
ice.gov,United States,arrest,-116.9628901,32.8232224,6/18/2025,4,San Diego Powder & Protective Coatings,https://www.ice.gov/news/releases/ice-san-diego-multiagency-case-results-4-defendants-charged-after-warrant-served-el,Unknown,"1702 Magnolia Ave, El Cajon, CA 92020, United States",CA 92020,7013bd0b-c496-4231-adb4-59441a83327b,"ICE San Diego, multiagency case results in 4 defendants charged after warrant served in El Cajon",San Diego,"John Washburn, general manager of San Diego Powder & Protective Coatings in El Cajon, and three employees, made their first appearances in federal court March 28 to face immigration charges stemming from a search warrant that was served by federal agents at the property March 27.","March 31, 2025"
ice.gov,USA,arrest,-111.881234,31.9120215,6/18/2025,2,Near the border,https://www.ice.gov/news/releases/phoenix-man-sentenced-prison-alien-smuggling-resulting-death-following-ice-arizona,Unknown,"Sells, AZ 85634, USA",AZ 85634,c36c0e39-4b5f-40c0-91c9-c5794fecb481,Phoenix man sentenced to prison for alien smuggling resulting in death following ICE Arizona investigation,Pima County,"Steven Beltran-Lugo, of Glendale, pleaded guilty to conspiracy to transport illegal aliens for profit placing in jeopardy the life of any person and resulting in death on Oct. 1, 2024.","March 31, 2025"
ice.gov,USA,arrest,-77.04698619999999,38.8050552,6/18/2025,1,Northern Virginia,https://www.ice.gov/news/releases/ice-washington-dc-arrests-salvadoran-alien-gang-member-northern-virginia,Unknown,"Northern Virginia, VA, USA",VA,9f979448-41e6-4734-a412-d6b31947da75,"ICE Washington, D.C., arrests Salvadoran alien gang member in Northern Virginia",Unknown,"Officers with ICE Washington, D.C.’s Fugitive Operations Team arrested Walter Bladimir Lopez-Ayala in Sterling Feb. 20.","March 31, 2025"
ice.gov,United States,arrest,-72.7804495,41.6646721,6/18/2025,N/A,Unknown,https://www.ice.gov/news/releases/ice-boston-arrests-guatemalan-alien-charged-sex-crimes-connecticut,Unknown,"18 Main St, New Britain, CT 06051, United States",CT 06051,e42888cd-de81-4d48-b392-b7daecb8b9ce,ICE Boston arrests Guatemalan alien charged with sex crimes in Connecticut,Unknown,"Officers with ICE Boston’s Hartford field office arrested Yosmar Imai Bravo-Ortiz, 21, in Hartford Feb. 20.","March 31, 2025"
ice.gov,USA,arrest,-74.0059728,40.7127753,6/18/2025,2,New York City,https://www.ice.gov/news/releases/ice-new-york-city-removes-2-illegally-present-felons-convicted-kidnapping-and,Unknown,"New York, NY, USA",NY,0d97f437-1f30-47c5-9ece-25a0035416fb,ICE New York City removes 2 illegally present felons convicted of kidnapping and homicide,Unknown,"ICE removed two illegally present Jamaican nationals convicted of felony offenses, Feb. 27.","March 31, 2025"
ice.gov,United States,arrest,-71.2173586,42.1776744,6/18/2025,1,Unknown,https://www.ice.gov/news/releases/ice-boston-arrests-ecuadoran-alien-charged-aggravated-child-rape-massachusetts,Unknown,"61 Endicott St Building #26, Norwood, MA 02062, United States",MA 02062,f28c3330-a18f-40a2-a1b9-0492b5f714bc,ICE Boston arrests Ecuadoran alien charged with aggravated child rape in Massachusetts,Unknown,"ICE arrested Jose Oswaldo Castro-Castro, 31, an illegally present Ecuadoran national charged with aggravated rape of a child, ten-year age difference and indecent assault and battery on a child under 14.","March 31, 2025"
ice.gov,USA,arrest,-104.990251,39.7392358,6/18/2025,1,Denver,https://www.ice.gov/news/releases/ice-denver-removes-man-wanted-el-salvador,Unknown,"Denver, CO, USA",CO,69121760-5e22-4efe-9228-15b017861daf,ICE Denver removes man wanted in El Salvador,Denver County,"ICE removed Salvadoran national and foreign fugitive Jose Eduardo Moran-Garcia, 28, to El Salvador via air transportation, March 28.","March 28, 2025"
ice.gov,United States,arrest,-95.24229729999999,29.5765154,6/18/2025,1,Unknown,https://www.ice.gov/news/releases/ice-arrests-illegal-mexican-national-involved-2014-vehicular-homicide-13-year-old,Unknown,"9223 Colt Canyon Ln, Houston, TX 77089, United States",TX 77089,a99fc26c-41f3-44ea-8ab8-5d5a2e54802f,ICE arrests illegal Mexican national involved in 2014 vehicular homicide of 13-year-old girl,Unknown,"ICE arrested Ramiro Guevara, a 46-year-old Mexican national and illegal alien March 26 who was involved in a 2014 vehicle accident, resulting in the death of 13-year-old girl.","March 28, 2025"
ice.gov,United States,arrest,-118.3755423,34.0271013,6/18/2025,2,Unknown,https://www.ice.gov/news/releases/father-son-arrested-fentanyl-trafficking-gun-sales-and-immigration-violations,Unknown,"3363 La Cienega Pl, Los Angeles, CA 90016, United States",CA 90016,9c9fe780-bce8-41eb-b340-4cf83ab956c4,"Father, son arrested on fentanyl trafficking, gun sales and immigration violations following ICE, multiagency investigation",Unknown,"Antonio Espinoza Zarate, 55, also known as “El Gato,” and his son, Francisco Javier Espinoza Galindo, 31, were arrested and charged in U.S. District Court, Central District of California.","March 28, 2025"
ice.gov,USA,arrest,-71.80249309999999,42.2628113,6/18/2025,N/A,Worcester,https://www.ice.gov/news/releases/international-law-enforcement-cooperation-leads-takedown-and-immigration-arrests,Unknown,"Worcester, MA, USA",MA,ab478386-7b43-4547-90d6-59301cd2e095,International law enforcement cooperation leads to takedown and immigration arrests of alien smugglers in US and Brazil,Worcester County,"Flavio Alexandre Alves, also known as “Ronaldo,” 41, was arrested by U.S. Immigration and Customs Enforcement in Worcester on a criminal complaint charging him with conspiracy to bring aliens to and transport aliens within the United States for the purpose of commercial or financial gain in violation of law.","March 28, 2025"
ice.gov,USA,arrest,-81.91733339999999,30.691068,6/18/2025,1,Hilliard,https://www.ice.gov/news/releases/florida-sex-offender-sentenced-15-years-distribution-child-sexual-abuse-material,32046,"Hilliard, FL, USA",FL,9ae4390e-c0a2-4b42-ad5a-fc62c80e1666,Florida sex offender sentenced to 15 years for distribution of child sexual abuse material,Nassau County,"Nicholes Scott Newman, 42, of Hilliard, was also ordered to serve a 10-year term of supervised release and register as a sex offender.","March 28, 2025"
ice.gov,USA,arrest,-99.5075519,27.5035613,6/18/2025,N/A,Laredo,https://www.ice.gov/news/releases/multiagency-investigation-results-cartel-del-noreste-leader-sentencing-murder-hire,Unknown,"Laredo, TX, USA",TX,0331feb0-a430-461e-8a42-ad86dbae40bb,"Multiagency investigation results in Cartel Del Noreste leader sentencing for murder-for-hire, kidnapping conspiracies",Webb,"Noe Gonzalez-Martinez, also known as Tocayo, 41, will serve the rest of his life plus 60 months in federal prison for his role in multiple convictions related to a murder-for-hire scheme that brought three sicarios, or hitmen, across the U.S. border into Laredo.","March 28, 2025"
ice.gov,United States,arrest,-110.9569803,31.3585507,6/18/2025,1,trucking yard near Nogales,https://www.ice.gov/news/releases/ice-arizona-multiagency-case-results-nogales-man-sentenced-10-years-prison,Unknown,"1430 N Mariposa Rd, Nogales, AZ 85621, United States",AZ 85621,73e56f82-0465-4d18-a7fe-5ba5721e436e,"ICE Arizona, multiagency case results in Nogales man sentenced to 10 years in prison for methamphetamine possession, intent to distribute",Santa Cruz,"Sergio Humberto Ramos, 73, pleaded guilty to possession with intent to distribute methamphetamine, admitting that he was paid to store the drugs at a trucking yard near Nogales until they could be transported.","March 28, 2025"
ice.gov,USA,arrest,-111.8881397,40.7605601,6/18/2025,N/A,Salt Lake City,https://www.ice.gov/news/releases/ice-salt-lake-city-removes-foreign-fugitive-sexual-assault-minor,Unknown,"Salt Lake City, UT, USA",UT,50b7987a-a2e6-4560-98ac-fbcc94630707,ICE Salt Lake City removes foreign fugitive for sexual assault of minor,Salt Lake,"ICE removed Mexican citizen and foreign fugitive Jairo Ivan Paredes Cota, 43,  to Mexico via ground transportation, March 27. Paredes is wanted in his home country for the sexual assault of a minor.","March 28, 2025"
ice.gov,United States,arrest,-97.64340179999999,26.1947307,6/18/2025,72,Rio Grande Valley,https://www.ice.gov/news/releases/ice-arrests-72-criminal-aliens-during-week-long-multi-agency-operation-rio-grande,Unknown,"5001 Logans Run Cir suite a, Harlingen, TX 78550, United States",TX 78550,686cd1d4-ff64-4322-83b3-3b1038432589,ICE arrests 72 criminal aliens during week-long multi-agency operation in the Rio Grande Valley,Cameron County,ICE and its partners arrested 72 illegal aliens during the operation charged or convicted of a criminal offense while illegally present in the U.S.,"March 27, 2025"
ice.gov,USA,arrest,-75.1652215,39.9525839,6/18/2025,1,Philadelphia,https://www.ice.gov/news/releases/ice-philadelphia-removes-illegal-alien-wanted-murder-ecuador,Unknown,"Philadelphia, PA, USA",PA,185aba7a-7339-4bbc-83f0-fcae90538fbe,ICE Philadelphia removes illegal alien wanted for murder to Ecuador,Philadelphia County,"ICE removed Luis Gerardo Pelaez Llivichuzca, a citizen of Ecuador with a final order of removal wanted by his home country for murder, to Ecuador on March 25.","March 27, 2025"
ice.gov,USA,arrest,-86.5853155,34.7295497,6/18/2025,13,Huntsville,https://www.ice.gov/news/releases/ice-law-enforcement-partners-arrest-13-illegal-criminal-alien-offenders-during,Unknown,"Huntsville, AL, USA",AL,796ff6ce-8396-4744-b815-5c2154dd407a,"ICE, law enforcement partners arrest 13 illegal criminal alien offenders during Huntsville enforcement operation",Madison County,"ICE is focused on smart, effective immigration enforcement that protects the U.S. homeland through the arrest and removal of those individuals who compromise the safety of our communities and the integrity of our immigration laws.","March 27, 2025"
ice.gov,United States,arrest,-95.24229729999999,29.5765154,6/18/2025,N/A,Unknown,https://www.ice.gov/news/releases/ice-removes-mexican-fugitive-wanted-family-violence,Unknown,"9223 Colt Canyon Ln, Houston, TX 77089, United States",TX 77089,6ac5b58f-3f01-4d9b-a8cd-0957c0dc7d54,ICE removes Mexican fugitive wanted for family violence,Unknown,"ICE removed Juan Jasso-Botello, a 44-year-old Mexican fugitive wanted in Mexico for family violence, March 25.","March 27, 2025"
ice.gov,United States,arrest,-71.2173586,42.1776744,6/18/2025,1,Unknown,https://www.ice.gov/news/releases/ice-boston-arrests-brazilian-alien-charged-assault-battery-massachusetts,Unknown,"61 Endicott St Building #26, Norwood, MA 02062, United States",MA 02062,0d29231c-2acc-4f5b-89f7-ed6ec6b3d757,"ICE Boston arrests Brazilian alien charged with assault, battery in Massachusetts",Unknown,"ICE apprehended an illegally present Brazilian alien charged with assault and battery on a family member when officers arrested Weliton Pires-Dos Santos, 39, in Framingham Jan. 26.","March 27, 2025"
ice.gov,USA,arrest,-95.37011079999999,29.7600771,6/18/2025,1,Houston,https://www.ice.gov/news/releases/ice-houston-removes-guatemalan-fugitive-wanted-criminal-impersonation,Unknown,"Houston, TX, USA",TX,0fe55e89-722e-40f2-8b08-aea0cf681891,ICE Houston removes Guatemalan fugitive wanted for criminal impersonation,Harris County,"ICE removed Kevin Estuardo Escobar Chanas, a 27-year-old foreign fugitive wanted for criminal impersonation in Guatemala, from the United States March 26.","March 27, 2025"
ice.gov,United States,arrest,-71.2173586,42.1776744,6/18/2025,1,Unknown,https://www.ice.gov/news/releases/ice-boston-arrests-lebanese-alien-charged-assault-battery-sex-crime-massachusetts,Unknown,"61 Endicott St Building #26, Norwood, MA 02062, United States",MA 02062,5075a22d-6545-4efe-85d7-8866a9f96534,"ICE Boston arrests Lebanese alien charged with assault, battery, sex crime in Massachusetts",Unknown,"ICE apprehended Pierre Maurice Al-Asmar, an illegally present Lebanese national charged with assault and battery and indecent assault and battery on person 14 or over, Jan. 25 in Lakeville.","March 26, 2025"
ice.gov,United States,arrest,-95.24229729999999,29.5765154,6/18/2025,N/A,Unknown,https://www.ice.gov/news/releases/ice-arrests-chinese-national-convicted-illegally-acting-agent-foreign-government,Unknown,"9223 Colt Canyon Ln, Houston, TX 77089, United States",TX 77089,3c69fdc7-737f-4a30-91c2-55d38380a2b2,ICE arrests Chinese national convicted of illegally acting as agent of foreign government,Unknown,"ICE apprehended Ming Xi Zhang, a Chinese national who was sentenced last year for acting as an agent of a foreign government without prior notification to the U.S. Attorney General. ICE Enforcement and Removal Operations Newark arrested and detained him on March 24 in Newark, New Jersey He remains in ICE custody.","March 26, 2025"
ice.gov,Honduras,arrest,-87.92708929999999,15.4557387,6/18/2025,4,Ramon Villeda Morales International Airport,https://www.ice.gov/news/releases/ice-removes-4-honduran-fugitives-wanted-homicide-drug-trafficking,Unknown,"Blvd. a Aeropuerto Ramon Villeda Morales, La Lima, Cortés, Honduras",Cortés,9e134768-e21f-416f-939b-30d4f934db5e,"ICE removes 4 Honduran fugitives wanted for homicide, drug trafficking",Unknown,"ICE transferred custody of the Honduran nationals to local law enforcement authorities at the Ramon Villeda Morales International Airport in San Pedro Sula, Honduras.","March 26, 2025"
ice.gov,United States,arrest,-74.2137587,40.80951779999999,6/18/2025,1,Unknown,https://www.ice.gov/news/releases/ice-arrests-brazilian-national-convicted-drug-trafficking-home-country,Unknown,"24 Elm St, Montclair, NJ 07042, United States",NJ 07042,259a227a-9715-4abf-987c-848eefe8980b,ICE arrests Brazilian national convicted of drug trafficking in home country,Unknown,"ICE, with assistance from FBI Newark, arrested Dirlei Da Luz Da Silva, a native and citizen of Brazil, wanted by Brazilian authorities for drug trafficking related crimes.","March 25, 2025"
ice.gov,United States,arrest,-74.96025060000001,39.9327336,6/18/2025,3,hotel in Mount Laurel,https://www.ice.gov/news/releases/ice-newark-investigation-leads-conviction-pennsylvania-man-conspiring-distribute,Unknown,"555 Fellowship Rd, Mt Laurel Township, NJ 08054, United States",NJ 08054,f6043855-0cdf-4d85-b8fb-619bd4bc4edd,ICE Newark investigation leads to conviction of Pennsylvania man for conspiring to distribute cocaine,Burlington,"Marvin Murphy, 48, of Philadelphia, was convicted on March 18 after a two-day bench trial at the U.S. District Court for the District of New Jersey in Camden. Murphy was remanded into custody after the verdict.","March 25, 2025"
ice.gov,United States,arrest,-74.17686359999999,40.6884837,6/18/2025,1,Newark Liberty International Airport,https://www.ice.gov/news/releases/ice-partners-rapid-response-locate-suspect-newark-airport-attempting-flee-us,07114,"Newark, NJ 07114, United States",NJ 07114,5f1aebbb-b80f-41c8-a7fc-84e643332358,"ICE, partners’ rapid response locate suspect at Newark airport attempting to flee the US",Essex,Mihaly Bodner was arrested on a Hornell City Court warrant for first degree statutory rape of a child under 13 years of age by ICE Homeland Security Investigations Newark.,"March 25, 2025"
ice.gov,United States,arrest,-99.9156301,32.2930951,6/18/2025,20,Highway 277,https://www.ice.gov/news/releases/driver-second-human-smuggling-vehicle-involved-2021-southwest-texas-incident,Unknown,"US-277, United States",Del Rio,3ba6a38e-ac62-4661-877a-491add15d760,Driver of second human smuggling vehicle involved in 2021 Southwest Texas incident sentenced to 10 years in federal prison following ICE Del Rio and federal partner investigation,Unknown,"A illegal Salvadoran alien, identified as Juan Alonso Barrientos-Quintanilla, 23, was sentenced March 25 by a federal judge to serve 120 months in prison for his role in a deadly 2021 human smuggling operation.","March 25, 2025"
ice.gov,USA,arrest,-71.1522765,42.4792618,6/18/2025,1,Woburn,https://www.ice.gov/news/releases/ice-arrests-brazilian-national-selling-fake-social-security-cards-and-green-cards,Unknown,"Woburn, MA, USA",MA,d9e79e7f-491b-415f-886d-6b872a2a00d0,ICE arrests Brazilian national for selling fake Social Security cards and green cards,Middlesex,"Liene Tavares De Barros, Jr., 39, is charged with one count of unlawful transfer of a document or authentication feature.","March 25, 2025"
ice.gov,USA,arrest,-122.4194155,37.7749295,6/18/2025,N/A,San Francisco,https://www.ice.gov/news/releases/ice-san-franciso-and-partners-take-transnational-criminal-streets-california,Unknown,"San Francisco, CA, USA",CA,e59b6a80-f8b3-485c-bbb4-ee9cbc1ecd46,ICE San Franciso and partners take transnational criminal off the streets in California,San Francisco County,"ICE arrested Gurdev Singh, 23, an Indian national and criminal alien, March 12 in French Camp, California, as part of a targeted criminal enforcement action.","March 24, 2025"
ice.gov,United States,arrest,-95.9402841,41.2570751,6/18/2025,1,Douglas County,https://www.ice.gov/news/releases/dhs-ice-and-interagency-enforcement-arrest-and-extradite-honduran-criminal-alien,Unknown,"1819 Farnam St # H08, Omaha, NE 68183, United States",NE 68183,dfca816e-352b-4a32-a70f-95d7e1985b0c,"DHS, ICE, and interagency enforcement arrest and extradite Honduran criminal alien",Douglas County,"A Honduran criminal alien, Eswin Mejia, 28, wanted in connection with a tragic 2016 motor vehicle homicide in Douglas County, Nebraska, was arrested and extradited to the United States, March 21 following an extensive ICE joint partner investigation.","March 24, 2025"
ice.gov,United States,raid,-71.2173586,42.1776744,6/18/2025,370,Massachusetts,https://www.ice.gov/news/releases/ice-law-enforcement-partners-arrest-370-alien-offenders-during-enhanced-operation,Unknown,"61 Endicott St Building #26, Norwood, MA 02062, United States",MA 02062,6b98016d-b514-4fa1-9b1e-ebaa7e7b0a22,"ICE, law enforcement partners arrest 370 alien offenders during enhanced operation in Massachusetts",Unknown,"During the six-day enhanced operation, ICE and federal law enforcement partners targeted egregious criminal alien offenders including transnational criminal organizations known to operate in and around Boston and throughout Massachusetts.","March 24, 2025"
ice.gov,USA,arrest,-98.4945922,29.4251905,6/18/2025,N/A,San Antonio,https://www.ice.gov/news/releases/ice-federal-partner-investigation-results-2-men-convicted-1-extradited-guatemala-role,Unknown,"San Antonio, TX, USA",TX,f3f22862-d77b-4892-b521-20232d7b158d,"ICE, federal partner investigation results in 2 men convicted, 1 extradited from Guatemala for role in 2022 San Antonio alien smuggling mass casualty incident",Bexar County,"Felipe Orduna-Torres, 30, also known as Cholo, Chuequito, and Negro and Armando Gonzalez-Ortega, 55, also known as El Don and Don Gon were found guilty by a jury for their roles in the mass casualty alien smuggling event.","March 21, 2025"
ice.gov,Mexico,policy,-110.3308814,29.2972247,6/18/2025,9,Sonora,https://www.ice.gov/news/releases/ice-joins-us-department-treasury-announcing-sanctions-against-mexico-based,Unknown,"Sonora, Mexico",Unknown,e747735f-8ed7-4f5a-97a1-f1bb9f9eb868,ICE joins US Department of the Treasury in announcing sanctions against Mexico-based transnational criminal organization leader responsible for smuggling migrants into the US,Unknown,"U.S. Immigration and Customs Enforcement joined the U.S. Department of the Treasury’s Office of Foreign Assets Control in announcing sanctions against Jumilca Sandivel Hernandez Perez, a prominent leader of the Lopez Human Smuggling Organization, March 18.","March 21, 2025"
ice.gov,USA,arrest,-87.6297982,41.8781136,6/18/2025,1,Chicago,https://www.ice.gov/news/releases/ice-chicago-removes-criminal-alien-wanted-rape-guatemala,Unknown,"Chicago, IL, USA",IL,4ad61411-5fd5-4f54-9907-88ce563bbfec,ICE Chicago removes criminal alien wanted for rape in Guatemala,Cook,"ICE removed Cecilio Lopez Vasquez, 40, March 17 to his home country of Guatemala where he is wanted for rape.","March 21, 2025"
ice.gov,USA,arrest,-117.9389526,34.0686208,6/18/2025,N/A,West Covina,https://www.ice.gov/news/releases/former-city-commissioner-west-covina-california-sentenced-child-exploitation,Unknown,"West Covina, CA, USA",CA,0c37ea8e-5b22-4296-8918-1f555ad085d4,"Former city commissioner for West Covina, California sentenced for child exploitation violations, following ICE investigation",Los Angeles County,"Herbert Redholtz, a Southern California native, previously served as a city commissioner for the city of West Covina, California, and was part of the Community and Senior Services Commission.","March 21, 2025"
ice.gov,United States,arrest,-81.7447117,30.2718809,6/18/2025,273,Jacksonville roofing businesses,https://www.ice.gov/news/releases/ice-irs-investigation-results-federal-prison-sentences,Unknown,"6215-1 Wilson Blvd Building 1, Jacksonville, FL 32210, United States",FL 32210,480013e8-d18e-4eb7-93bd-ae9d4f553963,"ICE, IRS investigation results in federal prison sentences",Duval,"Travis Morgan Slaughter and Tripp Charles Slaughter were sentenced to 41 months and 21 months in federal prison, respectively, for their crimes.","March 20, 2025"
ice.gov,United States,arrest,-71.2173586,42.1776744,6/18/2025,1,Unknown,https://www.ice.gov/news/releases/ice-boston-arrests-ugandan-alien-charged-massachusetts-assault-battery-pregnant,Unknown,"61 Endicott St Building #26, Norwood, MA 02062, United States",MA 02062,5ddf1824-d7eb-43e5-845e-147cfbb86457,"ICE Boston arrests Ugandan alien charged in Massachusetts with assault, battery on pregnant victim",Unknown,"ICE arrested Gedion Masunsu, 28, an illegal Ugandan alien charged in Massachusetts with two counts of assault and battery on a pregnant victim and destruction of property Jan. 25 in Waltham.","March 20, 2025"
ice.gov,USA,raid,-122.4194155,37.7749295,6/18/2025,N/A,San Francisco,https://www.ice.gov/news/releases/ice-san-francisco-federal-partners-target-transnational-criminal-organizations-major,Unknown,"San Francisco, CA, USA",CA,441164aa-b7f3-49d4-a6a1-fdf020cd86e1,"ICE San Francisco, federal partners target transnational criminal organizations in major enforcement action",San Francisco,"ICE along with the FBI, DEA and U.S. Probation, conducted a multi-agency operation March 11 targeting the disruption of cartel related narcotics and firearms distribution as well as others identified as criminal threats to the South Lake Tahoe, California community.","March 20, 2025"
ice.gov,United States,arrest,-74.0950038,44.2905993,6/18/2025,1,Federal Correctional Institution in Ray Brook,https://www.ice.gov/news/releases/ice-buffalo-arrests-paisas-gang-member-mexico,12977,"128 Ray Brook Rd, Ray Brook, NY 12977, United States",NY 12977,0ff340a5-979f-474d-a60d-fe3d992b8244,ICE Buffalo arrests Paisas gang member from Mexico,Essex County,"ICE arrested Mexican national and criminal alien Gilberto Guadalupe Guevara-Barboza, 26, upon his release from the Federal Correctional Institution in Ray Brook, New York, March 14.","March 20, 2025"
ice.gov,USA,arrest,-77.8600012,40.7933949,6/18/2025,1,State College,https://www.ice.gov/news/releases/ice-arrests-accused-child-rapist-state-college,Unknown,"State College, PA, USA",PA,33e8050f-b828-4ebd-9307-f9cf36d9915f,ICE arrests accused child rapist in State College,Centre County,"ICE arrested Julio Cesar Henao-Cordoba, a 38-year-old citizen of Colombia wanted by law enforcement authorities in Panama for aggravated rape of a child, outside his residence in State College, March 14.","March 20, 2025"
ice.gov,USA,arrest,-71.0565364,42.3555076,6/18/2025,1,Boston,https://www.ice.gov/news/releases/ice-boston-arrests-fugitive-wanted-brazil-manslaughter,Unknown,"Boston, MA, USA",MA,d721655d-ee96-4d13-b024-668c2fe9e0dc,ICE Boston arrests fugitive wanted in Brazil for manslaughter,Suffolk,ICE apprehended an illegally present 29-year-old Brazilian alien convicted in his native country for manslaughter while driving a motor vehicle Jan. 25 in Waltham.,"March 19, 2025"
ice.gov,United States,arrest,-95.3246374,29.7167608,6/18/2025,N/A,Unknown,https://www.ice.gov/news/releases/ice-houston-removes-previously-deported-criminal-alien-mexico-convicted-manslaughter,Unknown,"2441 Munger St, Houston, TX 77023, United States",TX 77023,471fc19e-e16b-4d33-a6a5-1783f444441d,ICE Houston removes previously deported criminal alien to Mexico convicted of manslaughter,Unknown,"ICE removed Orbelin Benitez-Carbajal, a 49-year-old previously deported criminal alien convicted of manslaughter, to Mexico March 17.","March 18, 2025"
ice.gov,USA,raid,-84.2700179,37.8393332,6/18/2025,81,Kentucky,https://www.ice.gov/news/releases/ice-arrests-81-illegal-aliens-part-joint-federal-law-enforcement-operation-kentucky,Unknown,"Kentucky, USA",Unknown,6e05b811-e8fe-4b60-b6df-c2ff5546a116,"ICE arrests 81 illegal aliens as part of joint federal law enforcement operation in Kentucky, of which 25 also charged with felony criminal offenses",Unknown,"Arrests included illegal aliens from Mexico, Guatemala, Honduras, El Salvador, Cuba, India and Palau.","March 18, 2025"
ice.gov,United States,arrest,-120.139739,34.5947972,6/18/2025,N/A,Unknown,https://www.ice.gov/news/releases/indian-man-residing-california-sentenced-prison-scheme-smuggle-aliens-us-following,Unknown,"1662 Copenhagen Dr, Solvang, CA 93463, United States",CA 93463,5d7731ad-3273-4be6-832d-b58af2cf5eb9,"Indian man residing in California sentenced to prison for scheme to smuggle aliens into the US, following ICE, USBP investigation",Unknown,"Sushil Kumar, 35, and three others were indicted in connection with a scheme to smuggle illegal aliens across the northern border for profit. The group was connected to two smuggling episodes in November and December 2023.","March 18, 2025"
ice.gov,Puerto Rico,arrest,-66.1560202,18.3998232,6/18/2025,31,Unknown,https://www.ice.gov/news/releases/ice-arrests-31-illegal-aliens-3-charged-criminal-activity,Unknown,"23 Calle Betances, Bayamón, 00961, Puerto Rico",00961,c8ec5e2e-9c51-476b-b0ca-ada66e2829c6,"ICE arrests 31 illegal aliens, 3 charged for criminal activity",Unknown,The multi-agency operation took place at an illegal cockfight location. Three of the arrested were charged for criminal activity.,"March 18, 2025"
ice.gov,USA,raid,-80.840116,35.2215548,6/18/2025,24,Charlotte,https://www.ice.gov/news/releases/ice-law-enforcement-partners-arrest-24-illegal-criminal-alien-offenders-during,Unknown,"Charlotte, NC, USA",NC,546ef537-2b65-4cb0-bed5-8433f596600c,"ICE, law enforcement partners arrest 24 illegal criminal alien offenders during Charlotte enforcement operation",Mecklenburg,"Entering the United States without authorization is a violation of federal law, and those who do so may be subject to administrative arrest and, in some cases, criminal prosecution.","March 18, 2025"
ice.gov,United States,arrest,-71.2173586,42.1776744,6/18/2025,1,Unknown,https://www.ice.gov/news/releases/ice-boston-arrests-illegal-guatemalan-alien-charged-sex-crimes-against-massachusetts,Unknown,"61 Endicott St Building #26, Norwood, MA 02062, United States",MA 02062,9e5295cc-9d3f-4601-a96d-f2982e33e35d,ICE Boston arrests illegal Guatemalan alien charged with sex crimes against Massachusetts minor,Unknown,"ICE apprehended Sostenes Perez-Lopez, 59, an illegal Guatemalan alien charged with two counts of indecent assault and battery on a child in Brighton, Feb. 18.","March 18, 2025"
ice.gov,United States,arrest,-95.24229729999999,29.5765154,6/18/2025,N/A,Unknown,https://www.ice.gov/news/releases/ice-removes-mexican-fugitive-wanted-homicide,Unknown,"9223 Colt Canyon Ln, Houston, TX 77089, United States",TX 77089,7a7bb3d7-e54a-450e-a36c-4e3b61de0d4a,ICE removes Mexican fugitive wanted for homicide,Unknown,"ICE removed Miguel Antonio Verdugo-Garcia, a 49-year-old Mexican fugitive wanted in Mexico for homicide, March 13.","March 17, 2025"
ice.gov,USA,arrest,-74.1744671,40.7315293,6/18/2025,1,Newark,https://www.ice.gov/news/releases/ice-newark-arrests-brazilian-national-wanted-overseas-serve-time-drug-charges,Unknown,"Newark, NJ, USA",NJ,5ae44db8-530b-47a1-a6bb-c97af5e1172f,ICE Newark arrests Brazilian national wanted overseas to serve time for drug charges,Essex,"ICE, with assistance from the FBI, arrested Douglas De Souza Gontijo, 34, a native and citizen of Brazil wanted by Brazilian authorities for drug trafficking related crimes, March 13.","March 17, 2025"
ice.gov,United States,raid,-93.2497472,30.2158233,6/18/2025,11,Port of Lake Charles,https://www.ice.gov/news/releases/ice-worksite-enforcement-operation-results-multiple-arrests-louisiana,Unknown,"1611 W Sallier St, Lake Charles, LA 70601, United States",LA 70601,ac1c05ec-53ef-499f-b597-6800c3db8a8d,ICE worksite enforcement operation results in multiple arrests in Louisiana,Calcasieu Parish,"As a result of the operation, 11 aliens were identified and arrested as working on the port and amenable to removal proceedings. The aliens came from Mexico, Nicaragua and Ecuador.","March 17, 2025"
ice.gov,USA,arrest,-73.9196324,40.7432759,6/18/2025,1,"Sunnyside, New York",https://www.ice.gov/news/releases/ice-newark-law-enforcement-partners-arrest-illegal-alien-arrest-warrants,Unknown,"Sunnyside, Queens, NY, USA",NY,01d36e26-5000-45ee-8f42-6becd85e7f73,"ICE Newark, law enforcement partners arrest illegal alien with arrest warrants",Queens,"ICE, with assistance from local and federal partners, apprehended Ismail Sayik, a citizen of Turkey illegally present in the United States, March 4 during a routine enforcement operation in New Jersey.","March 17, 2025"
ice.gov,USA,arrest,-84.5120196,39.1031182,6/18/2025,1,Cincinnati,https://www.ice.gov/news/releases/ice-cincinnati-arrests-bhutanese-national-sex-crime-conviction,Unknown,"Cincinnati, OH, USA",OH,7fcd7e0c-54dd-4a58-9df3-35deb7ff762c,ICE Cincinnati arrests Bhutanese national with sex crime conviction,Hamilton,"ICE arrested illegally present Roshan Tamang, a citizen of Bhutan, March 11, who had a final order of removal.","March 14, 2025"
ice.gov,USA,arrest,-81.42789839999999,26.069985,6/18/2025,1,Collier County,https://www.ice.gov/news/releases/4-time-removed-twice-convicted-criminal-alien-sentenced-1-year-illegal-reentry,Unknown,"Collier County, FL, USA",FL,cb968650-e812-4a19-906a-5f6de97ec4aa,"4-time removed, twice convicted criminal alien sentenced to 1+ year for illegal reentry",Collier,"An investigation by ICE led to Tomas Juarez-Santos, 45, a four-time removed criminal illegal alien from Mexico with two prior convictions for illegal reentry after deportation, being sentenced March 11 to more than a year in federal prison for illegally reentering the United States.","March 14, 2025"
ice.gov,USA,arrest,-75.0430969,39.48693919999999,6/18/2025,1,Vineland,https://www.ice.gov/news/releases/ice-newark-arrests-illegal-alien-new-jersey-prior-conviction-vehicular-homicide,Unknown,"Vineland, NJ, USA",NJ,6587ba48-0072-4c79-ad6a-85d996144e9a,ICE Newark arrests illegal alien in New Jersey with prior conviction of vehicular homicide for illegal reentry,Cumberland,"ICE apprehended Ismael Efrain Lopez-Bautista, 43, a citizen of Guatemala, March 11 for illegal reentry after deportation in Vineland, New Jersey.","March 14, 2025"
ice.gov,United States,arrest,-71.2173586,42.1776744,6/18/2025,N/A,Unknown,https://www.ice.gov/news/releases/ice-boston-arrests-turkish-alien-charged-raping-massachusetts-resident,Unknown,"61 Endicott St Building #26, Norwood, MA 02062, United States",MA 02062,07913622-6e15-4698-b069-6c06fc1b2c41,ICE Boston arrests Turkish alien charged with raping Massachusetts resident,Unknown,"ICE arrested an illegal Turkish national charged with raping a Massachusetts resident when officers with ICE Boston apprehended Bilal Karayigit, 26, in Burlington Feb. 19.","March 14, 2025"
ice.gov,USA,arrest,-95.37011079999999,29.7600771,6/18/2025,1,Houston,https://www.ice.gov/news/releases/ice-houston-deports-8-time-removed-criminal-alien-convicted-kidnapping-mexico,Unknown,"Houston, TX, USA",TX,600cd3c7-1d0a-4489-ad91-16aac8976683,ICE Houston deports 8-time removed criminal alien convicted of kidnapping to Mexico,Harris County,"ICE deported Baltazar Pantoja Calderon, a 43-year-old eight-time removed criminal alien convicted of kidnapping and several other criminal offenses in the U.S., to his home country of Mexico March 13.","March 14, 2025"
ice.gov,United States,arrest,-95.24229729999999,29.5765154,6/18/2025,N/A,Unknown,https://www.ice.gov/news/releases/ice-arrests-former-cuban-intelligence-officer-allegedly-obtaining-legal-status,Unknown,"9223 Colt Canyon Ln, Houston, TX 77089, United States",TX 77089,ae4c8153-f21c-419b-baae-148a448925e9,ICE arrests former Cuban intelligence officer for allegedly obtaining legal status through fraudulent means,Unknown,"Tomas Emilio Hernandez Cruz, 71, from West Park was arrested at his residence after an investigation into fraudulent claims he made on his immigration application.","March 14, 2025"
ice.gov,USA,arrest,-95.37011079999999,29.7600771,6/18/2025,1,Houston,https://www.ice.gov/news/releases/ice-houston-deports-6-time-removed-criminal-alien-mexico-6-convictions-dwi-6-theft,Unknown,"Houston, TX, USA",TX,2d21d1e0-d464-4c0a-861d-ad6a34f281b5,"ICE Houston deports 6-time removed criminal alien to Mexico with 6 convictions for DWI, 6 for theft",Harris County,"ICE transported Leticia Caballero Guadarrama, a 53-year-old criminal alien from Mexico, from the Montgomery Processing Center in Conroe, Texas, to the Laredo Port of Entry where she was released into Mexico.","March 14, 2025"
ice.gov,United States,other,-81.6200271,30.2995531,6/18/2025,66,Northeast Florida INTERCEPT Task Force,https://www.ice.gov/news/releases/child-exploitation-task-force-seizes-10-million-images-videos-second-year-sends-stern,Unknown,"4417 Beach Blvd #302, Jacksonville, FL 32207, United States",FL 32207,71fcef75-793c-4b98-a120-be083d891332,"Child exploitation task force seizes 10+ million images, videos in second year, sends stern warning to predators",Duval,"In 2024, the Northeast Florida INTERCEPT Task Force initiated 1,220 investigations and resolved 728 Cyber Tips from the National Center for Missing and Exploited Children. Investigators seized 122 electronic devices containing over 10 million images and videos, including more than 48,000 identified as child sexual abuse material.","March 14, 2025"
ice.gov,United States,raid,-77.0721741,38.8763796,6/18/2025,200,Northern Virginia,https://www.ice.gov/news/releases/ice-law-enforcement-partners-arrest-more-200-alien-offenders-during-enhanced-gang,Unknown,"1 Wilson Ave, Fort Myer, VA 22211, United States",VA 22211,ad3d8edd-171f-462a-8c06-a45e07b09060,"ICE, law enforcement partners arrest more than 200 alien offenders during enhanced gang operation in Northern Virginia",Unknown,"ICE and their law enforcement partners targeted transnational criminal organizations known to operate in the Northern Virginia suburbs of Washington, D.C. These organizations include the notorious MS-13 and 18th Street gangs.","March 13, 2025"
ice.gov,United States,arrest,-75.1531285,39.9471385,6/18/2025,N/A,Unknown,https://www.ice.gov/news/releases/ice-arrests-illegal-alien-previous-drug-trafficking-conviction,Unknown,"217-231 W Washington Square, Philadelphia, PA 19106, United States",PA 19106,2b413322-4495-4a15-86bf-818c7163a2ea,ICE arrests illegal alien with previous drug trafficking conviction,Unknown,"ICE, USMS and ATFE arrested Virginia Basora-Gonzalez, a 36-year-old citizen of the Dominican Republic, in Philadelphia during a joint operation, March 12.","March 13, 2025"
ice.gov,United States,arrest,-71.2173586,42.1776744,6/18/2025,1,Unknown,https://www.ice.gov/news/releases/ice-boston-arrests-illegal-guatemalan-alien-charged-aggravated-rape-massachusetts,Unknown,"61 Endicott St Building #26, Norwood, MA 02062, United States",MA 02062,f60832e7-92b8-4d5f-9755-531aa601cd17,ICE Boston arrests illegal Guatemalan alien charged with aggravated rape of Massachusetts child,Unknown,"ICE and the DEA arrested Stivenson Omar Perez-Ajtzalan, 19, an illegal Guatemalan alien charged with aggravated rape of a child, in Lawrence Jan. 30.","March 13, 2025"
ice.gov,United States,arrest,-71.0908346,42.2840109,6/18/2025,N/A,Unknown,https://www.ice.gov/news/releases/ice-boston-arrests-fugitive-alien-wanted-brazil-illegal-firearm-threatening-crimes,Unknown,"723 Morton St, Mattapan, MA 02126, United States",MA 02126,fabb08f4-3d77-4191-93ed-7e89a0394b2a,"ICE Boston arrests fugitive alien wanted in Brazil for illegal firearm, threatening crimes",Unknown,"The Brazilian alien illegally entered the United States on an unknown date, at an unknown location and without being inspected, admitted, or paroled by a U.S. immigration official.","March 13, 2025"
ice.gov,United States,arrest,-95.3246374,29.7167608,6/18/2025,N/A,Unknown,https://www.ice.gov/news/releases/repeat-child-predator-sentenced-25-years-possessing-distributing-child-sexual-abuse,Unknown,"2441 Munger St, Houston, TX 77023, United States",TX 77023,060229e4-bf2b-4008-ba00-ceca578107b8,"Repeat child predator sentenced to 25 years for possessing, distributing child sexual abuse materials following ICE investigation",Unknown,"Robert Earl Cochran Jr., a 63-year-old resident of Alvin, was sentenced in the U.S. District Court for the Southern District of Texas to serve 25 years in federal prison to be immediately followed by 10 years of supervised release, during which time he will have to comply with numerous requirements designed to restrict his access to children and the internet.","March 13, 2025"
ice.gov,United States,arrest,-95.24229729999999,29.5765154,6/18/2025,N/A,Unknown,https://www.ice.gov/news/releases/ice-removes-convicted-drug-trafficker-pakistan,Unknown,"9223 Colt Canyon Ln, Houston, TX 77089, United States",TX 77089,70a43274-2a68-4734-97a3-d186622ea96e,ICE removes convicted drug trafficker to Pakistan,Unknown,"ICE removed Amal Said, a citizen of Pakistan and convicted international drug trafficker with a final order of removal, to Pakistan March 5.","March 13, 2025"
ice.gov,United States,arrest,-75.1558596,39.9624825,6/18/2025,3,private residence in the Philadelphia area,https://www.ice.gov/news/releases/ice-investigation-nets-2-sentences-mens-roles-operating-fentanyl-drug-mill,Unknown,"525 N 11th St, Philadelphia, PA 19123, United States",PA 19123,79e4bd45-7f8e-4cd6-9a7b-75ec08063229,ICE investigation nets 2 sentences for men’s roles in operating fentanyl drug mill,Unknown,"Emmanuel F. Almonte Mejia, 40, of Philadelphia, was sentenced to 60 months, Feb. 27 and Hector Luiz De La Cruz Nunez, 32, was sentenced to 60 months, Feb. 5 by the U.S. District Court for the District of New Jersey. Both men and co-conspirator, Loanny F. Duran Hiciano, 37, previously plead guilty for their roles in a Philadelphia area drug mill.","March 12, 2025"
ice.gov,United States,arrest,-74.1685006,40.9146604,6/18/2025,1,Gouldson's residence,https://www.ice.gov/news/releases/federal-grand-jury-indicts-new-jersey-firearms-trafficker-following-ice-investigation,Unknown,"160 Ward St, Paterson, NJ 07505, United States",NJ 07505,5f8568e1-06ad-4c66-ba0d-79d2973dfae2,Federal grand jury indicts New Jersey firearms trafficker following ICE investigation,Passaic,"Mikhail Gouldson, 36, of Paterson, was charged on March 10 at the U.S. District Court for the District of New Jersey in a five-count indictment with one count of dealing in firearms without a license, one count of possession of a firearm and ammunition by a convicted felon, one count of possession of machine guns, one count of possession of unregistered firearms and one count of attempted trafficking in firearms.","March 12, 2025"
ice.gov,USA,raid,-106.650422,35.0843859,6/18/2025,48,Albuquerque,https://www.ice.gov/news/releases/ice-new-mexico-officers-arrest-48-illegal-aliens-20-whom-have-criminal-charges-or,Unknown,"Albuquerque, NM, USA",NM,59b21632-e2f6-4749-b35c-bdd349b09066,"ICE New Mexico officers arrest 48 illegal aliens, 20 of whom have criminal charges or convictions",Bernalillo,"The arrests occurred during a week-long enhanced enforcement operation ending March 8 in Albuquerque, Santa Fe and Roswell, New Mexico where ICE was joined by CBP, the FBI, the ATFE and the USMS.","March 12, 2025"
ice.gov,USA,arrest,-77.0368707,38.9071923,6/18/2025,1,"Washington, D.C.",https://www.ice.gov/news/releases/ice-washington-dc-arrests-illegal-salvadoran-national-convicted-assault-virginia,Unknown,"Washington, DC, USA",DC,53bea63f-28af-460b-8288-6491db757e3c,"ICE Washington, D.C. arrests illegal Salvadoran national convicted of assault in Virginia",Unknown,"ICE along with the DEA arrested Roxana Beatriz Ayala-Duran, 41, an illegally present Salvadoran national convicted in Virginia of assault, in Alexandria Feb. 25.","March 12, 2025"
ice.gov,United States,other,-71.3914871,44.5289344,6/18/2025,N/A,Unknown,https://www.ice.gov/news/releases/public-service-announcement-victim-identification-new-hampshire-gift-card-scheme,Unknown,"Groveton, NH 03582, United States",NH 03582,282440bf-af88-4988-bff0-c2905fd64452,Public Service Announcement: Victim identification in New Hampshire gift card scheme,Unknown,"In December 2023, ICE Homeland Security Investigations, the Internal Revenue Service’s Criminal Investigations, the U.S. Postal Inspection Service, and the Concord, New Hampshire Police Department began investigating a sophisticated gift card fraud scheme that is perpetuated by criminal organizations in China.","March 12, 2025"
ice.gov,USA,arrest,-117.1610838,32.715738,6/18/2025,1,San Diego,https://www.ice.gov/news/releases/ice-san-diego-arrests-violent-criminal-illegal-alien-convicted-attempted-murder-after,Unknown,"San Diego, CA, USA",CA,a4538787-992e-44cc-b047-cb735d07d7d6,ICE San Diego arrests violent criminal illegal alien convicted of attempted murder after reentering the US over 7 times,San Diego County,"ICE arrested and removed illegal alien Jose Antonio Garcia, 51, March 10, to Mexico after Calipatria State Prison honored an immigration detainer following the alien’s scheduled release from prison for conviction of attempted murder.","March 12, 2025"
ice.gov,United States,arrest,-95.24229729999999,29.5765154,6/18/2025,N/A,Unknown,https://www.ice.gov/news/releases/ice-law-enforcement-partners-apprehend-previously-deported-fugitive-alien-wanted,Unknown,"9223 Colt Canyon Ln, Houston, TX 77089, United States",TX 77089,632d3130-6bf8-4fe8-8ab6-6917c4045e32,"ICE, law enforcement partners apprehend previously deported fugitive alien wanted for vehicular homicide",Unknown,"Joel Sac-Tambriz, a 24-year-old previously deported Guatemalan national, was taken into custody pursuant to an outstanding arrest warrant out of Tarrant County, Texas, for vehicular homicide for allegedly hitting a 30-year-old man with his vehicle and fleeing the scene on June 9, 2024.","March 12, 2025"
ice.gov,USA,arrest,-81.6591529,30.3297566,6/18/2025,1,Jacksonville,https://www.ice.gov/news/releases/6-time-removed-twice-convicted-mexican-national-charged-illegal-reentry,Unknown,"Jacksonville, FL, USA",FL,74237fb0-ff3b-42b1-8cfb-ca69d49febdb,"6-time removed, twice convicted Mexican national charged with illegal reentry",Duval,"An ICE investigation led to Juan Carlos Ruiz-Diaz, 44, an illegal alien from Mexico, being indicted with illegal reentry into the United States after having been previously removed six times and convicted twice for the same offense.","March 12, 2025"
ice.gov,USA,arrest,-106.650422,35.0843859,6/18/2025,4,Albuquerque,https://www.ice.gov/news/releases/4-illegal-aliens-charged-firearms-offenses-result-ice-las-cruces-and-atf,Unknown,"Albuquerque, NM, USA",NM,020bb44b-0b4b-4fd8-aaba-632693ffceaf,4 illegal aliens charged with firearms offenses as a result of an ICE Las Cruces and ATF investigation,Bernalillo,"On Feb. 25, HSI special agents executed a search warrant at an apartment in Albuquerque, New Mexico. In one bedroom, agents recovered a loaded pistol with an extended magazine containing 19 rounds of ammunition.","March 11, 2025"
ice.gov,USA,arrest,-117.1610838,32.715738,6/18/2025,1,San Diego,https://www.ice.gov/news/releases/ice-san-diego-arrests-mexican-national-criminal-history,Unknown,"San Diego, CA, USA",CA,afb32a52-087a-458b-a4ee-33f87e98c9de,ICE San Diego arrests Mexican national with criminal history,San Diego County,"ICE arrested Daniel Mendivil Esquer, a 38-year-old Mexican citizen, March 6 in Dulzura. Mendivil has a history of criminal offenses, including possession of controlled substance paraphernalia and criminal street gang activity.","March 11, 2025"
ice.gov,United States,arrest,-96.70527399999999,33.027193,6/18/2025,1,Unknown,https://www.ice.gov/news/releases/ice-dallas-arrests-mexican-national-convicted-killing-man-and-setting-body-fire,Unknown,"704 Central Pkwy E, Plano, TX 75074, United States",TX 75074,9dfdd57c-9a21-4dc0-bf9a-cfa95674478b,ICE Dallas arrests Mexican national convicted of killing man and setting body on fire without prison time,Unknown,"ICE arrested Manuel Tellez, a 48-year-old citizen of Mexico, March 4, in Dallas. ICE prioritized Tellez for arrest after identifying him as removable following his April 3, 2022, arrest for murder.","March 11, 2025"
ice.gov,United States,arrest,-95.24229729999999,29.5765154,6/18/2025,N/A,Unknown,https://www.ice.gov/news/releases/ice-apprehends-illegal-alien-ties-nicaraguan-massacre-and-mexican-drug-cartel,Unknown,"9223 Colt Canyon Ln, Houston, TX 77089, United States",TX 77089,48589c5e-7476-459e-8cf6-2836700ba82b,ICE apprehends illegal alien with ties to Nicaraguan massacre and Mexican drug cartel,Unknown,"ICE arrested Javier Zeledon Reyes, 56, an illegal alien and citizen of Nicaragua, in Hyattsville, March 6, after he admitted during immigration proceedings to massacring approximately 20 people in the 1990s while serving in the Nicaraguan army.","March 11, 2025"
ice.gov,United States,arrest,-81.6977742,30.2254089,6/18/2025,4,NAS Jacksonville,https://www.ice.gov/news/releases/naval-reservist-charged-bribe-obtain-military-identification-cards-unauthorized,32212,"6801 Roosevelt Blvd, Jacksonville, FL 32212, United States",FL 32212,30efcf29-574f-48c2-9ec2-fd97f472ebe6,"Naval reservist charged for bribe to obtain military identification cards for unauthorized individuals, including a Chinese national",Duval,"Raymond Andres Zumba, 27, of Staten Island, New York, faces a maximum penalty of 15 years in federal prison. Zumba has been ordered detained pending trial.","March 11, 2025"
ice.gov,USA,arrest,-81.6591529,30.3297566,6/18/2025,6,Duval County,https://www.ice.gov/news/releases/6-foreign-nationals-indicted-illegal-reentry,Unknown,"Jacksonville, FL, USA",FL,8bd0c245-abdb-408a-89ef-0540405f75c7,6 foreign nationals indicted for illegal reentry,Duval County,"Cesar Antonio Geronimo-Morales, 34, of Guatemala; Calixto Gomez-Lopez, 42, of Guatemala; Fermin Diaz, 37, of El Salvador; Lenar Donaldo Martinez-Garay, 32, of Honduras; Lesman Yohan Lopez-Gamez, 33, of Honduras; and Juan Jose Resendiz-Gonzalez, 47, of Mexico, have been indicted with illegal reentry by a previously deported alien. If convicted, each faces up to two years in federal prison.","March 11, 2025"
ice.gov,USA,detention,-78.8788896,42.88690039999999,6/18/2025,1,Buffalo,https://www.ice.gov/news/releases/ice-buffalo-removes-convicted-drug-trafficker-canada,Unknown,"Buffalo, NY, USA",NY,02890860-02c7-4379-a28d-05b8c944b393,ICE Buffalo removes convicted drug trafficker to Canada,Erie,"ICE completed the removal of Christopher Anthony Frater, a 32-year-old citizen of Canada, to his home country March 7 as part of the Canadian Treaty Transfer program.","March 11, 2025"
ice.gov,United States,arrest,-95.24229729999999,29.5765154,6/18/2025,N/A,Unknown,https://www.ice.gov/news/releases/ice-apprehends-fugitive-alien-wanted-homicide-following-prison-escape-haiti,Unknown,"9223 Colt Canyon Ln, Houston, TX 77089, United States",TX 77089,c217ed74-d26b-459f-9993-b4d567d4492e,ICE apprehends fugitive alien wanted for homicide following prison escape in Haiti,Unknown,"ICE arrested Wilbert Jean-Baptiste, a 38-year-old convicted murderer wanted in Haiti following a prison escape, Feb. 4.","March 11, 2025"
ice.gov,Honduras,other,-87.1769113,14.0953269,6/18/2025,N/A,American School of Tegucigalpa,https://www.ice.gov/news/releases/know2protect-our-rescue-partner-american-school-tegucigalpa-educate-students-honduras,Unknown,"3RWF+46P, Tegucigalpa, Francisco Morazán, Honduras",Francisco Morazán,90116c15-1072-44a0-9d04-94e7b83bfa19,"Know2Protect, OUR Rescue partner with the American School of Tegucigalpa to educate students in Honduras about online child exploitation and abuse prevention",Unknown,"The event aimed to educate students, teachers, school administrators, and parents about the dangers of online child exploitation and abuse, and how they can protect themselves and their children from these ever-present online threats.","March 11, 2025"
ice.gov,USA,raid,-80.840116,35.2215548,6/18/2025,N/A,Charlotte area,https://www.ice.gov/news/releases/ice-law-enforcement-partners-arrest-criminal-aliens-during-multi-agency-operation,Unknown,"Charlotte, NC, USA",NC,5c5d4552-691d-4a13-b51e-582df5d77316,"ICE, law enforcement partners arrest criminal aliens during multi-agency operation in Charlotte area",Mecklenburg,"The multi-agency operation’s goal was to increase the safety of freight trains and their crews traveling through Charlotte, due to increased reporting of gang affiliated aliens on the rail tracks, threatening citizens and employees of the railway, selling narcotics, trespassing, and other criminal activity.","March 11, 2025"
ice.gov,USA,raid,-122.4194155,37.7749295,6/18/2025,N/A,San Francisco,https://www.ice.gov/news/releases/ice-san-francisco-federal-partners-target-transnational-criminal-organizations,Unknown,"San Francisco, CA, USA",CA,0a3d0aeb-a20c-4275-b06a-2894c2c1cecf,"ICE San Francisco, federal partners, target transnational criminal organizations in enforcement operation",San Francisco County,"Among those arrested were members of violent international gangs, known for their involvement in drug trafficking, human smuggling, and violent crimes. Additionally, ICE took custody of convicted sex offenders who had unlawfully re-entered the United States, as well as individuals facing federal criminal charges for immigration and other violations.","March 10, 2025"
ice.gov,United States,other,-95.24229729999999,29.5765154,6/18/2025,N/A,Unknown,https://www.ice.gov/news/releases/ice-international-partners-conduct-operation-renewed-hope-iii-identify-and-rescue,Unknown,"9223 Colt Canyon Ln, Houston, TX 77089, United States",TX 77089,81189bc8-1cc1-410e-80a5-c2efdaa0646c,"ICE, international partners conduct Operation Renewed Hope III to identify and rescue child victims of online exploitation",Unknown,The ICE HSI-led operation resulted in the discovery and positive identification of 36 victims and more than 380 investigative leads related to additional victims.,"March 10, 2025"
ice.gov,USA,raid,-95.37011079999999,29.7600771,6/18/2025,646,Houston area,https://www.ice.gov/news/releases/ice-arrests-543-criminal-aliens-7-gang-members-houston-area-during-week-long-multi,Unknown,"Houston, TX, USA",TX,09ef8676-4e42-4d00-958a-f824e2a78af6,"ICE arrests 543 criminal aliens, 7 gang members in Houston area during week-long multi-agency operation",Harris,"U.S. Customs and Border Protection, the Bureau of Alcohol, Tobacco, Firearms and Explosives, the FBI, the Drug Enforcement Administration, the Texas Department of Public Safety, the Diplomatic Security Service, the U.S. Marshals Service, and several other state and local law enforcement agencies participated in the operation.","March 10, 2025"
ice.gov,USA,detention,-83.0424533,42.32971819999999,6/18/2025,1,Detroit,https://www.ice.gov/news/releases/ice-detroit-removes-albanian-wanted-fraud-and-bribery,Unknown,"Detroit, MI, USA",MI,3072bd4a-d2f0-4d6d-a78c-0de3dd13dbab,ICE Detroit removes Albanian wanted for fraud and bribery,Wayne,"ICE removed Fatbardh Lala, an Albanian national wanted in his home country on fraud and bribery charges, when he was turned over to Albanian authorities at the Tirana International Airport in Tirana, Albania, March 6.","March 10, 2025"
ice.gov,United States,detention,-95.24229729999999,29.5765154,6/18/2025,N/A,Unknown,https://www.ice.gov/news/releases/ice-removes-mexican-fugitive-wanted-kidnapping-criminal-association,Unknown,"9223 Colt Canyon Ln, Houston, TX 77089, United States",TX 77089,651d287e-f793-4b77-b0b1-b83176376447,"ICE removes Mexican fugitive wanted for kidnapping, criminal association",Unknown,"ICE removed Jose Ramon Torres Cordova, a 47-year-old Mexican fugitive wanted in Hermosillo, Mexico, for kidnapping and criminal association, March 7.","March 10, 2025"
ice.gov,USA,arrest,-77.0368707,38.9071923,6/18/2025,7,"Washington, D.C.",https://www.ice.gov/news/releases/ice-investigation-leads-extradition-racketeering-charge-international-ms-13-gang,Unknown,"Washington, DC, USA",DC,7a11cb17-2598-4bad-97cc-d1c81582b0be,"ICE investigation leads to extradition, racketeering charge for international MS-13 gang leader",Unknown,"Guatemalan officials extradited Moises Humberto Rivera-Luna, also known as Santos and Viejo Santos, 55, from Guatemala to the United States, March 4.","March 10, 2025"
ice.gov,USA,arrest,-74.0059728,40.7127753,6/18/2025,1,New York City,https://www.ice.gov/news/releases/ice-new-york-city-arrests-convicted-romanian-national-removal-order,Unknown,"New York, NY, USA",NY,5c408e9c-e40a-45ed-9ec3-120a645eee02,ICE New York City arrests convicted Romanian national with removal order,Unknown,"ICE arrested Dan Adrian Agafitei, 26, an illegally present Romanian national upon his release from the U.S. Bureau of Prisons Metropolitan Detention Center in Brooklyn, March 4.","March 7, 2025"
ice.gov,USA,arrest,-74.0059728,40.7127753,6/18/2025,1,New York City,https://www.ice.gov/news/releases/ice-new-york-city-arrests-previously-removed-guatemalan-national-child-sex-offender,Unknown,"New York, NY, USA",NY,c1744951-2497-4143-a9b5-d3628aeaf0ff,"ICE New York City arrests previously removed Guatemalan national, child sex offender",Unknown,"ICE arrested Axel Ramirez-Hernandez, a 32-year-old Guatemalan national with convictions for sexual assault of a victim less than 16 years old and illegal reentry after deportation, March 6 in Spring Valley with a criminal warrant of arrest for illegal reentry after deportation.","March 7, 2025"
ice.gov,United States,arrest,-95.24229729999999,29.5765154,6/18/2025,N/A,Unknown,https://www.ice.gov/news/releases/ice-removes-romanian-fugitive-wanted-identity-theft-fraud-france,Unknown,"9223 Colt Canyon Ln, Houston, TX 77089, United States",TX 77089,d7043932-05ef-4cba-ad1e-4c84eb6a5ee5,"ICE removes Romanian fugitive wanted for identity theft, fraud in France",Unknown,"ICE removed foreign fugitive Torsten Ew Torz, 31, a native of Germany and citizen of Romania, March 6.","March 7, 2025"
ice.gov,United States,arrest,-95.24229729999999,29.5765154,6/18/2025,N/A,Unknown,https://www.ice.gov/news/releases/ice-removes-mexican-fugitive-wanted-kidnapping-organized-crime,Unknown,"9223 Colt Canyon Ln, Houston, TX 77089, United States",TX 77089,98afefa1-cf10-402c-8bb5-2713c0d20190,"ICE removes Mexican fugitive wanted for kidnapping, organized crime",Unknown,"ICE removed Ariel Nunez Figueroa, a 30-year-old Mexican national, to Mexico March 6. Nunez was wanted in Mexico for kidnapping and organized crime for his alleged role in the murder of 43 students from the Ayotzinapa Teachers' College in September 2014.","March 7, 2025"
ice.gov,USA,arrest,-93.0899578,44.9537029,6/18/2025,1,St. Paul,https://www.ice.gov/news/releases/ice-st-paul-removes-foreign-fugitive-wanted-el-salvador-child-rape,Unknown,"St Paul, MN, USA",MN,841610a2-961f-4ae0-8695-93a14d7a9eea,ICE St. Paul removes foreign fugitive wanted in El Salvador for child rape,Ramsey,"ICE removed Oscar Alexander Cruz Rodriguez, 29, an illegally present foreign fugitive wanted in El Salvador for rape of a minor, Feb. 14.","March 7, 2025"
ice.gov,United States,arrest,-95.24229729999999,29.5765154,6/18/2025,N/A,Unknown,https://www.ice.gov/news/releases/ice-arrests-criminal-alien-wanted-indecent-assault-and-battery-other-charges-after,Unknown,"9223 Colt Canyon Ln, Houston, TX 77089, United States",TX 77089,5061a486-096c-456c-9829-b251f537468c,"ICE arrests criminal alien wanted for indecent assault and battery, other charges, after release by noncooperative jurisdiction",Unknown,"ICE arrested Brauly Aybar-Alcantara, a 25-year-old criminal alien from the Dominican Republic on charges of indecent assault and battery, assault and battery, and gross lewdness, Jan. 29.","March 7, 2025"
ice.gov,USA,arrest,-69.1089293,44.1036914,6/18/2025,1,Rockland,https://www.ice.gov/news/releases/ice-arrests-chinese-citizen-charged-sex-trafficking,Unknown,"Rockland, ME, USA",ME,5473b151-22bd-4953-8c72-3342e9e5be55,ICE arrests Chinese citizen charged with sex trafficking,Knox County,"Tian Tao, 54, a citizen of China, was arrested by Rockland Police and ICE for sex trafficking violations and entered ICE custody Feb. 20.","March 6, 2025"
ice.gov,USA,arrest,-71.414199,41.8245558,6/18/2025,N/A,Providence,https://www.ice.gov/news/releases/british-national-indicted-organized-multi-state-fraud-and-money-laundering-scheme,Unknown,"Providence, RI, USA",RI,de476973-3b81-4b04-945d-9b417f41ceae,British national indicted in organized multi-state fraud and money laundering scheme,Providence County,"The indictment charges Elijah Gavin aka Timothy O’Reilly aka Elijah Thomas, 29, with wire fraud conspiracy, wire fraud, and money laundering.","March 6, 2025"
ice.gov,USA,arrest,-118.3533544,33.9617977,6/18/2025,1,Inglewood,https://www.ice.gov/news/releases/ice-investigation-leads-nevada-mans-11-year-sentence-sex-trafficking-minor,Unknown,"Inglewood, CA, USA",CA,a64946c2-5d92-431a-a4f0-60de142303c2,ICE investigation leads to Nevada man’s 11-year sentence for sex trafficking a minor,Los Angeles,"Tyree Eugene Rideaux, 31, of Henderson, Nevada, was sentenced, Feb. 25, to 132 months in prison, followed by 15 years of supervised release, and subject to registering as lifetime sex offender due to an investigation conducted by ICE, HSI with significant assistance provided by the Mesa Police Department.","March 6, 2025"
ice.gov,USA,arrest,-112.0776781,33.4482266,6/18/2025,2,Phoenix,https://www.ice.gov/news/releases/2-mexican-nationals-defendants-ice-cases-secured-arizona,Unknown,"Phoenix, AZ, USA",AZ,396c8289-f825-4f7a-802e-c7da1f7a8c60,"2 Mexican nationals, defendants in ICE cases secured in Arizona",Maricopa,"Jose Bibiano Cabrera-Cabrera, 37 and Jesus Humberto Limon-Lopez, 43, were taken into U.S. custody after members of drug cartels were recently designated as Foreign Terrorist Organizations and Specially Designated Global Terrorists, such as the Sinaloa Cartel, Cártel de Jalisco Nueva Generación, Cártel del Noreste, La Nueva Familia Michoacana, and Cártel de Golfo.","March 6, 2025"
ice.gov,USA,arrest,-90.07583559999999,29.9508941,6/18/2025,N/A,Unknown,https://www.ice.gov/news/releases/former-priest-and-convicted-child-molester-sentenced-passport-fraud-stripped,Unknown,"New Orleans, LA, USA",LA,9ff1e874-0bc1-4abd-8625-4718d893b560,"Former priest and convicted child molester sentenced for passport fraud, stripped of citizenship, and ordered deported",Unknown,"An investigation by ICE has resulted in a one-year sentence for passport fraud for Jorge Antonio Velez-Lopez, a 69-year-old Colombian national, former archdiocese priest and convicted child molester, Feb. 28.","March 6, 2025"
ice.gov,USA,raid,-75.1652215,39.9525839,6/18/2025,4,Philadelphia,https://www.ice.gov/news/releases/ice-arrests-4-during-worksite-enforcement-action-philadelphia,Unknown,"Philadelphia, PA, USA",PA,24e4f5b5-28b3-4200-bcb8-93b8228839a3,ICE arrests 4 during worksite enforcement action in Philadelphia,Philadelphia County,"The operation resulted in the administrative arrest of four Brazilian nationals who had no status to enter or remain in the United States legally, or who had violated the terms of their lawful admission into the U.S.","March 6, 2025"
ice.gov,USA,arrest,-117.8311428,33.7174708,6/18/2025,15,Orange County,https://www.ice.gov/news/releases/ice-atmebt-fraud-operation-yields-15-arrests-orange-county,Unknown,"Orange County, CA, USA",CA,d5382b03-5b4c-47b6-a6cb-9c4319c798e9,ICE ATM/EBT fraud operation yields 15 arrests in Orange County,Orange County,"During this operation, ICE and local police identified and arrested 15 individuals for the violation of federal law involving the use/manufacturing of an access device with the intent to defraud.","March 6, 2025"
ice.gov,USA,arrest,-118.242643,34.0549076,6/18/2025,2,Los Angeles,https://www.ice.gov/news/releases/ice-los-angeles-multiple-agency-case-results-2-cuban-nationals-sentenced-fraudulent,Unknown,"Los Angeles, CA, USA",CA,ae9e7661-935c-482c-b858-6605d7932511,"ICE Los Angeles, multiple agency case results in 2 Cuban nationals sentenced for fraudulent dispute scheme",Los Angeles County,"Alejandro Munoz and Abel Pena-Garcia, who are identical twins, were involved in a fraudulent dispute scheme that targeted third party payment platforms, like PayPal and Square.","March 6, 2025"
ice.gov,United States,arrest,-78.90370500000002,42.9520191,6/18/2025,2,Unknown,https://www.ice.gov/news/releases/ice-buffalo-removes-2-illegal-aliens-sexual-predators-honduras,Unknown,"44 Saratoga St, Buffalo, NY 14207, United States",NY 14207,df9f3b69-d0a1-49ea-93d9-36c1555450d2,"ICE Buffalo removes 2 illegal aliens, sexual predators to Honduras",Unknown,"ICE removed two illegally present Honduran nationals convicted of felony sexual offenses, March 3.","March 6, 2025"
ice.gov,United States,arrest,-95.24229729999999,29.5765154,6/18/2025,N/A,Unknown,https://www.ice.gov/news/releases/ice-arrests-criminal-alien-and-foreign-fugitive-wanted-felony-drug-trafficking-brazil,Unknown,"9223 Colt Canyon Ln, Houston, TX 77089, United States",TX 77089,47f21768-2a57-4956-869f-b50eb20c0a5f,ICE arrests criminal alien and foreign fugitive wanted for felony drug trafficking in Brazil,Unknown,"ICE arrested criminal alien and fugitive from justice Leandro Romano de Souza, 27, for a felony drug trafficking conviction in Brazil, Jan. 27.","March 6, 2025"
ice.gov,United States,arrest,-95.24229729999999,29.5765154,6/18/2025,3,Unknown,https://www.ice.gov/news/releases/ice-returns-dominican-national-wanted-human-smuggling-which-led-death-3-minors,Unknown,"9223 Colt Canyon Ln, Houston, TX 77089, United States",TX 77089,06abdbbc-fe29-4a8d-8ca3-a4e1d35ae4fe,ICE returns Dominican national wanted for human smuggling which led to the death of 3 minors,Unknown,"Batista Matos has been removed from the United States on three previous occasions. His first removal was on Oct. 8, 2010, when he was encountered by the U.S. Border Patrol after he entered illegally near Cabo Rojo, Puerto Rico. He was then encountered and removed again in 2011, 2019 and 2023.","March 5, 2025"
ice.gov,USA,arrest,-72.57784149999999,44.5588028,6/18/2025,25,Vermont,https://www.ice.gov/news/releases/25-canadian-nationals-connected-nationwide-multi-million-dollar-grandparent-scam,Unknown,"Vermont, USA",Unknown,a969748c-fd30-4176-8e25-8421bbade9a0,25 Canadian nationals connected to nationwide multi-million dollar “grandparent scam” charged in Vermont,Unknown,Canadian law enforcement provisionally arrested 23 Canadian nationals March 4 after they were indicted by federal grand jury in Vermont for participation in a “grandparent scam” uncovered by U.S. Immigration and Customs Enforcement. The scam allegedly defrauded elderly individuals in more than 40 states of over $21 million.,"March 5, 2025"
ice.gov,United States,arrest,-95.24229729999999,29.5765154,6/18/2025,N/A,Unknown,https://www.ice.gov/news/releases/ice-removes-human-rights-violator-sex-offender-rwanda,Unknown,"9223 Colt Canyon Ln, Houston, TX 77089, United States",TX 77089,c891a2a1-58b1-416c-87b8-aaf44f377cee,"ICE removes human rights violator, sex offender to Rwanda",Unknown,"ICE successfully removed Napolean Ahmed Mbonyunkiza, a 56-year-old Rwandan convicted sex offender and human rights violator, to his home country, March 4.","March 5, 2025"
ice.gov,USA,arrest,-90.1982439,38.62742799999999,6/18/2025,1,St. Louis,https://www.ice.gov/news/releases/ice-chicago-removes-sierra-leonean-convicted-visa-fraud,Unknown,"St. Louis, MO, USA",MO,05987221-62e8-4e8e-84d4-0a6d2c9069b9,ICE Chicago removes Sierra Leonean convicted of visa fraud,Unknown,"ICE completed the removal of Prince Solomon Knox, 62, a Sierra Leonean national, to his home country March 1.","March 5, 2025"
ice.gov,United States,arrest,-82.3990188,27.9919971,6/18/2025,N/A,Domingos 54 Construction,https://www.ice.gov/news/releases/florida-businessman-sentenced-migrant-labor-employment-scheme-payroll-tax-evasion,Unknown,"5101 Cone Rd, Tampa, FL 33610, United States",FL 33610,3b6f843b-38d0-42a1-9c9c-1d6714d12e64,"Florida businessman sentenced for migrant labor employment scheme, payroll tax evasion, worker death",Pasco County,"Manual Domingos Pita, of Wesley Chapel, previously pleaded guilty to those charges on July 9, 2024.","March 5, 2025"
ice.gov,United States,raid,-74.1771387,40.6906098,6/18/2025,16,CBP-bonded warehouse,https://www.ice.gov/news/releases/ice-newark-worksite-enforcement-operation-results-16-arrests,Unknown,"Newark Liberty International Airport, Terminal B, Newark, NJ 07114, United States",NJ 07114,cff4bc78-423f-44e7-86fc-a3424bb8041c,ICE Newark worksite enforcement operation results in 16 arrests,Hudson,"On Feb. 26, ICE personnel joined CBP at the Port of New York/Newark in conducting an unannounced inspection of a CBP-bonded warehouse in North Bergen, New Jersey, to ensure individuals working in government-regulated facilities were lawfully present and permitted to work in the United States.","March 5, 2025"
ice.gov,USA,arrest,-96.79698789999999,32.7766642,6/18/2025,1,Dallas,https://www.ice.gov/news/releases/ice-dallas-arrests-foreign-fugitive-wanted-his-home-country-rape,Unknown,"Dallas, TX, USA",TX,ce6ce911-f5c6-4c1e-b425-bcec49de0d20,ICE Dallas arrests foreign fugitive wanted in his home country for rape,Dallas County,"ICE arrested Dieudonne Ishimwe, 38, a Rwandan foreign fugitive wanted for rape, in Fort Worth, March 3.","March 5, 2025"
ice.gov,USA,arrest,-112.0776781,33.4482266,6/18/2025,N/A,Phoenix,https://www.ice.gov/news/releases/illegal-alien-indicted-conspiracy-transport-other-aliens-and-possession-intent,Unknown,"Phoenix, AZ, USA",AZ,12617628-f66a-4a71-90e4-eb373ca8a446,"Illegal alien indicted for conspiracy to transport other aliens and possession with intent to distribute heroin, following ICE, joint law enforcement partner investigation",Maricopa,"Last week, a grand jury returned an indictment against Edgar Guadalupe Jimenez-Aguilar, an illegal alien living in Phoenix, for conspiracy to transport illegal aliens and possession with intent to distribute heroin.","March 5, 2025"
ice.gov,United States,arrest,-75.1531285,39.9471385,6/18/2025,N/A,Unknown,https://www.ice.gov/news/releases/ice-forced-arrest-convicted-drug-dealer-street-due-noncompliance-immigration-detainer,Unknown,"217-231 W Washington Square, Philadelphia, PA 19106, United States",PA 19106,0bad71e5-ec86-4dde-b748-cccc760a7764,ICE forced to arrest convicted drug dealer on the street due to noncompliance with immigration detainer,Unknown,"ICE arrested Anderson Nunez-Hernandez, a citizen of the Dominican Republic, as he was exiting the Philadelphia Industrial Correctional Complex, Feb. 21.","March 5, 2025"
ice.gov,United States,arrest,-75.2161297,40.6884246,6/18/2025,N/A,Northampton Prison,https://www.ice.gov/news/releases/ice-arrests-violent-criminal-alien-outside-northampton-prison-without-cooperation,Unknown,"666 Walnut St, Easton, PA 18042, United States",PA 18042,d5e1f98c-dc47-4663-92c3-c4c2180425f7,ICE arrests violent criminal alien outside Northampton Prison without cooperation from prison officials,Unknown,"ICE arrested Amilcar Josue Villalvir Mendez, a citizen of Honduras, at the Northampton County Prison in Easton, Feb. 27. P","March 5, 2025"
ice.gov,United States,other,-82.762345,27.5902853,6/18/2025,N/A,Egmont Key State Park,https://www.ice.gov/news/releases/florida-man-pleads-guilty-operating-helicopter-without-license,Unknown,"St. Petersburg, FL 33711, United States",FL 33711,3bec0ad4-a387-40ca-8e8e-393b8a30d3ef,Florida man pleads guilty to operating a helicopter without license,Hillsborough,"Ernesto Cordero, 54, of Bradenton, faces a maximum penalty of three years in federal prison.","March 5, 2025"
ice.gov,United States,other,-122.8238383,38.401232,6/18/2025,12,UPS Store in Sebastopol,https://www.ice.gov/news/releases/12-men-sentenced-conspiring-distribute-fentanyl-methamphetamine-marijuana-tennessee,Unknown,"200 S Main St Ste 130, Sebastopol, CA 95472, United States",CA 95472,09b080de-ae6f-41d4-91e8-cb90e962a77e,"12 men sentenced for conspiring to distribute fentanyl, methamphetamine, marijuana in Tennessee, California",Sonoma,"According to court documents, around 2022, agents with ICE Nashville, FBI, and DEA began investigating large shipments of counterfeit fentanyl-laced pills that were inscribed “M30,” methamphetamine, and marijuana that someone was shipping to Tennessee and approximately 16 other states from California.","March 5, 2025"
ice.gov,USA,arrest,-95.37011079999999,29.7600771,6/18/2025,9,Houston area,https://www.ice.gov/news/releases/ice-arrests-9-houston-area-criminal-aliens-past-week-convicted-or-charged-sex,Unknown,"Houston, TX, USA",TX,4eb5e01e-39e6-4b9d-b109-4476ef10640f,ICE arrests 9 Houston area criminal aliens in past week convicted or charged with sex offenses,Harris County,"The arrests were part of a multi-agency enforcement effort conducted by ICE, the U.S. Marshals Service, the Texas Department of Public Safety – Criminal Investigation Division, and the Texas Office of Attorney General.","March 5, 2025"
ice.gov,United States,other,-81.3778912,28.526485,6/18/2025,4,Orlando region,https://www.ice.gov/news/releases/4-sentenced-federal-prison-cocaine-conspiracy-involving-89-kilograms,Unknown,"52 W Underwood St, Orlando, FL 32806, United States",FL 32806,72d8b5e3-affb-4440-b73e-156205a078bb,4 sentenced to federal prison for cocaine conspiracy involving 89 kilograms,Orange County,"According to the plea agreements, the Drug Enforcement Administration identified a group of individuals working to distribute kilogram quantities of cocaine and the proceeds of those sales during 2022.","March 5, 2025"
ice.gov,USA,other,-81.6591529,30.3297566,6/18/2025,N/A,Jacksonville,https://www.ice.gov/news/releases/florida-woman-ordered-pay-3-million-wire-tax-fraud-scheme,Unknown,"Jacksonville, FL, USA",FL,496fe3e0-4a21-42c5-bf17-a2c0de546018,"Florida woman ordered to pay $3+ million for wire, tax fraud scheme",Duval,"Feliciano Rodriguez, 47, of Orlando, was ordered to pay $3,338,558 in restitution, and ordered to serve a five-year term of supervised release.","March 4, 2025"
ice.gov,United States,arrest,-81.38993889999999,30.2762273,6/18/2025,N/A,Kamiya 86 Asian Bistro and Sushi Bar,https://www.ice.gov/news/releases/jacksonville-restauranter-pleads-guilty-harboring-illegal-aliens,Unknown,"1286 3rd St S, Jacksonville, FL 32250, United States",FL 32250,1fc41170-1682-4b3e-9559-3a155a684200,Jacksonville restauranter pleads guilty to harboring illegal aliens,Duval,"Ping Ping Zheng, 37, of Jacksonville, faces a maximum penalty of 10 years in federal prison. As part of the plea agreement, Zheng has agreed to forfeit to the United States a residence in Jacksonville and a transit van.","March 4, 2025"
ice.gov,USA,arrest,-81.6591529,30.3297566,6/18/2025,1,Jacksonville,https://www.ice.gov/news/releases/honduran-national-arrested-charged-possession-counterfeit-green-card-illegal-re-entry,Unknown,"Jacksonville, FL, USA",FL,2f62c8bc-b736-451c-9360-a545eb7422ed,"Honduran national arrested, charged with possession of counterfeit green card, illegal re-entry",Duval,"An investigation by ICE has led to Mario Antonio Mejia-Calderon, 34, an illegal alien from Honduras, being charged with possession of a counterfeit permanent resident card – or “green card” – and illegal re-entry by a previously deported alien.","March 4, 2025"
ice.gov,USA,arrest,-84.5120196,39.1031182,6/18/2025,1,Cincinnati,https://www.ice.gov/news/releases/ice-cincinnati-arrests-bulgarian-firearm-and-eluding-conviction,Unknown,"Cincinnati, OH, USA",OH,ca7c7051-4282-41c3-8fa0-d0d36e3a7158,ICE Cincinnati arrests Bulgarian with firearm and eluding conviction,Hamilton,"ICE arrested Simeon Roosenov Moutafov, a citizen of Bulgaria, Feb. 24 with a final order of removal.","March 4, 2025"
ice.gov,USA,arrest,-82.1342596,29.1850783,6/18/2025,1,Marion County,https://www.ice.gov/news/releases/mexican-previously-removed-us-4-times-arrested-again-illegal-reentry,Unknown,"Ocala, FL, USA",FL,cf67f431-3d4e-4f03-a0e9-49923bc23189,Mexican previously removed from US 4 times arrested again for illegal reentry,Marion County,"An investigation by U.S. Immigration and Customs Enforcement resulted in Kerin Orellana-Serrano, 30, an illegal alien from Mexico, being arrested on a criminal complaint charging him with illegal reentry by a previously deported alien. Orellana-Serrano faces a maximum penalty of 10 years in federal prison.","March 4, 2025"
ice.gov,USA,arrest,-81.77870209999999,29.9943564,6/18/2025,1,Clay County,https://www.ice.gov/news/releases/mexican-national-pleads-guilty-illegal-reentry-us,Unknown,"Clay County, FL, USA",FL,0e439849-d62d-434a-9c96-d6777b077fd1,Mexican national pleads guilty to illegal reentry into the US,Clay County,"An investigation by ICE resulted in Jose Luis Carrasco-Aldape, 37, a twice deported illegal alien form Mexico, pleading guilty to illegal reentry of a removed alien.","March 4, 2025"
ice.gov,United States,arrest,-118.3755423,34.0271013,6/18/2025,7,Unknown,https://www.ice.gov/news/releases/illegal-alien-who-threatened-ice-agents-life-arrested-connection-human-smuggling-ring,Unknown,"3363 La Cienega Pl, Los Angeles, CA 90016, United States",CA 90016,a5f9fcd1-a09e-4d7a-9378-dceff05b73a0,"Illegal alien who threatened ICE agent’s life arrested in connection with human smuggling ring, deaths of 7",Los Angeles County,"Eduardo Domingo Renoj-Matul aka Turko, 51, of the Westlake neighborhood near downtown Los Angeles, was arrested Feb. 28 with his alleged right-hand man, Cristobal Mejia-Chaj, 49, also of the Westlake neighborhood.","March 4, 2025"
ice.gov,United States,arrest,-99.4766788,27.6145208,6/18/2025,3,Border Patrol checkpoint in Laredo,https://www.ice.gov/news/releases/ice-laredo-federal-partner-investigation-results-arrest-texas-woman-attempting,Unknown,"11119 McPherson Rd, Laredo, TX 78045, United States",TX 78045,78ad42ae-3135-4973-a6bd-f5651b2b1a6c,"ICE Laredo, federal partner investigation results in the arrest of a Texas woman for attempting to smuggle 9-year-old twins through Laredo",Webb,"Jovanna Netzay Diaz, 31, from Dallas, is expected to make her initial appearance before U.S. Magistrate Judge Renee Harris Toliver in Dallas. She will then be expected in Laredo federal court shortly thereafter.","March 4, 2025"
ice.gov,United States,arrest,-95.24229729999999,29.5765154,6/18/2025,N/A,Unknown,https://www.ice.gov/news/releases/ice-fbi-arrest-high-ranking-ms-13-leader-who-controlled-gang-activities-us-mexico,Unknown,"9223 Colt Canyon Ln, Houston, TX 77089, United States",TX 77089,c947a6d8-a7b2-418b-95a7-1540804a4640,"ICE, FBI arrest high-ranking MS-13 leader who controlled gang activities in US, Mexico, Europe",Unknown,"ICE and the FBI apprehended an illegal Salvadoran alien charged in his home country with possession of firearm, extorsion and terrorist affiliation when officers arrested David Alejandro Orellana-Aleman, 27, in Hyattsville, Maryland, Feb. 27.","March 3, 2025"
ice.gov,United States,arrest,-71.2173586,42.1776744,6/18/2025,1,Unknown,https://www.ice.gov/news/releases/ice-boston-law-enforcement-partners-arrest-illegal-haitian-alien-charged,Unknown,"61 Endicott St Building #26, Norwood, MA 02062, United States",MA 02062,bec712b3-8fb8-4961-93e9-fa3bf0623a58,"ICE Boston, law enforcement partners arrest illegal Haitian alien charged in Massachusetts with sex crimes, witness intimidation",Unknown,"Officers with ICE ERO Boston along with agents from ICE HSI New England and ATF Boston arrested Queenssy Bryan Lindor, 21, in New Bedford Feb. 5.","March 3, 2025"
ice.gov,USA,other,-73.5394821,41.0527986,6/18/2025,1,Stamford,https://www.ice.gov/news/releases/ecuadoran-man-sentenced-more-26-years-prison-recording-his-sexual-abuse-minor,Unknown,"Stamford, CT, USA",CT,90cb9f21-f333-4721-a2bd-dfbf355bd6ee,Ecuadoran man sentenced to more than 26 years in prison for recording his sexual abuse of a minor in Connecticut,Fairfield,"Servio Barros-Terreros, 58, an illegal alien from Ecuador last residing in Stamford, was sentenced Feb. 20 to 320 months of imprisonment for taking pictures of his repeated sexual abuse of a minor.","March 3, 2025"
ice.gov,United States,arrest,-97.4962419,25.899001,6/18/2025,1,Brownsville and Matamoros International Port of Entry,https://www.ice.gov/news/releases/houston-resident-heads-prison-trafficking-fentanyl-hidden-compartment-following-ice,Unknown,"1500 W University Blvd, Brownsville, TX 78520, United States",TX 78520,d8fe006a-3a76-4018-8356-9f3fdc7843ae,"Houston resident heads to prison for trafficking fentanyl in hidden compartment following ICE Rio Grande Valley, federal partner investigation",Cameron,A Houston woman was sentenced following her conviction for possession with intent to distribute fentanyl following an investigation conducted by ICE in coordination with CBP.,"March 3, 2025"
ice.gov,USA,arrest,-71.0565364,42.3555076,6/18/2025,1,Boston,https://www.ice.gov/news/releases/ice-boston-removes-illegal-honduran-national-wanted-homicide-home-country,Unknown,"Boston, MA, USA",MA,c9163475-5da7-4498-a726-a141b5b86120,ICE Boston removes illegal Honduran national wanted for homicide in home country,Suffolk,"Officers with ICE Boston removed Rene Alejandro Rosales-Vindel, 52, from the United States to Honduras Feb. 3 and turned him over to Honduran authorities.","March 3, 2025"
ice.gov,United States,arrest,-122.4799074,48.7519787,6/18/2025,1,Unknown,https://www.ice.gov/news/releases/ice-investigation-leads-more-13-years-federal-prison-washington-state-man-convicted,Unknown,"302 W Champion St, Bellingham, WA 98225, United States",WA 98225,7287fbb6-d1d3-4cca-8d87-8b65b8e8f0f8,ICE investigation leads to more than 13 years in federal prison for Washington State man convicted of coercing and sexually exploiting a minor online,Unknown,"Brandon Kuper, 22, of Tacoma, Washington was sentenced to 165 months in federal prison and 10 years' supervised release, Feb. 25, for using social media to coerce a minor into sending him sexually explicit materials and engage in self-harm, following an ICE and local law enforcement partner investigation.","March 3, 2025"
ice.gov,Puerto Rico,detention,-66.0736306,18.3958646,6/18/2025,5,Centro Medico Hospital,https://www.ice.gov/news/releases/dominican-national-passes-away-centro-medico-hospital-san-juan-after-narcoticshuman,00936,"San Juan, 00921, Puerto Rico",00921,74e6ad48-8070-4a18-8248-29e4068383eb,Dominican national passes away at Centro Medico Hospital in San Juan after narcotics/human smuggling interdiction,San Juan,"ICE remains committed to ensuring that all those in its custody reside in safe, secure and humane environments. Comprehensive medical care is provided from the moment individuals arrive and throughout the entirety of their stay.","March 3, 2025"
ice.gov,United States,raid,-90.183538,32.296976,6/18/2025,7,scene of a traffic stop in Jackson,https://www.ice.gov/news/releases/ice-worksite-enforcement-operation-results-multiple-arrests-mississippi,Unknown,"327 E Pascagoula St, Jackson, MS 39205, United States",MS 39205,c8f29365-14d8-43fc-bb17-6d63f2821afa,ICE worksite enforcement operation results in multiple arrests in Mississippi,Hinds,"The individuals worked for 3 J Underground LLC located in Byhalia, a company that installs fiber optic cable for phone and Internet services. While on scene, the owner of the company, a naturalized United States Citizen, arrived along with another employee, a Lawful Permanent Resident from El Salvador.","March 3, 2025"
ice.gov,United States,arrest,-95.36757349999999,29.7609302,6/18/2025,N/A,U.S. District Court for the Southern District of Texas,https://www.ice.gov/news/releases/nigerian-national-pleads-guilty-operating-3m-romance-scheme-preyed-elderly-other,Unknown,"515 Rusk St, Houston, TX 77002, United States",TX 77002,1fe6d5fb-edf1-4a68-bfe6-2be75fe909de,"Nigerian national pleads guilty to operating $3M romance scheme that preyed on elderly, other vulnerable populations",Harris,"Darlington Akporugo, a 47-year-old criminal alien from Nigeria, pleaded guilty in the U.S. District Court for the Southern District of Texas to conspiracy to commit wire fraud and mail fraud; and wire fraud, aiding and abetting.","March 3, 2025"
ice.gov,USA,arrest,-77.4701972,39.3844507,6/18/2025,N/A,Frederick County,https://www.ice.gov/news/releases/ice-partnership-program-aids-apprehension-criminal-aliens-following-high-speed-chase,Unknown,"Frederick County, MD, USA",MD,d2debc21-9b39-4731-a550-fe9bb614427c,ICE partnership program aids in apprehension of criminal aliens following high-speed chase in Frederick County,Frederick County,ICE recognizes the importance of its relationships with state and local law enforcement partners. ICE will continue to share information and coordinate operations with those partners in a way that best serves local needs and fulfills ICE’s important national security and public safety mission.,"March 3, 2025"
ice.gov,United States,arrest,-97.3322893,32.7540757,6/18/2025,1,Unknown,https://www.ice.gov/news/releases/ice-dallas-removes-pakistani-national-identified-national-security-priority,Unknown,"410 Houston St, Fort Worth, TX 76102, United States",TX 76102,d3004b97-8fd9-40c3-8890-3fba66ae49bf,ICE Dallas removes Pakistani national identified as a national security priority,Unknown,"Syed Rizvi, 56, a Pakistani national was ordered removed from the U.S. after being identified by U.S. intelligence sources as a national security priority, designated as removable per the Immigration and Nationality Act.","February 28, 2025"
ice.gov,USA,arrest,-106.4850217,31.7618778,6/18/2025,1,El Paso,https://www.ice.gov/news/releases/el-paso-man-sentenced-15-years-federal-prison-child-pornography-charges,Unknown,"El Paso, TX, USA",TX,2ae88cff-7645-4f06-96db-6f8ba748c5e9,El Paso man sentenced to 15 years in federal prison for child pornography charges,El Paso County,"According to court documents, a device belonging to Victor Enrique Artalejo, 60, was identified for downloading more than 3,000 torrent files between June 17, 2022, and Sept. 18, 2023, many of which contained child sexual abuse material.","February 28, 2025"
ice.gov,USA,arrest,-117.1610838,32.715738,6/18/2025,1,San Diego,https://www.ice.gov/news/releases/ice-san-diego-arrests-mexican-national-multiple-dui-charges,Unknown,"San Diego, CA, USA",CA,725c7a6e-cc1a-4384-a4e0-ca50314d37cc,ICE San Diego arrests Mexican national with multiple DUI charges,San Diego County,"ICE arrested a 47-year-old Mexican national Javier Duran Torres Feb. 27, following his history of criminal offenses.","February 28, 2025"
ice.gov,USA,arrest,-117.1610838,32.715738,6/18/2025,1,San Diego,https://www.ice.gov/news/releases/ice-san-diego-arrests-guatemalan-national-criminal-history,Unknown,"San Diego, CA, USA",CA,f900be7d-5b05-4040-b222-c76b3b2074f7,ICE San Diego arrests Guatemalan national with criminal history,San Diego County,"ICE arrested Selvin Perez Thomas, a 24-year-old Guatemalan citizen Feb. 26. Perez has a history of criminal offenses, including driving under the influence, hit-and-run causing death or injury, and conspiracy to file a fraudulent insurance claim.","February 28, 2025"
ice.gov,USA,arrest,-82.08429009999999,28.6747526,6/18/2025,1,"Sumter County, Florida",https://www.ice.gov/news/releases/previously-deported-honduran-arrested-illegal-reentry,Unknown,"Sumter County, FL, USA",FL,1b954612-64b0-4f0e-8b96-b6656426f206,Previously deported Honduran arrested for illegal reentry,Sumter County,"Junior Alexander Sanabria-Barrera, 27, was previously removed from the United States in April 2023.","February 28, 2025"
ice.gov,USA,arrest,-112.0776781,33.4482266,6/18/2025,1,Phoenix,https://www.ice.gov/news/releases/ice-phoenix-law-enforcement-partners-arrest-illegal-guatemalan-gang-member-convicted,Unknown,"Phoenix, AZ, USA",AZ,6a9b27b5-2560-4604-b53c-f020bb786ef9,"ICE Phoenix, law enforcement partners arrest illegal Guatemalan gang member convicted of racketeering, and possession of an unregistered firearm in Arizona",Maricopa,"ICE Phoenix, and law enforcement partners from the Drug Enforcement Administration, arrested Hugo Leonel Soto-Moran, 38, in Apache Junction Feb. 24.","February 28, 2025"
ice.gov,USA,arrest,-77.0368707,38.9071923,6/18/2025,1,"Washington, D.C.",https://www.ice.gov/news/releases/ice-hsi-washington-dc-investigation-lands-illegal-dominican-alien-more-15-years,Unknown,"Washington, DC, USA",DC,200ac422-28ca-4b9b-8698-04886ca30df4,"ICE HSI Washington, D.C. investigation lands illegal Dominican alien more than 15 years in prison",Unknown,"Gregorio Gustavo DeJesus-Santos, 59, received the lengthy prison sentence Feb. 27 at the U.S. District Court for the Eastern District of Virginia in Richmond.","February 28, 2025"
ice.gov,Iowa,arrest,Unknown,Unknown,6/18/2025,N/A,Unknown,https://www.ice.gov/news/releases/ice-arrests-ms-13-gang-member-iowa,Unknown,Unknown,Unknown,9b1e99c1-eb5d-4dbd-9a17-c8152594580d,ICE arrests MS-13 gang member in Iowa,Unknown,"ICE and USMS arrested Luis Enrique Baires, 28, a criminal alien from El Salvador wanted in his home country for two counts of aggravated homicide, two counts of proposition and conspiracy for the crime of aggravated homicide, and one count of illicit associations with the MS-13, Enfermos Criminales Salvatruchos clique Feb. 21 during a routine traffic stop in Des Moines, Iowa.","February 28, 2025"
ice.gov,USA,arrest,-77.0368707,38.9071923,6/18/2025,1,"Washington, D.C.",https://www.ice.gov/news/releases/ice-washington-dc-arrests-illegal-haitian-national-charged-assault-firearms-crimes,Unknown,"Washington, DC, USA",DC,2ab7caf5-2caf-4463-a6c8-2e0734cf7700,"ICE Washington, D.C. arrests illegal Haitian national charged with assault, firearms crimes",Unknown,"ICE arrested an illegal Haitian national convicted of drug crimes and charged with and threatening with a firearm and assaulting a Virginia resident. Officers with ICE Washington, D.C. arrested Rodney Soloman in Winchester Feb. 7.","February 27, 2025"
ice.gov,United States,arrest,-81.467552,28.390789,6/18/2025,1,Unknown,https://www.ice.gov/news/releases/recidivist-child-predator-sex-offender-sentenced-more-22-years,Unknown,"11901 International Dr, Orlando, FL 32821, United States",FL 32821,eba048b8-44ea-4779-8ba1-5902f66c5938,"Recidivist child predator, sex offender sentenced to more than 22 years",Osceola County,"Chad Allen Pease, 49, of Fort Pierce, was found guilty by a federal jury on Nov. 20, 2024.","February 27, 2025"
ice.gov,USA,arrest,-116.6865435,43.67795810000001,6/18/2025,1,Canyon County,https://www.ice.gov/news/releases/illegal-alien-mexico-sentenced-27-months-federal-prison-following-us-immigration-and,Unknown,"Canyon County, ID, USA",ID,f384d2bf-e4c1-478a-b879-4e5d03a462c2,"Illegal alien from Mexico sentenced to 27 months in federal prison, following US Immigration and Customs Enforcement investigation",Canyon County,"Jose Salvador Alcaraz-Curiel, 31, an illegal alien from Mexico, was sentenced to 27 months in federal prison for being a deported alien found in the United States, following a U.S. Immigration and Customs Enforcement investigation, Feb. 24, 2025.","February 27, 2025"
ice.gov,United States,arrest,-81.84399080000001,28.0121659,6/18/2025,1,Polk County Jail,https://www.ice.gov/news/releases/mexican-national-pleads-guilty-illegal-reentry-us-0,Unknown,"7415 De Castro Rd, Winter Haven, FL 33880, United States",FL 33880,acd09efc-6e4b-49d6-a559-42891e266068,Mexican national pleads guilty to illegal reentry into the US,Polk County,"An investigation by ICE led to Juan Garcia Xinol, 27, an illegal alien from Mexico, pleading guilty to illegally reentering the United Sates after being previously removed.","February 27, 2025"
ice.gov,United States,detention,-74.1278816,40.7175827,6/18/2025,N/A,Delaney Hall Facility,https://www.ice.gov/news/releases/ice-expands-detention-capacity-delaney-hall-facility-new-jersey,Unknown,"451 Doremus Ave, Newark, NJ 07105, United States",NJ 07105,6dbf8d70-c69d-4ac4-82bb-390c3a9580f1,ICE expands detention capacity with Delaney Hall Facility in New Jersey,Unknown,"The facility will expand ICE’s detention capacity in the Northeast, enhancing the agency’s ability to manage the region’s growing enforcement and removal operations.","February 26, 2025"
ice.gov,USA,arrest,-78.8788896,42.88690039999999,6/18/2025,1,Buffalo,https://www.ice.gov/news/releases/ice-buffalo-arrests-illegal-alien-mexico-convicted-felony-rape,Unknown,"Buffalo, NY, USA",NY,22197053-01ac-4515-9a64-cd8a3bfbc9b4,ICE Buffalo arrests illegal alien from Mexico convicted of felony rape,Erie,"ICE apprehended an illegally present Mexican national convicted of rape in the first degree when officers arrested Alejandro Salazar, 44, upon release from Clinton Correctional Facility in Dannemora, New York, Feb. 21.","February 26, 2025"
ice.gov,USA,arrest,-74.0059728,40.7127753,6/18/2025,1,New York City,https://www.ice.gov/news/releases/ice-new-york-city-arrests-previously-removed-illegal-guatemalan-alien-convictions,Unknown,"New York, NY, USA",NY,5f9c42d8-1b7e-4361-9fe5-7f13853504a4,ICE New York City arrests previously removed illegal Guatemalan alien with convictions for assault and act in manner to injure a child,Unknown,"ICE apprehended an illegally present Guatemalan national previously removed from the United States when officers arrested Yoni Wilfredo Gregorio Ortiz, 44, in the village of Airmont, Feb. 23.","February 26, 2025"
ice.gov,United States,arrest,-95.2002754,30.1497608,6/18/2025,1,Colony Ridge,https://www.ice.gov/news/releases/ice-local-partners-arrest-6-time-removed-ms-13-gang-member-wanted-murder-following,Unknown,"23938 FM 1485, New Caney, TX 77357, United States",TX 77357,23e42193-aebb-4101-bfae-9d0bb6f4ccbb,"ICE, local partners arrest 6-time removed MS-13 gang member wanted for murder following manhunt near Colony Ridge",Liberty County,"Luis Miguel Perez-Miranda, a 34-year-old Salvadoran national, was apprehended following a manhunt by authorities in Dayton, Texas, and was taken to the Liberty County Jail.","February 26, 2025"
ice.gov,USA,arrest,-116.173894,33.6803003,6/18/2025,1,Coachella,https://www.ice.gov/news/releases/ice-fbi-arrest-illegally-present-criminal-alien-coachella-calif,Unknown,"Coachella, CA, USA",CA,c5928a37-036d-4af0-b7ab-9c8e9f018a4f,"ICE, FBI arrest illegally present criminal alien in Coachella, Calif.",Riverside County,"ICE, with assistance from the FBI, arrested Isidro Jimenez, 51, a national of Mexico and illegal alien with criminal convictions, in Coachella, California, Feb. 24 as part of a targeted enforcement action.","February 26, 2025"
ice.gov,USA,arrest,-98.4945922,29.4251905,6/18/2025,1,San Antonio,https://www.ice.gov/news/releases/ice-san-antonio-arrests-twice-deported-honduran-national-illegally-present-us,Unknown,"San Antonio, TX, USA",TX,45c30b14-f3cf-4f75-90be-dbfb6e69c374,ICE San Antonio arrests twice deported Honduran national illegally present in the US,Bexar,"ICE arrested Edwin Eli Maldonado-Paredes, a 39-year-old citizen of Honduras, Feb. 18.","February 26, 2025"
ice.gov,United States,arrest,-71.2173586,42.1776744,6/18/2025,1,Unknown,https://www.ice.gov/news/releases/ice-boston-arrests-illegal-jamaican-national-charged-assault-battery-massachusetts,Unknown,"61 Endicott St Building #26, Norwood, MA 02062, United States",MA 02062,e589a6d7-c6c0-42ee-9ce4-483ebafea720,"ICE Boston arrests illegal Jamaican national charged with assault, battery in Massachusetts",Unknown,"ICE apprehended an illegally present Jamaican alien charged in Massachusetts with assault and battery with a dangerous weapon and assault and battery on a family member when officers arrested Jahmari Taffari Westcarth, 26, in Boston Jan. 25.","February 26, 2025"
ice.gov,USA,arrest,-122.3328481,47.6061389,6/18/2025,N/A,Seattle,https://www.ice.gov/news/releases/ice-seattle-arrests-criminal-aliens-dui-convictions,Unknown,"Seattle, WA, USA",WA,56bd105c-04a0-486b-9f90-e30dc38ca5c8,ICE Seattle arrests criminal aliens with DUI convictions,King,"ICE recently arrested five illegal aliens with, though not limited to, convictions for DUI.","February 25, 2025"
ice.gov,United States,raid,-89.2542349,30.3344614,6/18/2025,18,"Gulf Coast Prestress Partners, Ltd.",https://www.ice.gov/news/releases/ice-gulfport-worksite-enforcement-operation-results-multiple-arrests,39571,"494 Market St, Pass Christian, MS 39571, United States",MS 39571,9f0127e3-aaa1-47a1-8ebc-00fa2230f1f7,ICE Gulfport worksite enforcement operation results in multiple arrests,Harrison County,"ICE, working with USBP’s Gulfport Station, and the DEA Gulfport, conducted a worksite enforcement operation at Gulf Coast Prestress Partners, Ltd. in Pass Christian, Mississippi.","February 25, 2025"
ice.gov,USA,arrest,-78.87837739999999,35.0523673,6/18/2025,1,Fayetteville,https://www.ice.gov/news/releases/ice-assists-fayetteville-police-department-arrest-alien-charged-3-murders,Unknown,"Fayetteville, NC, USA",NC,2f1dfe7c-a2a1-4dbc-a1a3-5b69582d6068,ICE assists Fayetteville Police Department with arrest of an alien charged with 3 murders,Cumberland,"ICE assisted the Fayetteville Police Department in the arrest and interview of Mackendy Darbouze, a 26-year-old citizen and national of Haiti, on Feb. 21.","February 25, 2025"
ice.gov,USA,arrest,-82.1342596,29.1850783,6/18/2025,1,OCALA,https://www.ice.gov/news/releases/honduran-national-arrested-illegal-reentry,Unknown,"Ocala, FL, USA",FL,b76e29ba-bc79-4e7d-a4cc-24d589da636e,Honduran national arrested for illegal reentry,Marion County,"An investigation by ICE has resulted in Jose Mario Abrego-Mejia, 34, an illegal alien from Honduras who was previously removed from the United States, being indicted with illegal reentry by a previously deported alien.","February 25, 2025"
ice.gov,United States,arrest,-95.24229729999999,29.5765154,6/18/2025,8,Unknown,https://www.ice.gov/news/releases/ice-bp-and-law-enforcement-partners-intercept-human-smuggling-load-results-arrest-8,Unknown,"9223 Colt Canyon Ln, Houston, TX 77089, United States",TX 77089,2b3c8c8c-4473-4394-b15a-847350fc63e5,"ICE, BP and law enforcement partners intercept human smuggling load that results in the arrest of 8 illegal aliens",Unknown,"ICE HSI Laredo agents and LEOs intercepted a human smuggling operation, discovered 8 illegal Mexican nationals locked in compartments of a utility truck. This operation highlights our commitment to dismantling criminal networks.","February 25, 2025"
ice.gov,USA,arrest,-77.04698619999999,38.8050552,6/18/2025,3,Northern Virginia,https://www.ice.gov/news/releases/ice-washington-dc-and-law-enforcement-partners-arrest-3-illegal-aliens-northern,Unknown,"Northern Virginia, VA, USA",VA,606c803d-1307-4859-9d7a-917b055570d1,"ICE Washington, D.C., and law enforcement partners arrest 3 illegal aliens in Northern Virginia",Unknown,"ICE, assisted by the DEA, apprehended three illegally present aliens during a routine enforcement operation in Sterling, Feb. 19.","February 24, 2025"
ice.gov,USA,arrest,-79.8780297,32.7906369,6/18/2025,N/A,Mount Pleasant,https://www.ice.gov/news/releases/ice-and-mount-pleasant-police-arrest-childcare-worker-seeks-publics-help-identify,Unknown,"Mt Pleasant, SC, USA",SC,bd07e192-fb22-44c4-acfc-cfef8aa514d2,"ICE and Mount Pleasant Police arrest childcare worker, seeks public's help to identify victims",Charleston County,"On Feb. 19, ICE and the MPPD arrested Brandon Brill on child exploitation charges after local law enforcement initiated an investigation into a minor being extorted for child sexual abuse material images.","February 24, 2025"
ice.gov,United States,raid,-75.7294024,39.8442677,6/18/2025,3,Chavos Tires,https://www.ice.gov/news/releases/ice-worksite-enforcement-operation-results-arrest-3-illegal-aliens,19348,"749 W Baltimore Pike, Kennett Square, PA 19348, United States",PA 19348,61922fae-c9d8-4311-a638-1821d5045ca0,ICE worksite enforcement operation results in the arrest of 3 illegal aliens,Chester,"Three employees, who are illegal aliens unlawfully present in the United States were encountered, interviewed, and subsequently arrested for administrative immigration violations and detained pending removal. One of those arrested has a criminal history of driving under the influence and assault.","February 24, 2025"
ice.gov,USA,arrest,-82.4319405,28.3232418,6/18/2025,1,Pasco County,https://www.ice.gov/news/releases/ice-tampa-pasco-county-sheriffs-office-captures-illegal-alien-after-manhunt,Unknown,"Pasco County, FL, USA",FL,0518f572-2bdd-4f7b-a4cc-8f1040dcdbe8,"ICE Tampa, Pasco County Sheriff’s Office captures illegal alien after manhunt",Pasco County,"Pasco County Sheriff Chris Nocco announced the arrest of Yobany Gustavo Izaguierre Barahona, 24, charging him with two counts of capital sexual battery with a minor under 12-years-of-age.","February 24, 2025"
ice.gov,United States,arrest,-71.2173586,42.1776744,6/18/2025,N/A,Unknown,https://www.ice.gov/news/releases/ice-boston-arrests-illegal-brazilian-alien-charged-raping-massachusetts-resident,Unknown,"61 Endicott St Building #26, Norwood, MA 02062, United States",MA 02062,6b4d6a2d-7a6f-418b-acac-9a8c206bc88a,ICE Boston arrests illegal Brazilian alien charged with raping Massachusetts resident,Unknown,"ICE apprehended an illegally present Brazilian national charged with raping a Massachusetts resident when officers arrested Willian Robert Vasconcelos-Dos Santos, 21, in Falmouth Jan. 21.","February 24, 2025"
ice.gov,USA,arrest,-117.1610838,32.715738,6/18/2025,1,San Diego,https://www.ice.gov/news/releases/ice-san-diego-arrests-illegal-mexican-national-convicted-dui-and-drug-possession,Unknown,"San Diego, CA, USA",CA,ed72cac3-2fb4-44f8-b7f5-6cbf64d1211d,ICE San Diego arrests illegal Mexican national convicted of DUI and drug possession,San Diego County,"ICE arrested and removed Francisco Samaniego Leal, 44, a citizen of Mexico, Feb. 18.","February 24, 2025"
ice.gov,United States,arrest,-95.6539595,30.1311803,6/18/2025,N/A,Rio Grande Valley,https://www.ice.gov/news/releases/ice-rio-grande-valley-federal-partner-investigation-results-sentencing-illegal-alien,Unknown,"Meadowood, TX 77355, United States",TX 77355,6a6bdfd8-6dfd-46ce-a112-322f2eae7650,"ICE Rio Grande Valley, federal partner investigation results in the sentencing of illegal alien for drug trafficking in South Texas",Unknown,"Jorge Alberto Galindo-Vargas, 44, illegally residing in Mission, Texas, was sentenced Feb. 20 by Chief U.S. District Judge Randy Crane to serve 210 months in federal prison to be immediately followed by five years of supervised release.","February 24, 2025"
ice.gov,USA,arrest,-98.32529319999999,26.2159066,6/18/2025,1,"Mission, Texas",https://www.ice.gov/news/releases/repeat-drug-trafficker-heading-back-prison-another-15-years-following-ice-rio-grande,Unknown,"Mission, TX, USA",TX,65c46804-96bf-4311-8732-2050c55138ee,"Repeat drug trafficker is heading back to prison another 15 years following ICE Rio Grande Valley, federal partner investigation",Hidalgo County,"Salvador Noyola, 56, from Mission, Texas, was sentenced Feb. 20 by Chief U.S. District Judge Randy Crane to serve 188 months in federal prison to be immediately followed by five years of supervised release.","February 24, 2025"
ice.gov,USA,arrest,-71.0565364,42.3555076,6/18/2025,1,Boston,https://www.ice.gov/news/releases/ice-boston-arrests-illegal-guatemalan-alien-charged-armed-home-invasion-kidnapping,Unknown,"Boston, MA, USA",MA,fe368dfc-1be3-42ed-8e94-6519679627e9,"ICE Boston arrests illegal Guatemalan alien charged with armed home invasion, kidnapping crimes",Suffolk,"Officers with ICE Boston’s Providence, Rhode Island field office arrest Edilio Agustin-Orellana Jan. 27 in Providence. Agustin, an illegally present Guatemalan national is charged in Brockton, Massachusetts, with armed home invasion and kidnapping crimes.","February 24, 2025"
ice.gov,USA,arrest,-98.23001239999999,26.2034071,6/18/2025,1,McAllen,https://www.ice.gov/news/releases/ice-rio-grande-valley-investigation-resulted-sentencing-south-texas-man-over-33-years,Unknown,"McAllen, TX, USA",TX,5bd9fb39-aeb0-4d94-acde-2c59d7aa08a3,ICE Rio Grande Valley investigation resulted in the sentencing of a South Texas man to over 33 years for sexually abusing minor,Hidalgo,"Christian Hanks, 29, from McAllen, was sentenced Feb. 19 by U.S. District Judge Micaela Alvarez to 400 and 360 months for enticement and production of child pornography convictions, respectively.","February 24, 2025"
ice.gov,United States,detention,-80.386287,25.730954,6/18/2025,1,HCA Kendall Hospital,https://www.ice.gov/news/releases/ukrainian-national-ice-custody-passes-away-miami-area-hospital,33175,"11750 SW 40th St, Miami, FL 33175, United States",FL 33175,e1c6da6b-8fa3-43a1-93f2-2583f8452057,Ukrainian national in ICE custody passes away at Miami-area hospital,Miami-Dade County,"ICE remains committed to ensuring that all those in its custody reside in safe, secure and humane environments. Comprehensive medical care is provided from the moment individuals arrive and throughout the entirety of their stay.","February 24, 2025"
ice.gov,United States,arrest,-74.0037882,40.659867,6/18/2025,1,Metropolitan Detention Center,https://www.ice.gov/news/releases/ice-arrests-detains-uk-citizen-upon-release-new-york-citys-metropolitan-detention,Unknown,"80 29th St, Brooklyn, NY 11232, United States",NY 11232,05aa87e4-4f3c-461d-97ed-c2983fd951b3,"ICE arrests, detains UK citizen upon release from New York City’s Metropolitan Detention Center for violating US immigration laws",Unknown,"ICE arrested Mark Adrian Vicars, a 58-year-old citizen of the United Kingdom illegally present in the United States, on Feb 21 who was previously convicted for impersonating a U.S. Federal Air Marshal, among other offenses, upon his release from the U.S. Bureau of Prisons Metropolitan Detention Center in Brooklyn, New York.","February 24, 2025"
ice.gov,United States,raid,-95.24229729999999,29.5765154,6/18/2025,N/A,Unknown,https://www.ice.gov/news/releases/ice-executes-federal-search-warrant-local-rental-equipment-business,Unknown,"9223 Colt Canyon Ln, Houston, TX 77089, United States",TX 77089,bf48fa9d-c375-4b51-937a-72455695b55f,ICE executes federal search warrant at local rental equipment business,Unknown,"The ICE HSI-led immigration enforcement operation was supported by other federal agencies including the Drug Enforcement Administration, Enforcement Removal Operations, U.S. Marshals, U.S. Customs and Border Protection, Office of Field Operations, U.S. Border Patrol, Bureau of Alcohol, Tobacco, Firearms, and Explosives, the U.S. Coast Guard, and the FBI.","February 21, 2025"
ice.gov,United States,arrest,-75.2161297,40.6884246,6/18/2025,1,Northampton County Prison,https://www.ice.gov/news/releases/ice-arrests-another-illegal-alien-outside-northampton-county-prison-following-countys,Unknown,"666 Walnut St, Easton, PA 18042, United States",PA 18042,44d718d8-eec4-41d1-9ab3-c561a326da23,"ICE arrests another illegal alien outside Northampton County Prison, following county’s release and failure to honor immigration detainer",Northampton County,ICE and our federal law enforcement partners arrested an illegal alien and Columbian citizen Feb. 21 after Northampton County Prison refused to honor the ICE immigration detainer asking them to hold him in a secure location inside prison walls. This required more resources and higher cost to taxpayers.,"February 21, 2025"
ice.gov,USA,arrest,-74.1744671,40.7315293,6/18/2025,1,Newark,https://www.ice.gov/news/releases/ice-newark-law-enforcement-partners-arrest-illegal-alien-new-jersey-extensive,Unknown,"Newark, NJ, USA",NJ,8a45879d-8c1c-427e-b998-426dfe805490,"ICE Newark, law enforcement partners arrest illegal alien in New Jersey with extensive criminal history",Essex,"U.S. Immigration and Customs Enforcement, with assistance from law enforcement partners, apprehended Richard Alfanso Smith, 48, an illegally present Jamaican national subject to a final order of removal, Feb. 19.","February 21, 2025"
ice.gov,USA,arrest,-90.07583559999999,29.9508941,6/18/2025,N/A,Unknown,https://www.ice.gov/news/releases/ice-arrests-illegal-alien-attempting-buy-firearm,Unknown,"New Orleans, LA, USA",LA,9faa80cd-9611-4fb0-89e1-0221b4aa0531,ICE arrests illegal alien attempting to buy a firearm,Unknown,"ICE arrested Juan Antonio Reyes, 51, an illegally present Salvadorian national in Baton Rouge Feb. 17 after being alerted that he tried to purchase a firearm.","February 21, 2025"
ice.gov,United States,arrest,-77.0721741,38.8763796,6/18/2025,1,Virginia,https://www.ice.gov/news/releases/ice-washington-dc-fbi-richmond-arrest-illegal-egyptian-national-during-enhanced,Unknown,"1 Wilson Ave, Fort Myer, VA 22211, United States",VA 22211,12616e9a-5873-45ce-8724-c711edb4ee15,"ICE Washington, D.C., FBI Richmond arrest illegal Egyptian national during enhanced operation in Virginia",Unknown,"ICE and the FBI apprehended an illegally present citizen of Egypt and Turkey when officers and agents arrested Noareleslam Abdelrahman, 27, during an at-large, targeted enforcement action in Abingdon.","February 21, 2025"
ice.gov,United States,arrest,-71.2173586,42.1776744,6/18/2025,N/A,Unknown,https://www.ice.gov/news/releases/ice-boston-law-enforcement-partners-arrest-illegal-brazilian-gang-member-convicted,Unknown,"61 Endicott St Building #26, Norwood, MA 02062, United States",MA 02062,525395c5-ccb3-4d2b-a18e-eebe15dff1d4,"ICE Boston, law enforcement partners arrest illegal Brazilian gang member convicted of assault, battery in Massachusetts",Unknown,"ICE and law enforcement partners from the FBI, the DEA, and the ATFE apprehended an illegally present Brazilian national and validated gang member convicted of assault and battery against a Massachusetts resident with the arrest of Caio Vitor Guimaraes-Silva, 21, during an immigration enforcement operation in Bellingham, Feb. 3.","February 21, 2025"
ice.gov,USA,arrest,-80.57685939999999,28.4923776,6/18/2025,1,Cape Canaveral Space Force Base,https://www.ice.gov/news/releases/canadian-citizen-charged-unlawful-aerial-photography-defense-installation,32920,"Cape Canaveral Space Force Station, FL, USA",FL,ca6e5f7f-7b51-4954-abba-08abb03e4db2,Canadian citizen charged with unlawful aerial photography of defense installation,Brevard County,"In a criminal information filing, Xiao Guang Pan, 71, used an unmanned aircraft to photograph vital defense installations and equipment at Cape Canaveral Space Force Base, Cape Canaveral, Florida.","February 20, 2025"
ice.gov,USA,arrest,-97.7430608,30.267153,6/18/2025,1,Austin,https://www.ice.gov/news/releases/ice-san-antonio-arrests-tren-de-aragua-member-wanted-chile-narcotics-and-weapons,Unknown,"Austin, TX, USA",TX,d7c3454e-e405-40fc-a9e0-5be07405e560,ICE San Antonio arrests Tren de Aragua member wanted in Chile for narcotics and weapons trafficking,Travis County,"ICE arrested a Venezuelan national wanted in Chile for narcotics and weapons trafficking Jan. 26. Officers arrested Carlos Daniel Teran-Aguilar, an 18-year-old citizen of Venezuela and Tren de Aragua member, during routine daily operations in Austin.","February 19, 2025"
ice.gov,United States,arrest,-95.4213858,29.7251523,6/18/2025,1,Unknown,https://www.ice.gov/news/releases/ice-removes-6-time-deported-gang-member-violent-criminal-history-mexico,Unknown,"2715 Bissonnet St Ste 160, Houston, TX 77005, United States",TX 77005,288e7c3f-5d47-4cca-bb46-6bfbaaa15586,ICE removes 6-time deported gang member with violent criminal history to Mexico,Unknown,"ICE has removed a transnational gang member or criminal alien from the Houston area who illegally entered the United States at least six times, for the third time in 10 days.","February 19, 2025"
ice.gov,United States,arrest,-98.2335358,38.7407666,6/18/2025,1,Ellsworth Correctional Facility,https://www.ice.gov/news/releases/ice-dallas-removes-36-year-old-citizen-mexico-convictions-murder-second-degree,67439,"1607 State St, Ellsworth, KS 67439, United States",KS 67439,0bbdbf0f-61f2-45a9-86e5-350e4ce78658,ICE Dallas removes a 36-year-old citizen of Mexico with convictions for murder in the second degree,Ellsworth County,"ICE removed Pedro Bailon, a 36-year-old citizen of Mexico and convicted felon charged with second-degree murder, to his home country Feb. 12.","February 19, 2025"
ice.gov,USA,arrest,-117.1610838,32.715738,6/18/2025,1,San Diego,https://www.ice.gov/news/releases/ice-san-diego-arrests-illegal-mexican-national-charged-driving-under-influence,Unknown,"San Diego, CA, USA",CA,0e9eea67-12bd-4908-86da-056b6ad12cd6,ICE San Diego arrests illegal Mexican national charged with driving under the influence,San Diego County,"ICE arrested Rogelio Venegas Martinez, 40, a citizen of Mexico on Feb. 17 in Vista, California, on charges related to driving under the influence.","February 19, 2025"
ice.gov,USA,arrest,-70.95690239999999,42.4697809,6/18/2025,8,"Lynn, Massachusetts",https://www.ice.gov/news/releases/ice-investigation-leads-8-criminal-arrests-and-charges-trinitarios-gang-members,Unknown,"Lynn, MA, USA",MA,7e3d5395-4b16-4156-851f-0830c8ad17c0,ICE investigation leads to 8 criminal arrests and charges for Trinitarios gang members,Essex,"The charges are the result of a multijurisdictional investigation that began in the aftermath of four murders, and a series of attempted murders and shootings that took place in Lynn, Massachusetts in 2023, allegedly committed by the Trinitarios criminal enterprise.","February 19, 2025"
ice.gov,United States,arrest,-95.24229729999999,29.5765154,6/18/2025,N/A,Unknown,https://www.ice.gov/news/releases/ice-boston-removes-fugitive-wanted-shooting-jamaica,Unknown,"9223 Colt Canyon Ln, Houston, TX 77089, United States",TX 77089,8663d8eb-04d6-4e1d-9ad3-206d7763564b,ICE Boston removes fugitive wanted for shooting in Jamaica,Unknown,"ICE arrested a Jamaican fugitive wanted in his home country for shooting with intent and removed Leroy Neville White, 30, from the United States to Jamaica Jan. 30 and turned him over to Jamaican authorities.","February 19, 2025"
ice.gov,United States,arrest,-95.24229729999999,29.5765154,6/18/2025,N/A,Unknown,https://www.ice.gov/news/releases/ice-removes-salvadoran-gang-member-who-illegally-entered-us-3-times,Unknown,"9223 Colt Canyon Ln, Houston, TX 77089, United States",TX 77089,c58e8fa5-d175-4beb-9c0b-4b7301f04b5a,ICE removes Salvadoran gang member who illegally entered US 3 times,Unknown,"ICE, with assistance from the SAFE Task Force, removed William Alexander Diaz Reyes, a 32-year-old foreign fugitive, from the United States Feb. 14.","February 19, 2025"
ice.gov,USA,arrest,-104.990251,39.7392358,6/18/2025,N/A,Denver,https://www.ice.gov/news/releases/ice-denver-arrests-suspected-member-tren-de-aragua-found-possession-firearm,Unknown,"Denver, CO, USA",CO,bc4b60e3-d3f2-478f-a600-56b299ab5458,ICE Denver arrests suspected member of Tren de Aragua found in possession of a firearm,Denver County,"ICE Denver officers arrested Ender Jose Roa Contreras, 29, a suspected TdA member and illegal alien who was found in possession of a firearm, Feb. 19. ICE is committed to removing public safety threats from our communities.","February 19, 2025"
ice.gov,Unknown,arrest,Unknown,Unknown,6/18/2025,1,Unknown,https://www.ice.gov/news/releases/ice-columbus-and-us-marshals-arrest-ecuadorian-illegal-alien-wanted-murder,Unknown,Unknown,Columbus,1fe680e3-cd01-4d68-b5e8-b5c46c7800ad,ICE Columbus and US Marshals arrest Ecuadorian illegal alien wanted for murder,Unknown,"ICE and the USMS arrested Luis Naula-Candelario, a criminal alien from Ecuador who is wanted in his home country for murder, in Pickerington, Ohio, Feb. 12.","February 19, 2025"
ice.gov,United States,arrest,-95.24229729999999,29.5765154,6/18/2025,N/A,Unknown,https://www.ice.gov/news/releases/ice-us-border-patrol-nab-venezuelan-illegal-alien-alleged-child-sexually-abusive,Unknown,"9223 Colt Canyon Ln, Houston, TX 77089, United States",TX 77089,2ea503ce-e274-4f4f-9900-442b6b49238a,"ICE, US Border Patrol nab Venezuelan illegal alien with alleged child sexually abusive material",Unknown,"Gibraltar Border Patrol Station agents arrested Luis Angel Alvarez-Alvarez, an ICE fugitive with a final order of removal, Feb. 11 in the River Rouge suburb of Detroit.","February 19, 2025"
ice.gov,United States,arrest,-77.0721741,38.8763796,6/18/2025,3,Northern Virginia,https://www.ice.gov/news/releases/ice-washington-dc-law-enforcement-partners-arrest-3-illegal-aliens-northern-virginia,Unknown,"1 Wilson Ave, Fort Myer, VA 22211, United States",VA 22211,235803b9-8c74-4020-b4c8-7ac0432683bc,"ICE Washington, D.C., law enforcement partners arrest 3 illegal aliens in Northern Virginia",Unknown,"ICE assisted by the FBI and the Bureau of Alcohol, Tobacco, Firearms and Explosives, apprehended three illegally present aliens during a routine enforcement operation in Arlington, Feb. 11.","February 18, 2025"
ice.gov,United States,arrest,-73.9944268,40.7114181,6/18/2025,N/A,Unknown,https://www.ice.gov/news/releases/ice-buffalo-investigation-nets-30-year-sentence-new-york-man-child-exploitation,Unknown,"44 Monroe St, New York, NY 10002, United States",NY 10002,67f085cb-c4b1-4b5e-9850-0b5f6550d476,ICE Buffalo investigation nets 30-year sentence for New York man on child exploitation charges,Unknown,"William Seneca, Sr., age 65, was sentenced to 30 years in federal prison to be followed by 15 years of supervised release for sexual exploitation of a child and distribution of child sexual abuse material, the U.S. District Court for the District of Northern New York announced Feb. 12.","February 18, 2025"
ice.gov,USA,arrest,-75.1652215,39.9525839,6/18/2025,N/A,Philadelphia,https://www.ice.gov/news/releases/ice-philadelphia-apprehends-alien-previously-arrested-multiple-criminal-offenses,Unknown,"Philadelphia, PA, USA",PA,70b5da42-bcdb-45cf-9b55-bc9b2a1e663a,ICE Philadelphia apprehends alien previously arrested for multiple criminal offenses,Philadelphia,"ICE arrested Noel Chinchilla-Avilez, a citizen of Honduras with a final order of removal, in York, Pennsylvania, Feb. 14. Chinchilla-Avilez has been charged with statutory rape and receiving stolen property in the United States.","February 18, 2025"
ice.gov,United States,arrest,-71.2173586,42.1776744,6/18/2025,1,Unknown,https://www.ice.gov/news/releases/ice-boston-arrests-guatemalan-national-convicted-massachusetts-assault-and-battery,Unknown,"61 Endicott St Building #26, Norwood, MA 02062, United States",MA 02062,dac009fa-1e87-4bbd-b5bc-faf5e030e3ee,"ICE Boston arrests Guatemalan national convicted in Massachusetts for Assault and Battery on a Family Member, Intimidation, Violation of the Abuse Prevention Act",Unknown,"ICE Boston apprehended an illegally present, 27-year-old Guatemalan national convicted in Massachusetts of three counts of assault and battery on a family member, intimidation, and violation of the Abuse Prevention Act. Officers with ICE Boston arrested Wilber Chinic-Villagran, Jan. 26, in Framingham, Massachusetts.","February 18, 2025"
ice.gov,United States,arrest,-75.08474939999999,39.8805143,6/18/2025,4,UPS warehouses,https://www.ice.gov/news/releases/pennsylvania-man-sentenced-role-burglary-55-ups-warehouses-following-ice,Unknown,"24 S Black Horse Pike, Mt Ephraim, NJ 08059, United States",NJ 08059,d8563e73-d696-4697-913f-4ac9b895b0eb,Pennsylvania man sentenced for role in burglary of 55 UPS warehouses following ICE investigation,Unknown,"Aboudramane Karamoko, 21, of Philadelphia, Pennsylvania, was sentenced to 39 months’ imprisonment followed by three years’ supervised release in Camden federal court Feb. 13. Three other defendants, all from Philadelphia, were previously sentenced.","February 18, 2025"
ice.gov,USA,arrest,-74.01618119999999,40.7889063,6/18/2025,1,West New York,https://www.ice.gov/news/releases/ice-philadelphia-removes-el-salvadorian-wanted-aggravated-homicide-and-terrorist,Unknown,"West New York, NJ 07093, USA",NJ 07093,6955fa9e-476e-4950-80a3-9bea1202f210,ICE Philadelphia removes El Salvadorian wanted for aggravated homicide and terrorist organization,Hudson County,"ICE Philadelphia removed Jonathan Stanley Garcia Vasquez, a citizen of El Salvador with a final order of removal, to El Salvador, Feb. 14. Garcia is a foreign fugitive wanted by law enforcement authorities in El Salvador for aggravated homicide and terrorist organization.","February 18, 2025"
ice.gov,USA,arrest,-75.1164689,39.9425241,6/18/2025,1,Camden,https://www.ice.gov/news/releases/mexican-national-admits-intent-distribute-cocaine-following-ice-investigation,Unknown,"Camden, NJ, USA",NJ,2b11c3c4-0b6c-4d11-b0e8-748baf2e3de1,Mexican national admits intent to distribute cocaine following ICE investigation,Camden County,"Anastacio Santiago Chaparro, aka Arnoldo Urquidez, 41, pleaded guilty to an indictment charging him with possession with intent to distribute cocaine and illegal reentry by a convicted felon, the U.S. District Court for the District of New Jersey announced on Feb. 7.","February 18, 2025"
ice.gov,United States,other,-95.24229729999999,29.5765154,6/18/2025,N/A,Unknown,https://www.ice.gov/news/releases/know2protect-campaign-raises-awareness-daytona-500-empowering-fans-protect-children,Unknown,"9223 Colt Canyon Ln, Houston, TX 77089, United States",TX 77089,c5443072-800a-4001-bd61-74cc7d9127d5,"Know2Protect campaign raises awareness at Daytona 500, empowering fans to protect children from online exploitation",Unknown,"With the increasing prevalence of digital interactions, it is critical that parents, caregivers, and children are equipped to navigate the online world safely.","February 16, 2025"
ice.gov,United States,arrest,-98.3427276,29.6924095,6/18/2025,N/A,Unknown,https://www.ice.gov/news/releases/ice-multi-agency-partners-arrest-suspected-tda-gang-member-previously-convicted,Unknown,"26495 Natural Bridge Caverns Rd, San Antonio, TX 78266, United States",TX 78266,e21f039b-5e3a-4021-897d-0399aa42c7cb,"ICE, multi-agency partners arrest suspected TdA gang member previously convicted of attempting to smuggling firearms",Unknown,ICE Austin along with law enforcement partners arrested a suspected TdA gang member for being in the country illegally. He is a prior felon who was convicted and sentenced for firearms smuggling. He is now facing removal from the U.S.,"February 14, 2025"
ice.gov,Texas,arrest,Unknown,Unknown,6/18/2025,36,South Texas,https://www.ice.gov/news/releases/south-texas-man-pleads-guilty-smuggling-36-aliens-tractor-trailer-following,Unknown,Unknown,Unknown,c2bc040c-087d-4332-9d96-6e4a949ccce1,"South Texas man pleads guilty to smuggling 36 aliens in tractor trailer following investigation by ICE, US Border Patrol",Unknown,"Eusebio Cavazos, a 33-year-old resident of Alamo, pleaded guilty in the U.S. District Court for the Southern District of Texas to transporting aliens into or within the U.S. He is scheduled to be sentenced May 15 and faces up to five years in federal prison and a maximum $250,000 possible fine.","February 14, 2025"
ice.gov,USA,raid,-106.4850217,31.7618778,6/18/2025,N/A,El Paso,https://www.ice.gov/news/releases/ice-operations-feb-7-feb-13,Unknown,"El Paso, TX, USA",TX,da3b3fc1-ecd5-47ee-a99f-84e7e2e251c0,ICE operations from Feb. 7 to Feb. 13,El Paso County,"ICE conducted daily routine immigration enforcement operations with our law enforcement partners, including FBI, the DEA, the ATF, U.S. Customs and Border Protection, and the U.S. Marshals Service, across the nation between Feb. 7 and Feb. 13 in San Diego, Seattle, Baltimore and several other cities across the nation.","February 14, 2025"
ice.gov,United States,arrest,-122.0968375,47.9115429,6/18/2025,N/A,Unknown,https://www.ice.gov/news/releases/ice-seattle-arrests-aliens-who-pose-significant-public-threats-washington,Unknown,"1118 1st St suite 1, Snohomish, WA 98290, United States",WA 98290,d708036e-0ce5-4647-b303-8e6198144a77,ICE Seattle arrests aliens who pose significant public threats in Washington,King,"ICE, as part of a joint federal law enforcement effort, arrested three illegal aliens who have or continue to pose a threat to public safety.","February 14, 2025"
ice.gov,United States,arrest,-95.24229729999999,29.5765154,6/18/2025,N/A,Unknown,https://www.ice.gov/news/releases/mexican-citizen-sentenced-15-months-prison-following-ice-law-enforcement-partner,Unknown,"9223 Colt Canyon Ln, Houston, TX 77089, United States",TX 77089,8fb8b6cc-8bd1-44f4-92f1-01384073266c,"Mexican citizen sentenced to 15 months in prison, following ICE, law enforcement partner investigation",Unknown,"Jesus Ortiz-Plata, 46, of Independence, Oregon was arrested May 23, 2024, in Everett, Washington, with aliens who had been smuggled into the United States from Canada.","February 14, 2025"
ice.gov,United States,arrest,-95.4213858,29.7251523,6/18/2025,N/A,Unknown,https://www.ice.gov/news/releases/ice-arrests-criminal-alien-convicted-secretly-recording-others-bathroom,Unknown,"2715 Bissonnet St Ste 160, Houston, TX 77005, United States",TX 77005,b4eb0984-c19a-484c-83c6-7c41c8d7df08,ICE arrests criminal alien convicted of secretly recording others in bathroom,Unknown,"ICE’s HSI Houston arrested Daniel Alejandro Tristan-Guerra, a 28-year-old criminal alien from Mexico, in Hallettsville and he was taken to the Victoria County Jail for processing.","February 14, 2025"
ice.gov,United States,arrest,-95.24229729999999,29.5765154,6/18/2025,N/A,Unknown,https://www.ice.gov/news/releases/ice-removes-paisas-gang-member-wanted-homicide-who-illegally-entered-us-10-times,Unknown,"9223 Colt Canyon Ln, Houston, TX 77089, United States",TX 77089,dcc8487d-6ca4-42bb-926b-2379abc1e574,ICE removes Paisas gang member wanted for homicide who illegally entered US 10 times,Unknown,"ICE removed Humberto Romero Avila, a 45-year-old Paisas gang member and foreign fugitive, to Mexico Feb. 13. Romero has illegally entered the U.S. 10 times and is wanted in Mexico for allegedly murdering Geovany Uriel Prado Morales, a 22-year-old Mexican national, Dec. 2, 2007, in Celaya, Guanajuato, Mexico.","February 14, 2025"
ice.gov,United States,arrest,-86.72341589999999,36.1362817,6/18/2025,8,Nashville motels,https://www.ice.gov/news/releases/8-venezuelan-illegal-aliens-ties-tren-da-aragua-are-charged-transnational-commercial,Unknown,"717 Spence Ln, Nashville, TN 37217, United States",TN 37217,d5a67da7-fc26-4d55-8526-4d17afd25501,8 Venezuelan illegal aliens with ties to Tren da Aragua are charged with transnational commercial sex enterprise crimes,Davidson County,"An ICE investigation with the Tennessee Bureau of Investigation led to a four-count indictment which was unsealed in the Middle District of Tennessee charging eight defendants, with ties to the Tren da Aragua (TdA) gang, with various offenses stemming from their involvement with a transnational commercial sex enterprise.","February 14, 2025"
ice.gov,United States,arrest,-86.2394486,39.8271563,6/18/2025,1,Unknown,https://www.ice.gov/news/releases/ice-indianapolis-arrests-venezuelan-citizen-ties-tren-de-aragua-wanted-chilean,Unknown,"3898 Lafayette Rd, Indianapolis, IN 46254, United States",IN 46254,29cdbb6b-339a-4ccb-b648-1b061a854a0c,ICE Indianapolis arrests Venezuelan citizen with ties to Tren de Aragua wanted by Chilean authorities for kidnapping charges,Unknown,U.S. Immigration and Customs Enforcement arrested a Venezuelan citizen Feb. 11 wanted by Chilean authorities in connection with a kidnapping.,"February 13, 2025"
ice.gov,USA,arrest,-84.5120196,39.1031182,6/18/2025,1,Cincinnati,https://www.ice.gov/news/releases/ice-cincinnati-arrests-illegal-alien-convicted-sex-crimes,Unknown,"Cincinnati, OH, USA",OH,4b90bb43-ec7b-41c2-9011-7fd9840cab0a,ICE Cincinnati arrests illegal alien convicted of sex crimes,Hamilton,"ICE arrested Ciro Teodoro-Rivera, a criminal alien from Mexico with a conviction for sexual imposition and aggravated assault, in Cincinnati Feb. 10.","February 13, 2025"
ice.gov,USA,arrest,-117.1610838,32.715738,6/18/2025,1,San Diego,https://www.ice.gov/news/releases/ice-san-diego-arrests-illegal-mexican-national-convicted-sex-offenses,Unknown,"San Diego, CA, USA",CA,c686dcdb-3323-46f1-aeb2-77a58c2ecaa7,ICE San Diego arrests illegal Mexican national convicted of sex offenses,San Diego County,"U.S. Immigration and Customs Enforcement arrested Freddy Mogollan, 41, a citizen of Mexico and convicted sex offender, Feb. 11 in San Diego.","February 13, 2025"
ice.gov,USA,arrest,-96.79698789999999,32.7766642,6/18/2025,1,Dallas,https://www.ice.gov/news/releases/ice-dallas-arrests-east-african-man-charged-3-counts-sexual-assault,Unknown,"Dallas, TX, USA",TX,6cf56c27-057f-4ac1-86d1-46b4bb2dfe87,ICE Dallas arrests East African man charged with 3 counts of sexual assault,Dallas County,"Officers with ICE Enforcement and Removal Operations Dallas Field Office arrested Uqbasilassie Kiflemariam, 40, a citizen of Eritrea and convicted sex offender.","February 13, 2025"
ice.gov,United States,arrest,-95.24229729999999,29.5765154,6/18/2025,N/A,Unknown,https://www.ice.gov/news/releases/ice-ero-newark-arrests-peruvian-wanted-child-rape-overseas,Unknown,"9223 Colt Canyon Ln, Houston, TX 77089, United States",TX 77089,10db0bbb-403e-4b46-9aac-0ae95da546bf,ICE ERO Newark arrests Peruvian wanted for child rape overseas,Unknown,"ICE arrested an illegally present Peruvian alien wanted overseas for the rape of a minor in in Guttenberg, New Jersey, Feb. 11. The name of the alien is being withheld due to privacy issues involved with the case.","February 13, 2025"
ice.gov,United States,arrest,-71.2173586,42.1776744,6/18/2025,1,Unknown,https://www.ice.gov/news/releases/ice-boston-arrests-illegal-guatemalan-national-charged-forcibly-raping-massachusetts,Unknown,"61 Endicott St Building #26, Norwood, MA 02062, United States",MA 02062,d24c25e4-3814-485d-a948-8f7359f4fab9,ICE Boston arrests illegal Guatemalan national charged with forcibly raping Massachusetts minor,Unknown,"U.S. Immigration and Customs Enforcement apprehended an illegally present Guatemalan national charged with three counts of forcible rape of a child and three counts of aggravated rape of a child when officers arrested Jose Fernando-Perez, 49, in Framingham, Massachusetts, Feb. 2.","February 12, 2025"
ice.gov,USA,arrest,-110.9741769,32.2539787,6/18/2025,1,Tucson,https://www.ice.gov/news/releases/ice-tucson-arrests-mexican-national-illegally-present-us-wanted-mexico-homicide,Unknown,"Tucson, AZ, USA",AZ,9ea52234-ee1e-40b2-bef9-f5f7e246b4f5,"ICE Tucson arrests Mexican national illegally present in the US, wanted in Mexico for homicide",Pima County,"U.S. Immigration and Customs Enforcement apprehended an illegal Mexican national wanted for homicide in Mexico when ICE, the U.S. Marshals Service and the Drug Enforcement Administration arrested Michell Armando Santander-Ortega, 30, Feb. 8.","February 12, 2025"
ice.gov,USA,arrest,-122.3328481,47.6061389,6/18/2025,1,Seattle,https://www.ice.gov/news/releases/ice-seattle-arrests-fugitive-el-salvador-wanted-home-country-murder,Unknown,"Seattle, WA, USA",WA,735f39db-9ee8-43a6-8d5c-391c5359349e,ICE Seattle arrests fugitive from El Salvador wanted in home country for murder,King,"ICE arrested Jose Marin-Lozano, 47, a citizen of El Salvador wanted in his home country for a variety of charges to include homicide, Feb. 11 in Seattle.","February 12, 2025"
ice.gov,USA,arrest,-91.6663523,44.0553908,6/18/2025,60,Winona,https://www.ice.gov/news/releases/mexican-citizen-sentenced-27-years-prison-after-targeting-more-60-young-girls-online,Unknown,"Winona, MN 55987, USA",MN 55987,48c0d6a0-c0f0-46f8-a30e-4d49f144ed64,"Mexican citizen sentenced to 27 years in prison after targeting more than 60 young girls in online sextortion scheme, following HSI St. Paul, joint partner investigation",Winona County,"According to court documents, between April 2022 and June 2023, Valentin Silva Quintana, 31, used social media apps, including Snapchat and Instagram, to threaten, sexually manipulate, and exploit more than 60 young girls primarily between 9 and 12 years old in Oklahoma, Pennsylvania, Texas, New Zealand and elsewhere.","February 12, 2025"
ice.gov,United States,other,-95.24229729999999,29.5765154,6/18/2025,N/A,Unknown,https://www.ice.gov/news/releases/know2protect-campaign-partners-nfl-ahead-super-bowl-lix-empower-fans-protect-children,Unknown,"9223 Colt Canyon Ln, Houston, TX 77089, United States",TX 77089,83d06905-b2c3-45a6-af58-17b961be2a78,Know2Protect Campaign partners with NFL ahead of Super Bowl LIX to empower fans to protect children from online sexual exploitation and abuse,Unknown,"The campaign hosted an interactive booth at the NFL Experience to engage with attendees, raise awareness, and provide essential resources to help safeguard children in the digital world ahead of the Super Bowl.","February 12, 2025"
ice.gov,United States,arrest,-77.0721741,38.8763796,6/18/2025,7,Northern Virginia,https://www.ice.gov/news/releases/ice-washington-dc-and-fbi-washington-dc-arrest-7-illegal-aliens-northern-virginia,Unknown,"1 Wilson Ave, Fort Myer, VA 22211, United States",VA 22211,8032ef3d-15a8-4d80-a8b5-11885a42c346,"ICE Washington, D.C. and FBI Washington, D.C. arrest 7 illegal aliens in Northern Virginia operation",Unknown,"ICE, assisted by the FBI, apprehended seven illegally present aliens during a routine enforcement operation in Annandale, Feb. 5.","February 12, 2025"
ice.gov,USA,arrest,-71.0565364,42.3555076,6/18/2025,1,Boston,https://www.ice.gov/news/releases/ice-boston-arrests-illegal-turkish-national-charged-witness-intimidation-assault,Unknown,"Boston, MA, USA",MA,71dc9de3-b640-427b-8068-67dac4b1a7c7,"ICE Boston arrests illegal Turkish national charged with witness intimidation, assault, battery on intellectually disabled person",Suffolk,"ICE apprehended an illegally present Turkish national charged in Massachusetts with assault and battery against a household member, witness intimidation, and two counts of assault and battery against a person with an intellectual disability when officers arrested Berkan Karamurtlu, 27, in Somerville, Jan. 22.","February 12, 2025"
ice.gov,United States,other,-72.7804495,41.6646721,6/18/2025,N/A,Unknown,https://www.ice.gov/news/releases/ice-hsi-new-england-investigation-leads-recovery-over-300000-victim-computer-support,Unknown,"18 Main St, New Britain, CT 06051, United States",CT 06051,e26419d3-1d86-4a26-a6a6-beb76c2e2545,"ICE HSI New England investigation leads to recovery of over $300,000 to victim of a computer support scam",Unknown,"According to the complaint (3:24cv840), in February 2024, an elderly woman was tricked by a scammer who mimicked Microsoft customer support. The victim transferred approximately $550,000 to the scammers in two wire transfers.","February 12, 2025"
ice.gov,USA,arrest,-87.6297982,41.8781136,6/18/2025,N/A,Chicago,https://www.ice.gov/news/releases/ice-arrests-tda-gang-member-suspected-chicago-mass-shooting,Unknown,"Chicago, IL, USA",IL,bf98cb4b-9b7e-4aa3-982c-20b1537b9a2d,ICE arrests TdA gang member suspected in Chicago mass shooting,Cook,"ICE arrested Ricardo Padillia-Granadillo, 24, an illegally present Venezuelan national, Feb. 8 in Raleigh.","February 12, 2025"
ice.gov,United States,detention,-95.4213858,29.7251523,6/18/2025,1,Unknown,https://www.ice.gov/news/releases/ice-removes-6-time-deported-criminal-alien-mexico,Unknown,"2715 Bissonnet St Ste 160, Houston, TX 77005, United States",TX 77005,aa474fc2-b8a9-4f60-9d45-696265bedf8f,ICE removes 6-time deported criminal alien to Mexico,Unknown,"ICE transported Jesus Alvarez Sinecio, a 32-year-old Mexican national, from the Montgomery Processing Center in Conroe, Texas, to the Laredo Port of Entry where he was released into Mexico.","February 11, 2025"
ice.gov,USA,arrest,-77.6077865,38.7838939,6/18/2025,1,Prince William County,https://www.ice.gov/news/releases/ice-washington-dc-operation-results-prison-honduran-sex-offender-who-illegally,Unknown,"Prince William County, VA, USA",VA,6f1b350c-6fd1-4427-9785-5b3038041a90,"ICE Washington, D.C. operation results in prison for Honduran sex offender who illegally reentered the United States",Prince William County,"U.S. Immigration and Customs Enforcement previously arrested Garcia-Gordillo on three occasions and subsequently removed him from the U.S., and arrested him again in Prince William County on Oct. 8, 2024, after his most recent illegal re-entry.","February 11, 2025"
ice.gov,United States,arrest,-72.7804495,41.6646721,6/18/2025,1,Unknown,https://www.ice.gov/news/releases/ice-boston-arrests-illegal-brazilian-national-convicted-connecticut-sexual-assault,Unknown,"18 Main St, New Britain, CT 06051, United States",CT 06051,b06db565-081c-42e6-952d-6f3d5e255811,"ICE Boston arrests illegal Brazilian national convicted in Connecticut of sexual assault, unlawful restraint, violating protective order",Unknown,"ICE apprehended an illegal Brazilian national convicted in Connecticut of sexual assault, unlawful restraint and two counts of violating a restraining order when officers arrested Emerson Eduardo Ferreira, 52, in Brooklyn, Connecticut, January 24 after his release from state custody.","February 11, 2025"
ice.gov,USA,arrest,-97.69610259999999,26.1906306,6/18/2025,1,Harlingen,https://www.ice.gov/news/releases/ice-hsi-rgv-law-enforcement-partners-arrest-member-cartel-del-golfo-during-routine,Unknown,"Harlingen, TX, USA",TX,5a2f74fa-3782-4ad7-814f-5d6c7ba92fd6,"ICE HSI RGV, law enforcement partners arrest member of Cartel del Golfo during routine enforcement action",Cameron County,"ICE HSI Rio Grande Valley, in partnership with our law enforcement partners arrested a member of the Cartel del Golfo.","February 11, 2025"
ice.gov,USA,arrest,-98.4945922,29.4251905,6/18/2025,1,San Antonio,https://www.ice.gov/news/releases/ice-hsi-san-antonio-and-our-law-enforcement-partners-arrest-tren-de-aragua-gang,Unknown,"San Antonio, TX, USA",TX,2a97f512-7ec8-4790-bcff-8c3bd65df34f,ICE HSI San Antonio and our law enforcement partners arrest a Tren de Aragua gang member during enforcement action,Bexar,The 27-year-old male citizen and national of Venezuela was arrested for assault with a deadly weapon and is the suspected shooter in an attempted murder investigation in San Antonio.,"February 11, 2025"
ice.gov,USA,arrest,-76.7802528,39.4195499,6/18/2025,1,Owings Mills,https://www.ice.gov/news/releases/ice-baltimore-arrests-uzbekistani-man-convicted-sex-offense-maryland,Unknown,"Owings Mills, MD, USA",MD,e51d179e-de1f-4183-95e6-63f564eb0897,ICE Baltimore arrests Uzbekistani man convicted of sex offense in Maryland,Baltimore County,"ICE apprehended an Uzbekistani native convicted of fourth-degree sex offense when officers arrested Islom Gaziev, 65, Feb. 4, in Owings Mills, Maryland.","February 11, 2025"
ice.gov,United States,arrest,-74.17326969999999,40.7294454,6/18/2025,1,District of New Jersey in Newark,https://www.ice.gov/news/releases/repeat-offender-gets-10-year-sentence-after-ice-hsi-newark-investigation,Unknown,"50 Walnut St #4015, Newark, NJ 07102, United States",NJ 07102,c676647a-0a35-47d2-9a8d-dae93b7dc148,Repeat offender gets 10-year sentence after ICE HSI Newark investigation,Essex County,"Jonathan Lattif, 46, of Jersey City, N.J., who was sentenced to 120 months in prison on February 6, 2025. Lattif previously pleaded guilty to an Information charging him with one count of possession of child pornography at the District of New Jersey in Newark.","February 10, 2025"
ice.gov,USA,raid,-77.0368707,38.9071923,6/18/2025,N/A,"Washington, D.C. area",https://www.ice.gov/news/releases/ice-operations-between-feb-1-and-feb-6,Unknown,"Washington, DC, USA",DC,de42282c-7da8-40ab-9fb7-75aa05177808,ICE operations between Feb. 1 and Feb. 6,Unknown,"U.S. Immigration and Customs Enforcement conducted a series of enhanced immigration enforcement operations across the nation between Feb. 1 and Feb. 7 in Baltimore, Maryland; Charleston, South Carolina; Hillsboro, Texas; Denver, Colorado; Washington, D.C. and several other cities across the nation. ICE’s routine daily operations continue, running in tandem with enhanced enforcement operations involving federal law enforcement partnerships with the FBI, the DEA, the ATF, U.S. Customs and Border Protection, and the U.S. Marshals Service for a whole-of-government approach.","February 10, 2025"
ice.gov,USA,arrest,-74.0059728,40.7127753,6/18/2025,1,New York City,https://www.ice.gov/news/releases/ice-new-york-city-arrests-ecuadorian-alien-convicted-sex-abuse,Unknown,"New York, NY, USA",NY,1f2d8998-0135-4cd1-99b7-d9d3dbea0541,ICE New York City arrests Ecuadorian alien convicted of sex abuse,Unknown,"U.S. Immigration and Customs Enforcement apprehended an undocumented Ecuadorian alien convicted of third-degree sex abuse: subject another person to sex contact without consent, when officers arrested Kail Sebastian Cardenas Aguirre, 27, Feb. 3.","February 10, 2025"
ice.gov,USA,arrest,-104.990251,39.7392358,6/18/2025,1,Denver,https://www.ice.gov/news/releases/ice-denver-arrests-honduran-alien-firearm-drug-charges,Unknown,"Denver, CO, USA",CO,f27efbfe-965f-4499-baee-8dba40a48efe,"ICE Denver arrests Honduran alien with firearm, drug charges",Denver County,"U.S. Immigration and Customs Enforcement arrested Adan Desederio Pavon-Andino, 30, an illegally present Honduran national in Thornton, Colorado, Feb. 5.","February 10, 2025"
ice.gov,United States,arrest,-95.24229729999999,29.5765154,6/18/2025,N/A,Unknown,https://www.ice.gov/news/releases/homeless-venezuelan-alien-asks-be-taken-ice-custody,Unknown,"9223 Colt Canyon Ln, Houston, TX 77089, United States",TX 77089,32fcd70b-cc76-4190-bca7-435ef760ba2c,Homeless Venezuelan alien asks to be taken into ICE custody,Unknown,"ICE arrested a homeless, 23-year-old Venezuelan illegal alien in Detroit Feb. 6 when he entered the agency’s lobby and asked to be taken into custody, stating that if ICE did not arrest him, he would go out and commit crimes.","February 10, 2025"
ice.gov,USA,arrest,-74.1744671,40.7315293,6/18/2025,1,Newark,https://www.ice.gov/news/releases/ice-newark-arrests-mexican-national-convicted-sex-crimes-against-minor,Unknown,"Newark, NJ, USA",NJ,172a2180-385a-41f7-9f5c-61582e9cb760,ICE Newark arrests Mexican national convicted for sex crimes against minor,Essex,"ICE arrested Jorge Luis Sanchez-Luna, 45, a citizen of Mexico and registered sex offender, in Newark Feb. 4.","February 10, 2025"
ice.gov,United States,detention,-71.2173586,42.1776744,6/18/2025,1,Unknown,https://www.ice.gov/news/releases/ice-boston-lodges-immigration-detainer-against-dominican-national-accused-grisly,Unknown,"61 Endicott St Building #26, Norwood, MA 02062, United States",MA 02062,d2e23127-8450-4713-8550-6916ecba0157,ICE Boston lodges immigration detainer against Dominican national accused of grisly murder,Unknown,"ICE lodged an immigration detainer against Eric Dionida German-Pena, 25, a native and citizen of the Dominican Republic, following his apprehension in Lynn for his alleged role in the murder of a Massachusetts sandwich shop owner during an apparent home-invasion robbery.","February 10, 2025"
ice.gov,Peru,arrest,-76.96761579999999,-12.0445455,6/18/2025,"23 arrested, 80 rescued","Santa Anita, San Martin de Porres, and Puente Piedra",https://www.ice.gov/news/releases/ice-hsi-assists-perus-national-police-large-joint-operation-arrest-tren-de-aragua,Unknown,"Jr. Las, Calandrias N° 151 – 291, Santa Anita 15011, Peru",Santa Anita 15011,ac1afb8d-b085-48ff-b080-466b2e5862d4,ICE HSI assists Peru’s National Police in large joint operation to arrest Tren de Aragua members,Unknown,"Approximately 23 individuals suspected of being involved with a human trafficking network were arrested, and more than 80 human trafficking victims were rescued, including three minors.","February 10, 2025"
ice.gov,Texas,raid,Unknown,Unknown,6/18/2025,4,South Texas,https://www.ice.gov/news/releases/ice-hsi-san-antonio-and-our-law-enforcement-partners-arrest-dangerous-criminal-aliens,Unknown,Unknown,Unknown,6a5f1cbe-c433-45cb-aea7-f8176c9a43d2,ICE HSI San Antonio and our law enforcement partners arrest dangerous criminal aliens during South Texas enforcement action,Unknown,"ICE HSI, along with our law enforcement partners, conducted routine, daily enforcement actions in South Texas that began during the week of Jan. 22.","February 10, 2025"
ice.gov,USA,arrest,-75.1652215,39.9525839,6/18/2025,1,Philadelphia,https://www.ice.gov/news/releases/ice-philadelphia-removes-mexican-national-wanted-domestic-violence,Unknown,"Philadelphia, PA, USA",PA,385eb05e-77d4-4207-82d1-507ebc566e58,ICE Philadelphia removes Mexican national wanted for domestic violence,Philadelphia County,"ICE removed Serafin Leon Rojas, a citizen of Mexico with a final order of removal, to Mexico on Feb. 4. Leon is a foreign fugitive wanted by law enforcement authorities in Mexico for domestic violence.","February 10, 2025"
ice.gov,USA,arrest,-122.3328481,47.6061389,6/18/2025,N/A,Seattle,https://www.ice.gov/news/releases/ice-seattle-captures-illegal-aliens-histories-unlawful-entries-us,Unknown,"Seattle, WA, USA",WA,8f10b021-df51-4123-a4da-1de48b83358a,ICE Seattle captures illegal aliens with histories of unlawful entries into the US,King,"ICE, as part of a joint federal law enforcement effort captured 5 illegal aliens with a history of unlawful entry into the U.S.","February 7, 2025"
ice.gov,United States,detention,-112.0573664,33.4645644,6/18/2025,1,Banner University Medical Center,https://www.ice.gov/news/releases/ethiopian-national-ice-custody-passes-away-phoenix-area-hospital,85006,"1111 E McDowell Rd, Phoenix, AZ 85006, United States",AZ 85006,9fb5fe29-c2f4-44b5-9e48-ee1bfadc778f,Ethiopian national in ICE custody passes away at Phoenix-area hospital,Maricopa,"Serawit Gezahegn Dejene, a 45-year-old citizen of Ethiopia in the custody of ICE, was pronounced deceased by medical professionals at the Banner University Medical Center in Phoenix, Arizona, Jan. 29 at 1:21 p.m.","February 7, 2025"
ice.gov,USA,arrest,-71.0565364,42.3555076,6/18/2025,1,Boston,https://www.ice.gov/news/releases/ice-boston-arrests-illegal-dominican-drug-dealer-charged-assault-battery-dangerous,Unknown,"Boston, MA, USA",MA,4405c15d-667b-4a99-aeb3-4096da6b23df,"ICE Boston arrests illegal Dominican drug dealer charged with assault, battery with dangerous weapon",Suffolk,"ICE apprehended an illegally present Dominican national convicted of heroin distribution crimes, who is currently charged with assault with a dangerous weapon and shoplifting crimes when ICE officers arrested Santor Aibar, 56, in East Boston Jan. 22.","February 7, 2025"
ice.gov,Unknown,other,-70.162651,18.735693,6/18/2025,N/A,Dominican Republic,https://www.ice.gov/news/releases/ice-homeland-security-investigations-supports-seizure-venezuelan-aircraft-involved,Unknown,Dominican Republic,Unknown,c858696a-0d37-40b1-b3d2-552aad78f80c,ICE Homeland Security Investigations supports seizure of Venezuelan aircraft involved in violations of US export control and sanctions laws,Unknown,"ICE's HSI played a key role, alongside the Department of Commerce’s Bureau of Industry and Security and other partners, in an announcement Feb. 6 by the Justice Department that Dominican Republic authorities, working in coordination with U.S. federal law enforcement and based on violations of U.S. export control and sanctions laws, seized a Dassault Falcon 2000EX aircraft used by Petroleos de Venezuela, S.A., the sanctioned Venezuelan state-owned oil and natural gas company.","February 7, 2025"
ice.gov,USA,arrest,-76.6104072,39.2905023,6/18/2025,1,Baltimore,https://www.ice.gov/news/releases/ice-baltimore-arrests-salvadoran-ms-13-member-weapons-conviction-maryland,Unknown,"Baltimore, MD, USA",MD,8f9aff10-ffe9-43ad-85a2-db75e925f060,ICE Baltimore arrests Salvadoran MS-13 member with weapons conviction in Maryland,Baltimore City,"ICE apprehended a Salvadoran alien convicted of possession of a loaded handgun when officers with arrested German Ronal Del Cid Carranza, 33, Feb. 4, in Silver Spring, Maryland.","February 7, 2025"
ice.gov,USA,arrest,-95.37011079999999,29.7600771,6/18/2025,1,Houston,https://www.ice.gov/news/releases/ice-arrests-alien-deported-3-times-violent-criminal-history-houston,Unknown,"Houston, TX, USA",TX,b5baf7ea-5214-4731-a03b-326e992e967b,"ICE arrests alien deported 3 times, with violent criminal history, in Houston",Harris County,"ICE and the Harris County Sheriff’s Office arrested a 3-time previously deported criminal alien Feb. 5 wanted in Harris County, Texas, for aggravated assault causing serious bodily injury.","February 7, 2025"
ice.gov,United States,arrest,-118.3755423,34.0271013,6/18/2025,N/A,Unknown,https://www.ice.gov/news/releases/former-major-league-baseball-interpreter-sentenced-57-months-imprisonment-following,Unknown,"3363 La Cienega Pl, Los Angeles, CA 90016, United States",CA 90016,21b40f7b-6032-40c7-8bcc-0e925a148d29,"Former Major League Baseball interpreter sentenced to 57 months imprisonment, following HSI Los Angeles, IRS-CI investigation",Unknown,"On Feb. 6, 2025, Ippei Mizuhara, a former Japanese-language interpreter was sentenced to 57 months in federal prison for illegally — and without authorization — transferring nearly $17 million from the bank account of Major League Baseball star Shohei Ohtani to pay off his own substantial gambling debts incurred with an illegal bookmaking operation and for signing a false tax return, following a joint Homeland Security Investigations (HSI), IRS Criminal Investigation probe.","February 7, 2025"
ice.gov,USA,arrest,-71.0565364,42.3555076,6/18/2025,N/A,Boston,https://www.ice.gov/news/releases/ice-boston-arrests-illegal-fugitive-wanted-armed-robbery-brazil,Unknown,"Boston, MA, USA",MA,e65b975e-7650-445c-9606-e67230df7d41,ICE Boston arrests illegal fugitive wanted for armed robbery in Brazil,Suffolk,ICE apprehended an illegally present Brazilian fugitive wanted for armed robbery in his home country when officers arrested the 38-year-old alien in Everett Jan. 22.,"February 7, 2025"
ice.gov,United States,arrest,-71.0908346,42.2840109,6/18/2025,N/A,Unknown,https://www.ice.gov/news/releases/ice-boston-arrests-illegal-fugitive-wanted-aggravated-homicide-el-salvador,Unknown,"723 Morton St, Mattapan, MA 02126, United States",MA 02126,196dd6ec-8dce-4973-91d3-1984f5be7239,ICE Boston arrests illegal fugitive wanted for aggravated homicide in El Salvador,Unknown,"ICE apprehended an illegally present 41-year-old Salvadoran fugitive wanted in his home country for aggravated homicide when officers arrested the fugitive Jan. 22 in Everett,","February 7, 2025"
ice.gov,United States,arrest,-97.58842489999999,35.6409559,6/18/2025,N/A,Unknown,https://www.ice.gov/news/releases/guatemalan-national-charged-transportation-distribution-and-possession-child,Unknown,"3825 NW 166th St Ste C3, Edmond, OK 73012, United States",OK 73012,38a0fb24-76fc-4328-a1be-1586b0398601,"Guatemalan national charged with transportation, distribution and possession of child pornography following joint HSI and Oklahoma Police Department investigation",Unknown,"The affidavit alleges the suspect who uploaded the photos, later determined as Gordillo, lived in Oklahoma City. Oklahoma City police detectives investigated the tip, and others from Facebook, determining that Gordillo was communicating with a child living out of state.","February 6, 2025"
ice.gov,USA,arrest,-97.4974838,25.9017472,6/18/2025,N/A,South Texas,https://www.ice.gov/news/releases/hsi-rgv-federal-partners-investigation-results-sentencing-south-texas-man-deadly,Unknown,"Brownsville, TX, USA",TX,a44c639d-67e2-4800-8447-ea2cf8adb790,"HSI RGV, Federal partners investigation results in the sentencing of a South Texas man for a deadly human smuggling event",Willacy County,"Jose Refugio Torres, 28, from Roma, Texas, was sentenced on Feb. 5 by U.S. District Judge Rolando Olvera to serve 36 months in prison, immediately followed by one year of supervised release.","February 6, 2025"
ice.gov,USA,arrest,-74.1744671,40.7315293,6/18/2025,1,"Newark, New Jersey",https://www.ice.gov/news/releases/ice-newark-arrest-chilean-national-leads-federal-charges,Unknown,"Newark, NJ, USA",NJ,180be815-1b52-4126-8998-a3ff3bf4ddda,ICE Newark arrest of Chilean national leads to federal charges,Essex,"A ICE arrest led to Gustavo Ignacio Salas Ortega, 33, a Chilean alien, being charged Feb. 4 in the U.S. District Court in Newark, New Jersey, with one count of conspiracy to receive stolen property that had crossed state lines and one count of receiving stolen property that had crossed state lines.","February 6, 2025"
ice.gov,USA,arrest,-99.5075519,27.5035613,6/18/2025,1,Laredo,https://www.ice.gov/news/releases/ice-laredo-law-enforcement-partners-arrest-member-mexican-mafia,Unknown,"Laredo, TX, USA",TX,2140ee53-1331-4f88-b127-62e7efcd1498,"ICE Laredo, law enforcement partners arrest a member of the Mexican Mafia",Webb,"The 42-year-old Mexican male was arrested on Feb. 6, 2025, for illegal re-entry after deportation. At the time of his arrest, authorities discovered that the individual was in possession of a fraudulent immigration card and narcotics for personal use.","February 6, 2025"
ice.gov,USA,arrest,-97.2126187,31.3858902,6/18/2025,2,IH-35 near Troy and Lorena,https://www.ice.gov/news/releases/aliens-involved-road-rage-incident-charged-firearms-offenses-following-multi-agency,Unknown,"I-35, Lorena, TX, USA",TX,a6cdfaf2-5c4d-4186-8962-a2466c0773b6,Aliens involved in road rage incident charged with firearms offenses following multi-agency investigation,Unknown,"Anderson Morales-Calderon, 19, and Ever Morales-Calderon, 25, were arrested and charged in the U.S. District Court for the Western District of Texas with aiding and abetting the possession of a firearm as undocumented aliens.","February 6, 2025"
ice.gov,United States,arrest,-82.72414239999999,27.8274458,6/18/2025,1,Unknown,https://www.ice.gov/news/releases/intercept-task-force-nets-11-years-sentence-florida-man-traveling-meet-minor-sex,Unknown,"6380 62nd Ave N, Pinellas Park, FL 33781, United States",FL 33781,caf93bcf-27be-4ea2-9445-c9903e573ff3,INTERCEPT Task Force nets 11+ years sentence for Florida man traveling to meet a minor for sex,Unknown,"Chad Michael Sadlowski, 34, of St. Johns, was sentenced to 11 years and 3 months, and was ordered to serve a 10-year term of supervised release. The court also ordered him to register as a sex offender. He pleaded guilty in October 2024.","February 5, 2025"
ice.gov,United States,arrest,-78.7164375,42.9352289,6/18/2025,2,hotel in Buffalo,https://www.ice.gov/news/releases/hsi-buffalo-investigation-lands-sentencing-new-york-woman-who-participated-sex,Unknown,"4600 Genesee St, Cheektowaga, NY 14225, United States",NY 14225,3eb6c433-bc96-4bff-abaf-780d71ea9b1d,HSI Buffalo investigation lands sentencing of New York woman who participated in sex trafficking conspiracy,Erie,"Jasmin Osteen, 27, of Jamestown, was sentenced to serve 144 months in prison, the U.S. District Court for the District of Western New York announced Feb. 4. She was previously convicted of conspiracy to commit sex trafficking of a minor.","February 5, 2025"
ice.gov,United States,other,-95.24229729999999,29.5765154,6/18/2025,N/A,Unknown,https://www.ice.gov/news/releases/395m-counterfeit-sports-merchandise-seized-ahead-super-bowl-lix,Unknown,"9223 Colt Canyon Ln, Houston, TX 77089, United States",TX 77089,f72c5fe8-7935-47a4-9cfd-e11df11f1cc0,$39.5M in counterfeit sports merchandise seized ahead of Super Bowl LIX,Unknown,"In total, more than 214,507 counterfeit items were seized, including jerseys, t-shirts, hats, jewelry, and various other memorabilia. Since its launch in 2013, Operation Team Player has seized more than $455 million in counterfeit sports merchandise and apparel, making it the largest anti-counterfeiting initiative within the federal government.","February 5, 2025"
ice.gov,USA,arrest,-118.242643,34.0549076,6/18/2025,N/A,Los Angeles,https://www.ice.gov/news/releases/hsi-los-angeles-cherry-hill-and-honolulu-special-agents-arrest-members-online-neo,Unknown,"Los Angeles, CA, USA",CA,00dd2e3a-840c-4d1c-bdd5-89547c22674e,"HSI Los Angeles, Cherry Hill, and Honolulu special agents arrest members of online neo-Nazi group on child exploitation enterprise charges",Los Angeles County,"Colin John Thomas Walker, 23, of Bridgeton, New Jersey, and Clint Jordan Lopaka Nahooikaika Borge, 41, of Pahoa, Hawaii, were arrested pursuant to a grand jury indictment charging them with one count of engaging in a child exploitation enterprise. They are expected to make initial court appearances later today in New Jersey and Hawaii. Two additional defendants, Rohan Sandeep Rane, 28, of Antibes, France, and Kaleb Christopher Merritt, 24, of Spring, Texas, were also charged in the indictment.","February 5, 2025"
ice.gov,United States,arrest,-118.3755423,34.0271013,6/18/2025,N/A,Unknown,https://www.ice.gov/news/releases/arrests-foreign-nationals-made-electronic-benefit-transfer-card-fraud-scheme,Unknown,"3363 La Cienega Pl, Los Angeles, CA 90016, United States",CA 90016,dbd917eb-5140-4d7e-8796-d4104a1b95a7,Arrests of foreign nationals made in electronic benefit transfer card fraud scheme,Los Angeles County,The goal of this operation was to arrest individuals perpetrating access device fraud through unauthorized cash withdrawals from victim Electronic Benefit Transfer (EBT) cards.,"February 5, 2025"
ice.gov,USA,arrest,-95.43382919999999,29.7180075,6/18/2025,4,West Texas,https://www.ice.gov/news/releases/hsi-el-paso-announces-arrests-violent-criminal-aliens-west-texas-during-targeted,Unknown,"West University Place, TX, USA",TX,f175151e-066c-401d-97b8-5b441540b48d,HSI El Paso announces arrests of violent criminal aliens in West Texas during targeted enforcement operation,Unknown,"HSI, in partnership with U.S. Border Patrol, FBI, ATF, DEA, and the El Paso Sheriff’s Office, arrested several criminal aliens during targeted enforcement actions in West Texas that began during the week of Jan. 20.","February 5, 2025"
ice.gov,USA,detention,-75.1652215,39.9525839,6/18/2025,1,Philadelphia,https://www.ice.gov/news/releases/ice-philadelphia-removes-salvadorian-citizen-wanted-aggravated-rape-minor,Unknown,"Philadelphia, PA, USA",PA,9c4242ec-8e64-491d-83c6-399810a1dd77,ICE Philadelphia removes Salvadorian citizen wanted for aggravated rape of a minor,Philadelphia County,"ICE removed Francisco Javier Melendez Torres, a citizen of El Salvador with a final order of removal, to El Salvador on Jan. 31. Melendez is a foreign fugitive wanted by law enforcement authorities in El Salvador for aggravated rape of a minor and sexual harassment.","February 5, 2025"
ice.gov,USA,arrest,-71.0565364,42.3555076,6/18/2025,1,Boston,https://www.ice.gov/news/releases/ice-boston-arrests-brazilian-fugitive-immigration-absconder-wanted-failure-serve-her,Unknown,"Boston, MA, USA",MA,6b367596-4b03-409c-8b49-81e87bf3557b,"ICE Boston arrests Brazilian fugitive, immigration absconder wanted for failure to serve her sentence after felony bank fraud conviction",Suffolk,A Brazilian court convicted the criminal alien August 2015 of felony bank fraud and sentenced her to two years and eight months incarceration.,"February 5, 2025"
ice.gov,United States,arrest,-72.7804495,41.6646721,6/18/2025,7,Unknown,https://www.ice.gov/news/releases/7-connecticut-gang-members-charged-murder-and-racketeering-offenses,Unknown,"18 Main St, New Britain, CT 06051, United States",CT 06051,290a4e22-9d00-44da-9e68-5ac4ac95f0be,7 Connecticut gang members charged with murder and racketeering offenses,Unknown,"The indictment alleges that the Hoodstar Gzz gang, which since its forming in 2010 has referred to itself by a variety of names, including “Hoodstars,” “Hoodstarz,” and “Gz,” generally operates between Capen, Westland, Enfield, and Main Streets in Hartford.","February 5, 2025"
ice.gov,USA,arrest,-96.79698789999999,32.7766642,6/18/2025,1,Dallas,https://www.ice.gov/news/releases/ice-dallas-arrests-illegal-guatemalan-national-wanted-murder-his-home-country,Unknown,"Dallas, TX, USA",TX,cfa57389-7702-43fd-9345-0dd223109e5f,ICE Dallas arrests illegal Guatemalan national wanted for murder in his home country,Dallas County,"ICE Dallas officers arrested Dennis Alexander Valenzuela, 37, an illegally present Guatemalan national wanted for murder in his home country.","February 5, 2025"
ice.gov,United States,arrest,-95.40136319999999,29.7078111,6/18/2025,N/A,Southeast Texas,https://www.ice.gov/news/releases/southeast-texas-man-who-previously-worked-martial-arts-gymnastics-instructor-admits,Unknown,"6621 Fannin St, Houston, TX 77030, United States",TX 77030,a7a63d72-20a3-4e52-be34-2406a97f9fae,"Southeast Texas man who previously worked as martial arts, gymnastics instructor admits to receiving, possessing child sexual abuse materials",Unknown,"Franklin Joseph Perkins, a 41-year-old resident of Alvin, Texas, who previously worked at the Kuk Sool Won martial arts studio and Gulf Coast Gymnastics in Alvin pleaded guilty in the U.S. District Court for the Southern District of Texas to receipt and possession of child sexual abuse materials.","February 4, 2025"
ice.gov,United States,arrest,-80.91299660000001,35.1288785,6/18/2025,N/A,Unknown,https://www.ice.gov/news/releases/hsi-newark-investigation-results-north-carolina-man-charged-child-exploitation,Unknown,"8350 Arrowridge Blvd, Charlotte, NC 28273, United States",NC 28273,4d886e95-157d-41e1-8699-57c45dfdb84d,HSI Newark investigation results in North Carolina man charged with child exploitation related crimes,Unknown,"Barry Grant Bevier, 61, of Wilmington, North Carolina, was charged by complaint with one count of transportation of child pornography and one count of possession of child pornography at the U.S. District Court for the District of New Jersey.","February 4, 2025"
ice.gov,USA,arrest,-81.6591529,30.3297566,6/18/2025,1,Jacksonville,https://www.ice.gov/news/releases/honduran-indicted-illegal-reentry-faces-10-years-prison,Unknown,"Jacksonville, FL, USA",FL,ca5da6b2-49a8-4946-9011-b54bd8e2a2b8,"Honduran indicted for illegal reentry, faces 10 years in prison",Duval,"Alex Rafael Gonzalez-Morales, 35, of Honduras, faces a maximum penalty of 10 years in federal prison if convicted. His trial is set for March 3, 2025.","February 4, 2025"
ice.gov,USA,arrest,-71.0565364,42.3555076,6/18/2025,1,Boston,https://www.ice.gov/news/releases/ice-boston-arrests-chinese-fugitive-criminal-alien-wanted-embezzlement-fraud-drug,Unknown,"Boston, MA, USA",MA,7769a511-b87e-4773-ac26-c1325c05a3e6,"ICE Boston arrests Chinese fugitive, criminal alien wanted for embezzlement, fraud, drug crimes in Taiwan",Suffolk,"ICE, with the assistance of the Needham Police Department, apprehended a foreign fugitive and criminal alien wanted in China for embezzlement, criminal conversion, fraud, and felony drug trafficking, during a targeted enforcement action, Jan. 23.","February 4, 2025"
ice.gov,USA,arrest,-76.6104072,39.2905023,6/18/2025,1,Baltimore,https://www.ice.gov/news/releases/ice-baltimore-arrests-guatemalan-alien-deadly-weapons-charges,Unknown,"Baltimore, MD, USA",MD,2b3972e1-1a1a-4ca0-bcdb-1e2369c70752,ICE Baltimore arrests Guatemalan alien with deadly weapons charges,Baltimore City,"Gener Pop-Cuz, 20, was arrested Feb. 1, after the Prince George’s County Department of Corrections declined to honor ICE’s immigration detainer.","February 4, 2025"
ice.gov,United States,arrest,-95.24229729999999,29.5765154,6/18/2025,N/A,Unknown,https://www.ice.gov/news/releases/ice-arrests-guatemalan-illegal-alien-after-dui-conviction,Unknown,"9223 Colt Canyon Ln, Houston, TX 77089, United States",TX 77089,2d694a26-0612-4ab6-b7dd-00b7eba69aa1,ICE arrests Guatemalan illegal alien after DUI conviction,Unknown,"ICE apprehended an unlawfully present Guatemalan national convicted of driving under the influence when officers with ERO Atlanta’s MCAT arrested Miguel Andres-Mateo, 20, Jan. 21 in Cornelia, Georgia.","February 4, 2025"
ice.gov,USA,arrest,-90.07583559999999,29.9508941,6/18/2025,1,Unknown,https://www.ice.gov/news/releases/ice-arrests-salvadorian-illegal-alien-after-kidnapping-and-robbery-conviction,Unknown,"New Orleans, LA, USA",LA,f5318ad6-057b-4e75-acfa-c0c02f15419c,ICE arrests Salvadorian illegal alien after kidnapping and robbery conviction,Unknown,"ICE arrested an unlawfully present Salvadorian national that was convicted of a robbery and kidnapping when officers arrested Juan Misael Canales-Garcia, 52, Jan. 23 after he was released by the Alabama Department of Corrections prison system, where he was serving time.","February 4, 2025"
ice.gov,USA,detention,-75.1652215,39.9525839,6/18/2025,1,Philadelphia,https://www.ice.gov/news/releases/ice-philadelphia-removes-criminal-alien-wanted-homicide-dominican-republic,Unknown,"Philadelphia, PA, USA",PA,790f7f2f-5845-4281-aed9-ee025218e72d,ICE Philadelphia removes criminal alien wanted for homicide in the Dominican Republic,Philadelphia County,"ICE removed Yermanny Suarez Laureano, a criminal alien from the Dominican Republic with a final order of removal, to the Dominican Republic on Jan. 23.","February 3, 2025"
ice.gov,United States,detention,-75.15313019999999,39.9538838,6/18/2025,1,ERO Philadelphia,https://www.ice.gov/news/releases/ice-philadelphia-removes-mexican-citizen-wanted-mexico-rape,Unknown,"114 N 8th St, Philadelphia, PA 19107, United States",PA 19107,54448596-c149-4c0a-a3b9-a45330929385,ICE Philadelphia removes Mexican citizen wanted in Mexico for rape,Philadelphia County,"ICE removed Raymundo Rojas Bacilio, a citizen of Mexico with a final order of removal, to Mexico on Jan. 25.","February 3, 2025"
ice.gov,United States,arrest,-104.975561,39.73872069999999,6/18/2025,1,Unknown,https://www.ice.gov/news/releases/ice-denver-and-us-marshals-arrest-illegal-mexican-alien-wanted-mexico-homicide,Unknown,"1409 Ogden St, Denver, CO 80218, United States",CO 80218,1f0ee918-c598-4e60-80c1-bf4d119ee62a,ICE Denver and US Marshals arrest illegal Mexican alien wanted in Mexico for homicide,Unknown,"ICE and the U.S. Marshals Service arrested Luis Fernando Melendez-Rivera, 27, an illegally present Mexican national wanted for aggravated homicide in Mexico, in Denver, Colorado, January 31.","February 3, 2025"
ice.gov,USA,arrest,-95.37011079999999,29.7600771,6/18/2025,N/A,Houston,https://www.ice.gov/news/releases/houston-man-sentenced-prison-stealing-car-smuggle-aliens,Unknown,"Houston, TX, USA",TX,4f7ceabc-2e9c-4f8a-9eb0-1e2412e32664,Houston man sentenced to prison for stealing car to smuggle aliens,Harris County,"Jesus Jonathan Rodriguez, a 19-year-old Houston resident, was sentenced in the U.S. District Court for the Southern District of Texas to 42 months in prison to be immediately followed by three years of supervised release for carjacking.","February 3, 2025"
ice.gov,United States,arrest,-95.24229729999999,29.5765154,6/18/2025,N/A,Unknown,https://www.ice.gov/news/releases/honduran-national-sentenced-46-months-illegally-reentering-us,Unknown,"9223 Colt Canyon Ln, Houston, TX 77089, United States",TX 77089,f00c21d8-2d3d-4fef-acfb-45e769e85f6c,Honduran national sentenced to 46 months for illegally reentering the US,Unknown,"Elmer Edin Chavarria-Morales, 32, of Honduras, to 3 years and 10 months in federal prison for illegally reentering the United States after deportation. Chavarria-Morales entered a guilty plea on Aug. 28, 2024.","February 3, 2025"
ice.gov,United States,arrest,-82.72414239999999,27.8274458,6/18/2025,N/A,Unknown,https://www.ice.gov/news/releases/florida-man-indicted-attempting-entice-minor-engage-sexual-activity,Unknown,"6380 62nd Ave N, Pinellas Park, FL 33781, United States",FL 33781,fd7e0ad0-ca39-409c-a1e1-389368517bf7,Florida man indicted for attempting to entice a minor to engage in sexual activity,Unknown,"David Araujo, 57, of St. Petersburg, faces a mandatory minimum sentence of 10 years, up to life, in federal prison. Araujo is currently detained pending the resolution of the criminal case.","February 3, 2025"
ice.gov,United States,arrest,-82.72414239999999,27.8274458,6/18/2025,N/A,Unknown,https://www.ice.gov/news/releases/illegal-alien-pleads-guilty-reentry-after-deportation,Unknown,"6380 62nd Ave N, Pinellas Park, FL 33781, United States",FL 33781,064e35d0-8ef7-48f4-bc2c-d535639aef84,Illegal alien pleads guilty to reentry after deportation,Unknown,"Oscar Manuel Inda-Duenas, 36, of Mexico, faces a maximum penalty of two years in federal prison. A sentencing date has not yet been set.","February 3, 2025"
ice.gov,United States,arrest,-82.1670958,29.16239209999999,6/18/2025,N/A,Unknown,https://www.ice.gov/news/releases/ocala-man-sentenced-15-years-attempting-meet-minor-sexual-activity,Unknown,"2801 SW 27th Ave, Ocala, FL 34474, United States",FL 34474,8fe9d801-c2e6-41e2-8087-70a098546504,Ocala man sentenced to 15 years for attempting to meet a minor for sexual activity,Unknown,"Rickey Lee Miller, Jr., 45, of Ocala, plead guilty on Sept. 6, 2024, for attempting to entice what he thought was a 15-year-old girl on an online social media platform.","February 3, 2025"
ice.gov,United States,arrest,-95.24229729999999,29.5765154,6/18/2025,N/A,Unknown,https://www.ice.gov/news/releases/scottish-man-sentenced-25-years-transporting-child-sexual-abuse-material-us,Unknown,"9223 Colt Canyon Ln, Houston, TX 77089, United States",TX 77089,33634e11-82c3-4b6f-a0ea-0429fe5569f2,Scottish man sentenced to 25 years for transporting child sexual abuse material into US,Unknown,"Steven Paul McInally, 36, of Scotland, pleaded guilty on Nov. 1, 2024.","February 3, 2025"
ice.gov,United States,arrest,-95.24229729999999,29.5765154,6/18/2025,2,Unknown,https://www.ice.gov/news/releases/2-hondurans-indicted-transporting-minors-across-state-lines-sexual-activity,Unknown,"9223 Colt Canyon Ln, Houston, TX 77089, United States",TX 77089,d68cea75-c6a7-4ebc-a355-0a96e01c4dbe,2 Hondurans indicted for transporting minors across state lines for sexual activity,Unknown,"Fredi Agustin-Vasquez y Guardado, 22, and Marlon Ronaldo Canas Trochez, 26, both of Honduras, face a minimum penalty of 10 years, up to life, in federal prison.","February 3, 2025"
ice.gov,United States,arrest,-95.24229729999999,29.5765154,6/18/2025,N/A,Unknown,https://www.ice.gov/news/releases/caribbean-arms-trafficking-ringleader-charged-conspiracy-smuggle-firearms-us,Unknown,"9223 Colt Canyon Ln, Houston, TX 77089, United States",TX 77089,b09d4127-5c57-40cd-8ddf-3c5a9f36e7e4,Caribbean arms trafficking ringleader charged with conspiracy to smuggle firearms from US,Unknown,"Shem Wayne Alexander, 35, of Port of Spain, Trinidad, faces a maximum penalty of 20 years in federal prison.","February 3, 2025"
ice.gov,USA,arrest,-74.1744671,40.7315293,6/18/2025,N/A,Newark,https://www.ice.gov/news/releases/hsi-newark-investigation-leads-conviction-new-jersey-man-financial-crimes-and,Unknown,"Newark, NJ, USA",NJ,aaee12ea-01d7-4b9f-be9c-7b3bea611702,HSI Newark investigation leads to conviction of New Jersey man on financial crimes and trafficking fentanyl-related substances,Essex,"On Jan. 29, William Panzera, 51, of North Haledon, New Jersey was convicted of drug trafficking conspiracy and international promotional money laundering conspiracy at the U.S. District Court for the District of New Jersey.","February 3, 2025"
ice.gov,USA,arrest,-106.4850217,31.7618778,6/18/2025,3,El Paso,https://www.ice.gov/news/releases/ice-el-paso-arrests-3-venezuelan-nationals-including-2-known-tren-de-aragua,Unknown,"El Paso, TX, USA",TX,69d29cf5-7e28-4998-93a4-4994d4e86b49,"ICE El Paso arrests 3 Venezuelan nationals, including 2 known Tren de Aragua associates",El Paso County,"Javier Irazabal-Rodriguez , 27, was previously convicted of sexual assault of a child on May 13, 2024, and sentenced to 10 years of probation, while Jhonatan Johan Romero-Pineda, 34, and Uzcategui-Uzcategui, 27, have been identified as active associates of the Tren de Aragua transnational criminal organization.","February 3, 2025"
ice.gov,USA,raid,-76.6104072,39.2905023,6/18/2025,N/A,Baltimore,https://www.ice.gov/news/releases/ice-operations-during-week-jan-27,Unknown,"Baltimore, MD, USA",MD,1be8d610-af24-4550-91ce-ef4ec06667cf,ICE operations during week of Jan. 27,Baltimore City,"ICE conducted enhanced enforcement operations in Chicago and New York this week with routine daily enforcement occurring around the country, including in Baltimore and Houston.","February 3, 2025"
ice.gov,USA,arrest,-96.79698789999999,32.7766642,6/18/2025,N/A,Dallas,https://www.ice.gov/news/releases/ice-dallas-removes-fugitive-wanted-his-home-country-human-trafficking,Unknown,"Dallas, TX, USA",TX,4700f2a9-3c14-4a56-908b-b133ab2360cd,ICE Dallas removes fugitive wanted in his home country for human trafficking,Dallas County,"ICE removed Ionel Cirpaci, a 61-year-old Romanian national wanted in his home country for human trafficking Jan. 30, via a commercial flight.","February 3, 2025"
ice.gov,United States,arrest,-81.3842014,28.5423234,6/18/2025,1,Middle District of Florida,https://www.ice.gov/news/releases/mexican-woman-charged-illegal-reentry-faces-2-years-prison,Unknown,"401 W Central Blvd, Orlando, FL 32801, United States",FL 32801,6fb92cd8-60c2-4714-a973-9f3211085acf,"Mexican woman charged with illegal reentry, faces 2 years in prison",Marion,"Elizabeth Ramirez-Medina, 39, faces a maximum penalty of two years in federal prison if convicted. She was arraigned on Jan. 28, 2025, and is currently detained pending the resolution of the criminal case.","February 3, 2025"
ice.gov,USA,raid,-80.2767327,26.6514503,6/18/2025,32,Palm Beach County,https://www.ice.gov/news/releases/ice-arrests-32-illegal-aliens-palm-beach-county-enforcement-action,Unknown,"Palm Beach County, FL, USA",FL,e7ab576e-7387-4ef8-9862-99c5cfa1cb55,ICE arrests 32 illegal aliens in Palm Beach County enforcement action,Palm Beach County,"ICE activities in Palm Beach County, Fla., recently netted 32 illegal aliens from various counties with criminal convictions which included drug possession, prostitution, illegal re-entry, resisting an officer, robbery, probation violation, fraud (illegal use of a credit card), larceny, cocaine possession, driving under the influence and possession of stolen property.","February 3, 2025"
ice.gov,USA,arrest,-82.3017728,27.9903597,6/18/2025,1,Hillsborough County,https://www.ice.gov/news/releases/honduran-national-sentenced-illegal-reentry-us,Unknown,"Hillsborough County, FL, USA",FL,d479b6a8-6ac5-454d-b67d-187cfd7a860b,Honduran national sentenced for illegal reentry into the US,Hillsborough,"An investigation by ICE has led to Jonathan Javier Godoy-Pivaral, 29, an illegal alien from Honduras who was previously deported from the United States, being sentenced to more than five months in prison for illegally reentering the U.S.","February 3, 2025"
ice.gov,United States,arrest,-71.2173586,42.1776744,6/18/2025,1,Unknown,https://www.ice.gov/news/releases/ice-boston-arrests-illegal-haitian-national-charged-assault-sex-crime-against,Unknown,"61 Endicott St Building #26, Norwood, MA 02062, United States",MA 02062,64549c5b-a338-4233-b7d1-3be7d89642d8,"ICE Boston arrests illegal Haitian national charged with assault, sex crime against a Massachusetts resident",Unknown,"ICE apprehended an illegally present Haitian national charged with assault and battery and indecent assault and battery of a person 14 years or older when ICE officers arrested Jean Yves Yves Ovilme, 37, January 22 in Boston.","February 3, 2025"
ice.gov,United States,arrest,-77.0721741,38.8763796,6/18/2025,1,Unknown,https://www.ice.gov/news/releases/ice-washington-dc-arrests-illegal-salvadoran-national-who-sexually-assaulted-virginia,Unknown,"1 Wilson Ave, Fort Myer, VA 22211, United States",VA 22211,7d55425d-9d65-40b3-a24f-d4fd95f53374,"ICE Washington, D.C. arrests illegal Salvadoran national who sexually assaulted Virginia resident",Unknown,"ICE apprehended an illegally present Salvadoran national convicted of sexually assaulting a Virginia resident when officers with ICE Washington, D.C. arrested Nicolas Alberto Hernandez-Lopez, 46, Jan. 15 in Fairfax County, Virginia.","February 3, 2025"
ice.gov,USA,arrest,-71.0565364,42.3555076,6/18/2025,1,Boston,https://www.ice.gov/news/releases/ice-boston-arrests-illegal-dominican-national-convicted-murder-massachusetts,Unknown,"Boston, MA, USA",MA,44fc402e-7362-4634-82ad-fb7c615a77d8,ICE Boston arrests illegal Dominican national convicted of murder in Massachusetts,Suffolk,"ICE Boston officers arrested Cesar Augusto Polanco, 59, an illegally present Dominican national convicted of murder in Massachusetts.","February 3, 2025"
ice.gov,USA,arrest,-106.4850217,31.7618778,6/18/2025,1,El Paso,https://www.ice.gov/news/releases/ice-el-paso-arrests-previously-removed-mexican-national,Unknown,"El Paso, TX, USA",TX,57e56782-3219-44f7-9130-d3fe4e5b5453,ICE El Paso arrests previously removed Mexican national,El Paso County,"ICE arrested Mexican national Jorge Ivan Romero, 43, in El Paso, Texas, Jan. 29.","February 3, 2025"
ice.gov,United States,arrest,-118.2396144,34.0537995,6/18/2025,1,ERO Los Angeles,https://www.ice.gov/news/releases/ero-los-angeles-arrests-mexican-national-convicted-dui,Unknown,"300 N Los Angeles St, Los Angeles, CA 90012, United States",CA 90012,0d94a8b9-4aa3-4d0c-906a-5c13f23e07e4,ERO Los Angeles arrests Mexican national convicted of DUI,Los Angeles County,"ICE officers arrested Sandra Ordaz, 47, an illegally present citizen of Mexico, Jan. 27 in Pomona, California, during an enforcement operation.","February 2, 2025"
ice.gov,USA,arrest,-83.0032218,39.9625112,6/18/2025,1,Columbus,https://www.ice.gov/news/releases/ice-columbus-arrests-ghanaian-national-convicted-sex-crimes-minor,Unknown,"Columbus, OH, USA",OH,0c8c94b0-7246-4073-b7a7-2a2a60864374,ICE Columbus arrests Ghanaian national convicted of sex crimes with a minor,Franklin County,"ICE apprehended a citizen of Ghana who was convicted of sex crimes with a minor when officers arrested Joseph Osei Boateng January 29 in Columbus, Ohio.","February 2, 2025"
ice.gov,USA,arrest,-83.0424533,42.32971819999999,6/18/2025,1,Detroit,https://www.ice.gov/news/releases/ice-detroit-arrests-unlawfully-present-citizen-mexico-hit-and-run-conviction,Unknown,"Detroit, MI, USA",MI,a7c86aff-9f42-4802-8ea2-98c76bc089fe,ICE Detroit arrests unlawfully present citizen of Mexico with hit and run conviction,Wayne,ICE apprehended an illegally present Mexican national with a conviction for hit and run when officers arrested Hernandez-Gomez January 28 in Detroit.,"February 2, 2025"
ice.gov,United States,arrest,-78.90370500000002,42.9520191,6/18/2025,N/A,Unknown,https://www.ice.gov/news/releases/ice-buffalo-arrests-violent-illegal-alien-after-local-sheriff-refuses-honor-federal,Unknown,"44 Saratoga St, Buffalo, NY 14207, United States",NY 14207,ca7849b9-3eb7-4ad0-bc6e-ff11976395d5,ICE Buffalo arrests violent illegal alien after local sheriff refuses to honor a federal warrant,Erie County,ICE officers arrest illegal alien Jesus Romero-Hernandez after sheriff refuses to honor a federal warrant,"February 1, 2025"
ice.gov,United States,arrest,-95.24229729999999,29.5765154,6/18/2025,N/A,Unknown,https://www.ice.gov/news/releases/ice-arrests-suspected-tren-de-aragua-member-history-sexual-harassment,Unknown,"9223 Colt Canyon Ln, Houston, TX 77089, United States",TX 77089,6b5bcf85-3f38-42e2-9533-fe8ed3e98b8a,ICE arrests suspected Tren de Aragua member with history of sexual harassment,Unknown,"ICE arrested Luis Gualdron-Gualdron, a citizen and national of Venezuela who previously entered the United States without inspection, Jan. 31 without incident near the Northampton County Prison shortly after an immigration detainer was not honored.","February 1, 2025"
ice.gov,United States,arrest,-104.975561,39.73872069999999,6/18/2025,1,Unknown,https://www.ice.gov/news/releases/ice-denver-officers-arrest-illegal-mexican-national-charged-assault-and-kidnapping,Unknown,"1409 Ogden St, Denver, CO 80218, United States",CO 80218,edcb1cf0-89db-4fe6-ad03-9d069c2f7712,ICE Denver officers arrest illegal Mexican national charged with assault and kidnapping,Unknown,"U.S. Immigration officials first encountered Juan Benitez-Ortega, 48, an illegal alien and Mexican national, Sept. 20, 1998, after being arrested for possession of cocaine, in Colorado Springs, Colorado. The U.S. Immigration and Naturalization Service arrested Benitez charging him with immigration violations.","January 31, 2025"
ice.gov,United States,arrest,-110.9152297,32.2246462,6/18/2025,3,Home Depot at Dodge Blvd and Broadway Ave,https://www.ice.gov/news/releases/hsi-tucson-dea-us-marshals-arrest-2-illegal-aliens-previously-convicted-aggravated,Unknown,"3689 E Broadway Blvd, Tucson, AZ 85716, United States",AZ 85716,b99e4920-086f-47fa-8594-c8428ebd8473,"HSI Tucson, DEA, U.S. Marshals arrest 2 illegal aliens previously convicted for aggravated felonies",Pima,"The arrest unfolded after agents discovered information on the whereabouts of one of the illegal alien who was previously convicted for a felony, after fleeing the scene of an accident involving a death/serious injuries.","January 31, 2025"
ice.gov,United States,arrest,-71.06270119999999,42.34966499999999,6/18/2025,N/A,Tufts Medical Center,https://www.ice.gov/news/releases/hsi-undercover-operation-nets-10-year-sentence-former-tufts-medical-center-doctor,02111,"800 Washington St, Boston, MA 02111, United States",MA 02111,0a5de960-8aa0-48d4-acdc-a55faa8cc43d,HSI undercover operation nets 10-year sentence for former Tufts Medical Center doctor for attempted sex trafficking of a child,Suffolk,"Sadeq Ali Quraishi, 47, was sentenced by U.S. District Court Judge Angel Kelley to 10 years in prison, to be followed by five years of supervised release. In October 2024, Quraishi was convicted of one count of attempted sex trafficking of a child.","January 31, 2025"
ice.gov,USA,arrest,-71.4372796,41.7798226,6/18/2025,12,Cranston,https://www.ice.gov/news/releases/guatemalan-national-sentenced-conspiracy-and-illegal-reentry,Unknown,"Cranston, RI, USA",RI,2ceaea05-c258-40d9-bdfc-d249c1987253,Guatemalan national sentenced for conspiracy and illegal reentry,Providence,"Marvin Estuardo Morales De Paz, 30, of Cranston, was one of as many as a dozen members of a Rhode Island-based conspiracy of individuals who traveled to home improvement and clothing stores in at least five states to commit thefts.","January 31, 2025"
ice.gov,USA,arrest,-82.324998,29.6519563,6/18/2025,N/A,Gainesville,https://www.ice.gov/news/releases/gainesville-man-pleads-guilty-faces-life-attempting-entice-minor-online-planning-meet,Unknown,"Gainesville, FL, USA",FL,66eae9e8-cb23-4aa2-860c-18d084cbef2f,"Gainesville man pleads guilty, faces life for attempting to entice a minor online, planning to meet for sex",Alachua,"Alberto Christian Quiroz, 32, of Gainesville, faces a minimum sentence of 10 years, up to life, in federal prison. A sentencing date has not yet been set.","January 31, 2025"
ice.gov,United States,arrest,-85.4378395,37.8254806,6/18/2025,N/A,Unknown,https://www.ice.gov/news/releases/kentucky-man-sentenced-decade-federal-prison-attempted-online-enticement,Unknown,"978 Bloomfield Rd, Bardstown, KY 40004, United States",KY 40004,a0c6c1d1-34cc-4710-8df8-db51d00fcc86,Kentucky man sentenced to decade in federal prison for attempted online enticement,Unknown,"Corey James Jarboe, 30, of Owensboro, Kentucky, was also ordered to 10 years of supervised release upon competition of his sentence.","January 31, 2025"
ice.gov,USA,raid,-75.1652215,39.9525839,6/18/2025,7,Philadelphia,https://www.ice.gov/news/releases/ice-philadelphia-arrests-7-worksite-enforcement-operation,Unknown,"Philadelphia, PA, USA",PA,2189641f-d9fb-4691-b49b-61b7fb79aa7c,ICE Philadelphia arrests 7 in worksite enforcement operation,Philadelphia County,"ICE encountered, interviewed and arrested seven illegal aliens for immigration violations, who were subsequently detained pending removal. Of those, six were from Mexico and one was from the Dominican Republic.","January 31, 2025"
ice.gov,United States,arrest,-122.3429693,47.6496064,6/18/2025,4,Unknown,https://www.ice.gov/news/releases/ice-seattle-arrests-4-illegal-aliens-criminal-convictions-charges-sexual-assault,Unknown,"3501 Stone Way N, Seattle, WA 98103, United States",WA 98103,cf0f7b2e-ba73-44e6-bb0d-22b37fadf6b2,"ICE Seattle arrests 4 illegal aliens with criminal convictions, charges for sexual assault",Unknown,All four individuals will remain in ICE custody pending removal proceedings.,"January 31, 2025"
ice.gov,USA,arrest,-95.0854885,30.34132,6/18/2025,2,"Conroe and Cleveland, Texas",https://www.ice.gov/news/releases/ice-houston-apprehends-2-previously-removed-criminal-aliens-convicted-child-sex,Unknown,"Cleveland, TX, USA",TX,361a1a89-677c-4e4a-999b-442925e2bb49,"ICE Houston apprehends 2 previously removed criminal aliens convicted of child sex offenses, other violent crimes",Unknown,"David Lopez Javier, a 45-year-old twice deported criminal alien from Honduras, and Efrain Gomez Cac, a 30-year-old previously removed criminal alien from Guatemala, were arrested in Conroe and Cleveland, Texas, respectively.","January 31, 2025"
ice.gov,USA,arrest,-100.4995214,28.7091433,6/18/2025,1,Eagle Pass Port of Entry,https://www.ice.gov/news/releases/hsi-eagle-pass-investigation-results-central-texas-man-charged-smuggling-dozens,78852,"Eagle Pass, TX 78852, USA",TX 78852,7d63ca4e-91af-4d93-b1e3-421205ef1c47,HSI Eagle Pass investigation results in Central Texas man charged for smuggling dozens of firearms into Mexico through Eagle Pass,Maverick County,"According to court documents, Victor Hugo Diego-Avellaneda, 39, was attempting to leave the U.S. and enter Mexico at the Eagle Pass Port of Entry on Jan. 19. He made a negative declaration regarding possession of weapons, ammunition, and currency.","January 30, 2025"
ice.gov,USA,arrest,-73.8648268,40.8447819,6/18/2025,1,"Bronx, New York",https://www.ice.gov/news/releases/hsi-new-york-led-arrest-tren-de-aragua-fugitive-found-possession-loaded-firearm,Unknown,"Bronx, NY, USA",NY,9ed94b11-9a41-4d4d-bdcf-454be6759d16,HSI New York led arrest of Tren De Aragua fugitive found in possession of loaded firearm,Bronx County,"Anderson Zambrano-Pacheco, 26, of Venezuela, is charged with being a fugitive in possession of a firearm and ammunition, via a criminal complaint, with being a fugitive from justice in possession of a firearm. at the U.S. District Court for the District of Southern New York. Additionally, Zambrano-Pacheco was ordered to be detained.","January 30, 2025"
ice.gov,United States,arrest,-75.1531285,39.9471385,6/18/2025,N/A,Unknown,https://www.ice.gov/news/releases/pennsylvania-man-gets-10-year-prison-sentence-online-enticement-minor-following-hsi,Unknown,"217-231 W Washington Square, Philadelphia, PA 19106, United States",PA 19106,e00b9775-729e-47d0-b511-0abe5d14de11,Pennsylvania man gets 10-year prison sentence for online enticement of minor following HSI Newark investigation,Unknown,"Louis Goldenberg, 41, of Philadelphia, Pennsylvania, was sentenced Jan. 27 at the U.S. District Court for the District of New Jersey. He previously pleaded guilty to an information charging him with one count of attempted online enticement of a minor to engage in prostitution.","January 30, 2025"
ice.gov,USA,arrest,-104.990251,39.7392358,6/18/2025,1,Denver,https://www.ice.gov/news/releases/ice-denver-officers-arrest-illegal-mexican-national-charged-burglary-strangulation,Unknown,"Denver, CO, USA",CO,9221790e-0333-41ce-a94d-85dadd579c10,"ICE Denver officers arrest illegal Mexican national charged with burglary, strangulation and kidnapping",Denver County,"ICE arrested Luz Maria Ramirez-Monreal, an illegally present Mexican national, in Montrose County, Colorado, Jan. 29.","January 30, 2025"
ice.gov,United States,arrest,-71.2173586,42.1776744,6/18/2025,1,Unknown,https://www.ice.gov/news/releases/ice-boston-arrests-salvadoran-national-charged-raping-massachusetts-resident,Unknown,"61 Endicott St Building #26, Norwood, MA 02062, United States",MA 02062,4ca55e28-31ba-4ac4-8c4e-833091ffd940,ICE Boston arrests Salvadoran national charged with raping Massachusetts resident,Unknown,"ICE apprehended an illegally present Salvadoran national charged with raping a Massachusetts resident when officers arrested Jose Garcia-Salmeron, 34, in Boston Jan. 22.","January 30, 2025"
ice.gov,United States,arrest,-98.1267645,26.415645,6/18/2025,1,Hidalgo County Sheriff’s Office,https://www.ice.gov/news/releases/hsi-rgv-multi-agency-investigation-results-sentencing-former-deputy-sheriff-drug,Unknown,"711 E El Cibolo Rd, Edinburg, TX 78541, United States",TX 78541,5b33425d-8c27-4bbe-b5a1-40feaab66340,"HSI RGV, multi-agency investigation results in the sentencing of a former deputy sheriff for drug trafficking",Hidalgo,"Baldemar Cardenas, 39, from McAllen, was sentenced Jan. 28 by Chief U.S. District Judge Randy Crane to serve 46 months in federal prison to be immediately followed by three years of supervised release.","January 29, 2025"
ice.gov,United States,arrest,-118.2396144,34.0537995,6/18/2025,8,HSI Los Angeles,https://www.ice.gov/news/releases/hsi-los-angeles-special-agents-arrest-8-customs-fraud-scheme-involving-goods-china,Unknown,"300 N Los Angeles St, Los Angeles, CA 90012, United States",CA 90012,7b1bb004-e565-44da-a448-597cdd0cf136,HSI Los Angeles special agents arrest 8 in customs fraud scheme involving goods from China,Los Angeles County,"The 15-count indictment, returned last month and unsealed on Jan. 24, charges nine defendants with conspiracy, smuggling and breaking customs seals. The defendants allegedly took containers flagged for off-site secondary inspection, unloaded the contraband, then stuffed the targeted containers with filler cargo to deceive customs officials and evade law enforcement.","January 29, 2025"
ice.gov,United States,arrest,-80.3784519,25.7912179,6/18/2025,2,HSI Miami-Key West,https://www.ice.gov/news/releases/hsi-miami-key-west-investigation-leads-2-ukrainian-nationals-sentenced-25m-tax,33040,"11226 NW 20th St, Miami, FL 33172, United States",FL 33172,c6da37c1-6446-4e06-8b0e-1e644cc04dab,"HSI Miami-Key West investigation leads to 2 Ukrainian nationals sentenced for $25m tax evasion, money laundering and labor exploitation conspiracy",Monroe,Oleg Oliynyk and Oleksandr Yurchyk were each sentenced to 15 years in prison for conspiracy to defraud the United States and conspiracy to commit money laundering after a joint investigation between Homeland Security Investigations (HSI) Miami-Key West and IRS Criminal Investigation.,"January 29, 2025"
ice.gov,United States,arrest,-95.24229729999999,29.5765154,6/18/2025,N/A,Unknown,https://www.ice.gov/news/releases/ice-ero-boston-arrests-illegal-ms-13-member-charged-firearms-drug-crimes,Unknown,"9223 Colt Canyon Ln, Houston, TX 77089, United States",TX 77089,e3f73cb7-b537-4b63-9970-15b32285884f,"ICE ERO Boston arrests illegal MS-13 member charged with firearms, drug crimes",Unknown,"Officers with ICE ERO Boston arrest Luis Adolfo Guerra-Perez, an illegally present gang member charged with firearms and drug crimes in Boston Jan. 22.","January 29, 2025"
ice.gov,USA,arrest,-76.9455301,38.9559442,6/18/2025,1,Hyattsville,https://www.ice.gov/news/releases/ice-ero-baltimore-arrests-salvadoran-gang-member-weapons-charges,Unknown,"Hyattsville, MD, USA",MD,18bdc581-9c98-416f-9618-95eeb422397e,ICE ERO Baltimore arrests Salvadoran gang member with weapons charges,Prince George's County,"ICE officers from ERO Baltimore arrested Anderson Geovany Romero in Hyattsville, Maryland, Jan. 25","January 28, 2025"
ice.gov,USA,arrest,-77.0368707,38.9071923,6/18/2025,1,"Washington, D.C.",https://www.ice.gov/news/releases/ice-washington-dc-arrests-bolivian-illegal-national-convicted-dwi-virginia,Unknown,"Washington, DC, USA",DC,f993e173-413f-4ad9-ad80-ac94b17d3676,"ICE Washington, D.C. arrests Bolivian illegal national convicted of DWI in Virginia",Unknown,"Officers with ICE ERO Washington, D.C. arrest Daniel Bustamante-Cespedez, an illegally present 35-year-old Bolivian national Jan. 15 in Fairfax County, Virginia.","January 28, 2025"
ice.gov,USA,arrest,-71.0565364,42.3555076,6/18/2025,1,Boston,https://www.ice.gov/news/releases/ice-boston-arrests-honduran-illegal-alien-charged-sex-crimes-assault-and-battery,Unknown,"Boston, MA, USA",MA,f62e7026-23b4-4540-b722-80108d6663c7,"ICE Boston arrests Honduran illegal alien charged with sex crimes, assault and battery, armed robbery",Suffolk,"Officers from ICE ERO Boston arrested Juan Alberto Rodezno-Marin, an illegally present Honduran national charged with sex crimes, armed robbery and assault and battery.","January 28, 2025"
ice.gov,United States,arrest,-95.24229729999999,29.5765154,6/18/2025,N/A,Unknown,https://www.ice.gov/news/releases/jeweler-sentenced-30-months-multimillion-dollar-international-trade-fraud-scheme,Unknown,"9223 Colt Canyon Ln, Houston, TX 77089, United States",TX 77089,0c90d90d-c5f6-4625-9d9e-cb1d8a9506a3,Jeweler sentenced to 30 months for multimillion-dollar international trade fraud scheme following a multi-agency investigation,Unknown,"Monishkumar Kirankumar Doshi Shah, a/k/a “Monish Doshi Shah” (Shah), 40, of Mumbai, India and Jersey City, New Jersey, who operated jewelry companies in New York City’s Diamond District was sentenced to 30 months for spearheading a scheme to illegally evade customs duties for more than $13.5 million of jewelry imports into the United States and for illegally processing more than $10.3 million through an unlicensed money transmitting business.","January 27, 2025"
ice.gov,United States,arrest,-82.72414239999999,27.8274458,6/18/2025,2,Unknown,https://www.ice.gov/news/releases/tampa-man-convicted-sex-trafficking-2-minors-production-child-sex-abuse-material,Unknown,"6380 62nd Ave N, Pinellas Park, FL 33781, United States",FL 33781,086a6bfd-1814-4676-a707-47e86d281da7,"Tampa man convicted of sex trafficking 2 minors, production of child sex abuse material",Unknown,"Dontae Dajuan Burton, 40, of Tampa, faces a minimum sentence of 15 years, up to life, in federal prison. A sentencing date has not yet been set. Burton was indicted on Nov. 12, 2024.","January 27, 2025"
ice.gov,United States,arrest,-95.5580933,29.6816744,6/18/2025,2,HSI Houston,https://www.ice.gov/news/releases/hsi-houston-law-enforcement-partners-apprehend-2-criminal-alien-fugitives-wanted,Unknown,"9421 W Sam Houston Pkwy S, Houston, TX 77099, United States",TX 77099,bfec54ac-75fa-4f11-a40b-cd311b29e1cc,"HSI Houston, law enforcement partners apprehend 2 criminal alien fugitives wanted for child sex offenses, other violent crimes",Unknown,"Jorge Dionicio Hernandez, a 33-year-old criminal alien from Mexico who has illegally entered the U.S. at least four times, and Omar David Zavala, a 30-year-old previously removed criminal alien from El Salvador and documented MS-13 gang member, were arrested Jan. 24 by authorities in Houston and Mesquite, respectively.","January 27, 2025"
ice.gov,USA,raid,-87.6297982,41.8781136,6/18/2025,N/A,Chicago,https://www.ice.gov/news/releases/statement-us-immigration-and-customs-enforcement,Unknown,"Chicago, IL, USA",IL,ab675f31-f0df-44de-b491-a27fe44221fb,Statement by US Immigration and Customs Enforcement,Cook,"ICE, along with federal partners, including the FBI, ATF, DEA, CBP and the U.S. Marshals Service, began conducting enhanced targeted operations today in Chicago to enforce U.S. immigration law and preserve public safety and national security by keeping potentially dangerous criminal aliens out of our communities.","January 26, 2025"
ice.gov,USA,arrest,-72.7818751,41.6677679,6/18/2025,N/A,New Britain,https://www.ice.gov/news/releases/new-britain-man-admits-recording-his-sexual-abuse-child,Unknown,"New Britain, CT, USA",CT,8201d8ca-7740-4a1b-aa36-0408c6e71440,New Britain man admits recording his sexual abuse of a child,Hartford,"Orlando Guzman, 73, of New Britain, pleaded guilty Jan. 22 in New Haven to child exploitation offenses stemming from his sexual abuse of a minor and using an app to share and receive child sexual abuse material.","January 24, 2025"
ice.gov,United States,arrest,-95.24229729999999,29.5765154,6/18/2025,N/A,Unknown,https://www.ice.gov/news/releases/hsi-investigation-leads-15-year-sentence-dark-web-moderator-advertising-child-sexual,Unknown,"9223 Colt Canyon Ln, Houston, TX 77089, United States",TX 77089,6f26d5d3-3761-471d-982e-1705135e53dd,HSI investigation leads to 15-year sentence for dark web moderator advertising child sexual abuse material,Unknown,"Chief U.S. District Judge Lance E. Walker sentenced Michael Posey, 50, to 180 months to be followed by seven years of supervised release. Posey pleaded guilty on Aug. 29.","January 24, 2025"
ice.gov,USA,arrest,-117.1610838,32.715738,6/18/2025,1,San Diego,https://www.ice.gov/news/releases/hsi-san-diego-multiagency-case-sends-trafficker-195-years-prison-supplying-weapons,Unknown,"San Diego, CA, USA",CA,640d2575-3c95-4c67-ab2d-309a0ad6a3f8,"HSI San Diego, multiagency case sends trafficker to 19.5 years in prison for supplying weapons and ammunition to Sinaloa Cartel",San Diego County,"Keith Octavio Rodriguez Padilla, a prolific firearms trafficker, was sentenced in federal court Jan. 13, to 19.5 years in custody for his role in supplying weapons and tens of thousands of rounds of ammunition to the Sinaloa Cartel.","January 24, 2025"
ice.gov,United States,detention,-80.312223,25.868555,6/18/2025,1,Larkin Community Hospital Palm Springs campus,https://www.ice.gov/news/releases/honduran-national-ice-custody-passes-away-miami-area-hospital,Unknown,"1475 W 49th Pl, Hialeah, FL 33012, United States",FL 33012,0d61929f-15a8-4651-872d-edaf1ca146ce,Honduran national in ICE custody passes away at Miami-area hospital,Miami-Dade,"ICE remains committed to ensuring that all those in its custody reside in safe, secure and humane environments. Comprehensive medical care is provided from the moment individuals arrive and throughout the entirety of their stay.","January 24, 2025"
ice.gov,United States,arrest,-71.2173586,42.1776744,6/18/2025,N/A,Unknown,https://www.ice.gov/news/releases/ice-ero-boston-arrests-haitian-gang-member-numerous-convictions,Unknown,"61 Endicott St Building #26, Norwood, MA 02062, United States",MA 02062,e1b65abd-549d-4822-b0d5-b43d0c4c839c,ICE ERO Boston arrests Haitian gang member with numerous convictions,Unknown,"ICE officers from ERO Boston arrested Wisteguens Jean Quely Charles, a member of a violent Haitian street gang, in Boston Jan. 22. Charles’ convictions include multiple drug, weapons, and assault and battery crimes.","January 24, 2025"
ice.gov,United States,arrest,-95.24229729999999,29.5765154,6/18/2025,N/A,Unknown,https://www.ice.gov/news/releases/former-bosnian-prison-camp-supervisor-sentenced-over-5-years-prison-concealing,Unknown,"9223 Colt Canyon Ln, Houston, TX 77089, United States",TX 77089,a4bb79f2-9569-48bb-ad82-d219a8da5935,Former Bosnian prison camp supervisor sentenced to over 5 years in prison for concealing participation in wartime persecution,Unknown,"Kemal Mrndzic, 52, was sentenced by U.S. District Court Judge Denise J. Casper to 65 months in prison to be followed by three years of supervised release. In October 2024, Mrndzic was convicted by a federal jury of engaging in a scheme to conceal his involvement in the persecution of Serb prisoners at the notorious Celebici prison camp in Bosnia in 1992; making a false statement to federal agents about his role at the camp; possessing a fraudulently obtained naturalization certificate and Social Security card; and using a fraudulently obtained passport and certificate of naturalization.","January 23, 2025"
ice.gov,USA,arrest,-74.1744671,40.7315293,6/18/2025,N/A,Newark,https://www.ice.gov/news/releases/hsi-newark-investigation-leads-new-york-man-charged-sexual-exploitation-children,Unknown,"Newark, NJ, USA",NJ,2b7ffc46-54a6-486b-b157-82b74d296e86,HSI Newark investigation leads to New York man charged with sexual exploitation of children,Essex,"Jacob Israel Walden was arraigned Jan. 22 at the U.S. District Court for the Eastern District of New York in Central Islip on a six-count indictment charging him with sexual exploitation of children, receipt of child pornography, possession of child pornography and access with intent to view child pornography.","January 23, 2025"
ice.gov,United States,arrest,-95.24229729999999,29.5765154,6/18/2025,N/A,Unknown,https://www.ice.gov/news/releases/hsi-investigation-leads-guilty-pleas-chinese-nationals-fraudulent-gift-card,Unknown,"9223 Colt Canyon Ln, Houston, TX 77089, United States",TX 77089,c45838f7-fefb-4323-8241-6ba9509a0cf1,HSI investigation leads to guilty pleas for Chinese nationals in fraudulent gift card conspiracy,Unknown,"Naxin Wu, 26, Mengying Jiang, 34, and Mingdong Chen, 28, pleaded guilty in federal court in Concord to conspiracy to commit wire fraud. Judge Landya B. McCafferty scheduled Wu’s sentencing for April 8, 2025 and Jiang’s sentencing for April 22, 2025.","January 23, 2025"
ice.gov,USA,arrest,-121.4944209,38.5781342,6/18/2025,1,"Sacramento, California",https://www.ice.gov/news/releases/ice-ero-san-francisco-arrests-guatemalan-citizen-convicted-lewd-acts-minor,Unknown,"Sacramento, CA, USA",CA,7235032a-2215-4e2c-a9d1-263efbf3a663,ICE ERO San Francisco arrests Guatemalan citizen convicted of lewd acts with a minor,Sacramento County,"ICE officers from ERO San Francisco arrested Juan Velasquez-Francisco in Sacramento, California Jan. 23.","January 23, 2025"
ice.gov,Mexico,arrest,-96.57833869999999,19.2601605,6/18/2025,N/A,"Veracruz, Mexico",https://www.ice.gov/news/releases/ero-houston-repatriates-accused-child-rapist-mexico-who-has-illegally-entered-us-4,Unknown,"Veracruz, Mexico",Unknown,ef144968-3efc-403a-879a-683378acaaa7,ERO Houston repatriates accused child rapist to Mexico who has illegally entered US 4 times,Unknown,"ICE's ERO Houston, with assistance from ERO Mexico and the SAFE Task Force, repatriated Nestor Flores Encarnacion, a 58-year-old undocumented alien, to his home country of Mexico Jan. 23.","January 23, 2025"
ice.gov,United States,arrest,-82.72414239999999,27.8274458,6/18/2025,N/A,Unknown,https://www.ice.gov/news/releases/honduran-national-sentenced-14-million-payroll-scheme-defraud-irs-workers,Unknown,"6380 62nd Ave N, Pinellas Park, FL 33781, United States",FL 33781,51b9711e-1dc4-44ed-acde-6e896e2028fa,"Honduran national sentenced in $14+ million payroll scheme to defraud IRS, workers’ compensation insurance company",Unknown,"Jose Molina-Herrera, 27, of Honduras, was sentenced to 27 months in federal prison. The court also ordered Molina-Herrera to forfeit $867,005, which are proceeds of the wire fraud offense.","January 22, 2025"
ice.gov,United States,other,-118.2396144,34.0537995,6/18/2025,N/A,HSI Los Angeles,https://www.ice.gov/news/releases/hsi-lax-special-agents-seize-over-3-million-worth-gold-jewelry,Unknown,"300 N Los Angeles St, Los Angeles, CA 90012, United States",CA 90012,278b5c06-10ac-4db2-85c3-d370caccd5b4,HSI LAX special agents seize over $3 million worth of gold jewelry,Los Angeles County,The gold jewelry was imported by a U.S. wholesaler who provided false documents and statements to U.S. Customs and Border Protection regarding its the country of manufacture to evade U.S. tariffs applicable to gold jewelry.,"January 22, 2025"
ice.gov,USA,arrest,-100.8958674,29.3708857,6/18/2025,N/A,Del Rio,https://www.ice.gov/news/releases/hsi-del-rio-federal-partner-investigation-results-mexican-national-extradited-us,Unknown,"Del Rio, TX 78840, USA",TX 78840,f2c9009b-0bdf-40c1-b45c-cc1149efc9ec,"HSI Del Rio, federal partner investigation results in a Mexican national extradited to the US for involvement in an international human smuggling operation",Val Verde County,"Monica Hernandez-Palma, also known as Moni, 32, a Mexican national, was arrested in Mexico pursuant to a U.S. request for her extradition and surrendered by Mexico to U.S. authorities on Jan. 16 to face charges.","January 22, 2025"
ice.gov,United States,arrest,-82.72414239999999,27.8274458,6/18/2025,N/A,Unknown,https://www.ice.gov/news/releases/registered-sex-offender-indicted-transporting-possessing-child-sexual-abuse-material,Unknown,"6380 62nd Ave N, Pinellas Park, FL 33781, United States",FL 33781,1cfc0965-a958-4c5f-8638-9e06fdf94a4e,"Registered sex offender indicted for transporting, possessing child sexual abuse material, AI-generated child sexual abuse material",Unknown,"James Oxley, 52, of Polk City, faces a maximum penalty of 40 years in federal prison for transporting child sex abuse material and up to 20 years in federal prison for the possession and AI offenses.","January 22, 2025"
ice.gov,United States,arrest,-77.5728546,43.1573617,6/18/2025,5,ROC Scrubby,https://www.ice.gov/news/releases/new-york-man-faces-new-charges-financial-fraud-following-hsi-buffalo-investigation,Unknown,"45 Crouch St, Rochester, NY 14609, United States",NY 14609,6fa95820-2479-4827-9ee2-3bf6598c6cca,New York Man faces new charges for financial fraud following HSI Buffalo investigation,Monroe County,"Timothy Siverd, 37, of Webster, was arrested and charged by criminal complaint with wire fraud, access device fraud, and aggravated identity theft, which carry a maximum penalty of 20 years in prison and a $250,00 fine, the U.S. District Court for the District of Western New York announced Jan. 16, 2025.","January 21, 2025"
ice.gov,United States,arrest,-95.24229729999999,29.5765154,6/18/2025,N/A,Unknown,https://www.ice.gov/news/releases/leaders-colombian-drug-trafficking-organization-plead-guilty-conspiring-smuggle-43000,Unknown,"9223 Colt Canyon Ln, Houston, TX 77089, United States",TX 77089,fb40f411-0b2d-4445-85d3-f64d15410eea,"Leaders of Colombian drug trafficking organization plead guilty to conspiring to smuggle 43,000+ kilograms of cocaine to US",Unknown,"Jorge Hernan Gonzalez-Ortiz, 50, and Carlos Andres Aldana-Gil, 43, each faces a maximum penalty of life in federal prison. A sentencing date has not yet been scheduled.","January 21, 2025"
ice.gov,USA,arrest,-74.1744671,40.7315293,6/18/2025,N/A,Newark,https://www.ice.gov/news/releases/hsi-newark-supports-new-jersey-attorney-general-taking-down-large-scale-diesel-fuel,Unknown,"Newark, NJ, USA",NJ,a7b7cc0e-eee4-4269-82d3-5822a0c2c132,HSI Newark supports New Jersey Attorney General in taking down large-scale diesel fuel theft ring on the East Coast,Essex,"As alleged, the enterprise operated in New Jersey, Pennsylvania, New York, Connecticut, and Massachusetts, using credit card “skimmers” that stole financial information from credit and debit cards to create “cloned” cards that were used to make fraudulent fuel purchases.","January 21, 2025"
ice.gov,MN,arrest,Unknown,Unknown,6/18/2025,N/A,Unknown,https://www.ice.gov/news/releases/hsi-st-paul-investigation-lands-10-year-sentence-guatemalan-child-sex-trafficking,Unknown,Unknown,St. Paul,b022a610-0ae1-4e04-b29a-5483e9914095,HSI St. Paul investigation lands 10-year sentence for Guatemalan in child sex trafficking case,Unknown,"Gerber David Santos-Gonzalez, age 26, was indicted by a federal grand jury in April 2024. He was found guilty following a jury trial in October 2024.","January 21, 2025"
ice.gov,United States,policy,-118.2396144,34.0537995,6/18/2025,N/A,HSI Los Angeles,https://www.ice.gov/news/releases/hsi-los-angeles-teaming-federal-and-local-partners-form-task-force-combating-crimes,Unknown,"300 N Los Angeles St, Los Angeles, CA 90012, United States",CA 90012,516e228d-2c5b-44bf-9d65-06a2a5bc7409,HSI Los Angeles teaming with federal and local partners to form task force on combating crimes related to wildfires,Los Angeles County,The JRFCTF will focus on investigating and prosecuting criminal actors seeking to exploit the wildfire crisis.,"January 21, 2025"
ice.gov,United States,other,-95.24229729999999,29.5765154,6/18/2025,N/A,Unknown,https://www.ice.gov/news/releases/dinosaur-skeletons-egg-returned-mongolia,Unknown,"9223 Colt Canyon Ln, Houston, TX 77089, United States",TX 77089,07980beb-a7c3-4c00-93e1-dfee68b9c7ef,"Dinosaur skeletons, egg returned to Mongolia",Unknown,"The repatriation ceremony was conducted by James T. Hayes, special agent in charge of HSI New York; Preet Bharara, U.S. attorney for the Southern District of New York; and Od Och, ambassador, permanent representative of Mongolia to the United Nations.","July 9, 2014"
ice.gov,USA,arrest,-83.6874562,43.0125274,6/18/2025,1,Flint area,https://www.ice.gov/news/releases/michigan-man-profiled-hsis-operation-predator-app-arrested,Unknown,"Flint, MI, USA",MI,0472494c-be6f-47fe-9898-9c1d71b3c66a,Michigan man profiled in HSI's Operation Predator app arrested,Genesee,"Mark Robert Austin was arrested Friday afternoon without incident by HSI and FBI special agents along with officers from the Michigan State Police in the Flint, Mich., area after numerous tips from the public were called in to the ICE tip line. Following the national and regional publicity generated by the app’s announcement, several members of the public called in tips indicating known areas Austin frequented.","September 12, 2013"
mercurynews.com,Texas,policy,-106.4850217,31.7618778,,1,"El Paso, Texas, USA",https://www.mercurynews.com/2026/06/09/gao-report-cites-mismanagement-texas-ice-camp/,,,El Paso,0e76eb40-2285-4886-87b4-8f0976b370d6,"Largest ICE detention facility wasted millions and put detainees at risk, report finds",,,2026-06-09T00:00:00
breitbart,Texas,arrest,-98.4945922,29.4251905,,1,"San Antonio, Texas, USA",https://www.breitbart.com/immigration/2026/06/09/ice-agents-arrest-illegal-aliens-convicted-armed-assault-terrorist-threats-drug-conspiracy/,,,San Antonio,cc7e1962-e1c6-44b5-8951-e42f438b8976,"ICE Arrests Illegals Convicted of Assault, Terrorist Threats, Drug Conspiracy",,,2026-06-09T00:00:00
fortune.com,Texas,detention,-106.4850217,31.7618778,,1,"El Paso, Texas, USA",https://fortune.com/2026/06/09/texas-ice-facility-wasted-millions-tb-outbreak-gao-report/,,,El Paso,0ff9a429-e7b2-40e9-9be6-58e5577967cc,"Texas ICE facility spent $11.5 million on guards, medical services, transportation and meals weeks before the camp even held detainees, GAO finds",,,2026-06-09T00:00:00
benzinga.com,New York,policy,-74.0059728,40.7127753,,1,"New York City, NY, USA",https://www.benzinga.com/news/politics/26/06/53077546/tom-homan-more-ice-agents-than-ever-coming-to-new-york-city,,,New York,b19d99b7-2ce2-4c2b-877f-308b4cb52f58,Tom Homan Says 'More ICE Agents Than You Have Ever Seen' Coming To New York City After Kathy Hochul Signs,,,2026-06-09T00:00:00
hotair.com,,protest,-5.93012,54.59728500000001,,1,"Belfast, Northern Ireland, United Kingdom",https://hotair.com/david-strom/2026/06/09/youll-never-guess-the-nationality-of-the-belfast-attempted-beheading-suspect-n3815759,,,Belfast,53af66bd-3a96-4c93-9e7f-3646fa9c0b83,You'll Never Guess the Nationality of the Belfast Attempted Beheading 'Suspect',,,2026-06-09T00:00:00
BostonGlobe,,policy,-72.57784149999999,44.5588028,,1,"Vermont, USA",https://www.bostonglobe.com/2026/06/09/metro/vermont-ban-immigration-arrests-schools/,,,,258f094a-eae3-4526-a975-404eb301806d,Vermont prohibits immigration arrests in schools but abandons ICE mask ban,,,2026-06-09T00:00:00
inquirer.com,New York,policy,-74.0059728,40.7127753,,1,"New York, NY, USA",https://www.inquirer.com/wires/ap/latest-trump-is-attending-nba-finals-game-3-between-knicks-spurs-with-increased-security-20260608.html,,,New York,f22d3639-f12c-42d4-837b-d2716c0c1dd2,The Latest: Trump is attending NBA Finals Game 3 between Knicks and Spurs with increased security,,,2026-06-09T00:00:00
baltimoresun,NY,policy,-74.0059728,40.7127753,,1,"New York, NY, USA",https://www.baltimoresun.com/2026/06/09/homan-says-nyc-will-see-more-ice-agents-than-ever-deployed-after-new-law/,,,New York,3f7854a4-0fb4-4ad1-adef-0557f2a2da2a,Homan says NYC will ‘see more ICE agents’ than ever deployed after new law,,,2026-06-09T00:00:00
theguardian,,policy,-0.1820629,51.1536621,,1,"Gatwick, England, United Kingdom",https://www.theguardian.com/society/2026/jun/10/staff-immigration-detention-centre-england-flags,,,Gatwick,53f68ee7-eed6-4766-ae7f-eab7d07b86fa,"Staff at immigration detention centre wore England flags, report finds",,,2026-06-09T00:00:00
Orlando Sentinel,California,policy,-118.3533544,33.9617977,,1,"Inglewood, California, USA",https://www.orlandosentinel.com/2026/06/09/la-stadium-workers/,,,Inglewood,e4bd7698-99aa-4789-83d9-4e9edf4b266d,"Stadium workers near LA say they have a tentative deal, averting strike ahead of World Cup",,,2026-06-09T00:00:00
breitbart.com,Virginia,policy,-77.5645323,39.1154523,,1,"Leesburg, Virginia, USA",https://www.breitbart.com/immigration/2026/06/09/virginia-illegal-alien-sentenced-sexually-assaulting-8-year-old-girl/,,,Leesburg,681b1233-7f64-47de-8e14-6a4fbaf439f3,Virginia: Illegal Gets 25 Years in Prison for Sexually Assaulting 8-Yr-Old Girl,,,2026-06-09T00:00:00
baltimoresun,Indiana,detention,-85.60236429999999,40.5512165,,1,"Indiana, USA",https://www.baltimoresun.com/2026/06/09/mosque-leader-ice-custody-diabetes/,,,,8aabf136-2c09-4ea9-9688-787f74dc4146,"Attorneys urge release of mosque leader, saying he’s been denied diabetes care in ICE custody",,,2026-06-09T00:00:00
theguardian,,protest,-1.4049018,50.9105468,,1,"Southampton, England, UK",https://www.theguardian.com/commentisfree/2026/jun/09/henry-nowak-protest-southampton-booze-football-chants-british-right-george-floyd,,,Southampton,42231bcc-c9bc-41f7-a290-e977eef2621e,"Why do the right’s Henry Nowak protests look like a party? Distasteful as it is, they’re having fun",,,2026-06-09T00:00:00
mysanantonio,Texas,policy,-106.4850217,31.7618778,,1,"El Paso, Texas, USA",https://www.mysanantonio.com/news/article/largest-ice-detention-facility-wasted-millions-22298123.php,,,El Paso,51cbe2bb-c600-47e4-a0f5-cf5a976996f6,"Largest ICE detention facility wasted millions and put detainees at risk, report finds",,,2026-06-09T00:00:00
usatoday,Texas,detention,-106.4850217,31.7618778,,1,"El Paso, Texas, USA",https://www.usatoday.com/story/news/nation/2026/06/09/camp-east-montana-federal-investigation-migrant-detainees/90474567007/,,,El Paso,9fad8677-de51-41de-a712-c95e7cef4ba9,Dangerous and unsafe conditions cited at migrant detention camp,,,2026-06-09T00:00:00
breitbart,,policy,-77.0369274,38.9072873,,1,"Washington, DC, USA",https://www.breitbart.com/politics/2025/04/28/tom-homan-biden-administration-released-millions-of-illegals-into-the-u-s-interior-on-purpose/,,,,2c42176a-8515-48f4-88e3-b94e293e0a28,Tom Homan: Biden Administration Released Millions of Illegals into the U.S. Interior 'on Purpose',,,2025-04-28T00:00:00
npr.org,DC,policy,-77.0369274,38.9072873,,1,"Washington, DC, USA",https://www.npr.org/2025/04/28/nx-s1-5379614/white-house-threatens-sanctuary-cities-again,,,Washington,54b75844-9402-422d-8231-a56899d3db62,"The White House threatens sanctuary cities in another EO, but courts are skeptical",,,2025-04-28T00:00:00
breitbart,,detention,-106.5348379,38.7945952,,1,USA,https://www.breitbart.com/politics/2025/04/28/trumps-first-100-days-over-150k-illegals-arrested-more-than-135k-deported/,,,,aa20d5a4-de7a-47ae-9e73-037d218b4fe6,"Trump's First 100 Days: Over 150K Illegals Arrested, More than 135K Deported",,,2025-04-28T00:00:00
cbsnews,Florida,detention,-80.1917902,25.7616798,,1,"Miami, Florida, USA",https://www.cbsnews.com/miami/news/world-cup-referee-somalia-omar-artan-barred-entry-us/,,,Miami,d1d43892-9795-47f1-8908-5b0614a3f972,"U.S. bars entry of FIFA World Cup referee from Somalia, citing ""vetting concerns""",,,2026-06-08T00:00:00
usatoday,Florida,policy,-80.1917902,25.7616798,,1,"Miami, Florida, USA",https://www.usatoday.com/story/sports/soccer/worldcup/2026/06/08/somalia-referee-omar-artan-denied-entry-usa/90459881007/,,,Miami,c6d5f95c-d406-4802-834c-aaad1d68cb1d,"Omar Artan, World Cup referee from Somalia, denied entry to USA",,,2026-06-08T00:00:00
breitbart.com,New York,raid,-74.0059728,40.7127753,,1,"New York City, New York, USA",https://www.breitbart.com/clips/2026/06/08/homan-vows-more-ice-agents-than-youve-ever-seen-in-new-york-city/,,,New York City,9ce800c5-8b6c-4fea-a48d-cba934253693,Homan Vows More ICE Agents Than 'You've Ever Seen in New York City',,,2026-06-08T00:00:00
orlandosentinel,Florida,opinion,-81.3789269,28.5383832,,1,"Orlando, Florida, USA",https://www.orlandosentinel.com/2026/06/08/editorial-uncle-lou-is-the-face-in-a-tide-of-terror-and-loss/,,,Orlando,c9330810-f280-422a-9243-120be80b6fc1,Editorial: ‘Uncle Lou’ is the face in a tide of terror and loss,,,2026-06-08T00:00:00
baltimoresun,Louisiana,detention,-92.80345319999999,31.9231098,,1,"Louisiana, Winnfield, Winn Correctional Center",https://www.baltimoresun.com/2026/06/08/immigration-ice-deaths/,,,Winnfield,127bb549-a0d7-408c-8d40-eae2d7c765e0,ICE facility in Louisiana reports its second detainee death in less than 2 months,,,2026-06-08T00:00:00
breitbart.com,DC,detention,-77.0369274,38.9072873,,1,"Washington, DC, USA",https://www.breitbart.com/politics/2025/04/28/kristi-noem-purse-second-illegal-alien/,,,Washington,9cec10b7-339a-4803-9298-5221257f687d,Second Illegal Alien Accused of Stealing DHS Chief Kristi Noem's Purse,,,2025-04-28T00:00:00
npr.org,Wisconsin,policy,-87.9096783,43.0410344,,1,"Milwaukee, Wisconsin, USA",https://www.npr.org/2025/04/28/nx-s1-5377356/hannah-dugan-judge-fbi-arrested,,,Milwaukee,d0b26484-3ab5-4e26-9774-cc7c3d81a692,"Wisconsin judge arrested by FBI 'stood up' for her community, state lawmaker says",,,2025-04-28T00:00:00
theguardian,Wisconsin,arrest,-87.9096783,43.0410344,,1,"Milwaukee, Wisconsin, USA",https://www.theguardian.com/commentisfree/2025/apr/28/the-fbis-arrest-of-judge-hannah-dugan-is-a-bid-to-silence-dissent,,,Milwaukee,a3054d63-9e33-4ef4-b1f3-158226c35bf5,The FBI’s arrest of Judge Hannah Dugan is a bid to silence dissent,,,2025-04-28T00:00:00
sandiegouniontribune,California,policy,-117.1610838,32.715738,,1,"San Diego, California, USA",https://www.sandiegouniontribune.com/2025/04/28/abogado-de-inmigracion-y-representante-legal-de-san-diego-entre-los-ciudadanos-estadounidenses-a-quienes-se-les-dijo-que-abandonaran-el-pais/,,,San Diego,d9d3b7d6-2c9c-4833-90f6-9c93f4995ae4,Abogado de inmigración y representante legal de San Diego entre los ciudadanos estadounidenses a quienes se les dijo que abandonaran el país,,,2025-04-28T00:00:00
theguardian,Washington,detention,-122.4419643,47.2551307,,1,"Tacoma, Washington, USA",https://www.theguardian.com/us-news/2025/apr/28/irish-woman-cliona-ward-us-detained-immigration,,,Tacoma,712b8db9-eed4-4edb-859f-37dc2bbca84f,Irish woman living in US for decades detained by immigration officials,,,2025-04-28T00:00:00
pjmedia,Oregon,protest,-122.6783853,45.515232,,1,"Portland, Oregon, USA",https://pjmedia.com/victoria-taft/2025/04/28/times-have-changed-since-a-portland-judge-helped-an-illegal-alien-drunk-driver-evade-arrest-n4939306,,,Portland,d011203b-e0ce-4c60-9828-6720aced65c7,Times Have Changed Since a Portland Judge Helped an Illegal Alien Drunk Driver Evade Arrest,,,2025-04-28T00:00:00
theguardian,DC,arrest,-77.0369274,38.9072873,,1,"Washington, DC, USA",https://www.theguardian.com/us-news/2025/apr/27/kristi-noem-purse-suspects-arrested,,,Washington,5a5f4227-7592-47ae-b571-0b204f21feb8,"Two suspects arrested for theft of Kristi Noem’s purse, Secret Service says",,,2025-04-28T00:00:00
thenation.com,Massachusetts,policy,-71.1056916,42.3666036,,1,"Cambridge, Massachusetts, USA",https://www.thenation.com/article/society/harvard-university-trump-lawsuit-palestine-academic-integrity/,,,Cambridge,75274b85-c910-42ce-ad68-b4785757576c,We Don’t Have to Hand It to Harvard,,,2025-04-28T00:00:00
armytimes.com,Colorado,raid,-104.8216009,38.8353142,,1,"Colorado Springs, Colorado, USA",https://www.armytimes.com/news/your-military/2025/04/28/active-duty-troops-detained-in-dea-raid-at-illegal-colorado-nightclub/,,,Colorado Springs,692e9a40-90b2-428b-93a6-bf1e45b349ac,Active-duty troops detained in DEA raid at illegal Colorado nightclub,,,2025-04-28T00:00:00
cnn,Colorado,raid,-104.8216009,38.8353142,,1,"Colorado Springs, Colorado, USA",https://www.cnn.com/2025/04/28/us/colorado-springs-raid-monday/index.html,,,Colorado Springs,d45fb4d8-1484-4813-acbc-0310218dbfa0,More than 100 migrants were detained during a raid on a Colorado nightclub. Here’s what we know,,,2025-04-28T00:00:00
armytimes.com,Florida,detention,-81.7799871,24.5550593,,1,"Key West, Florida, USA",https://www.armytimes.com/news/your-military/2025/04/28/coast-guardsmans-wife-arrested-for-expired-visa-after-security-check/,,,Key West,9874161e-316a-4ece-a9e3-7e4065f911cf,Coast Guardsman’s wife arrested for expired visa after security check,,,2025-04-28T00:00:00
navytimes.com,Florida,arrest,-81.7799871,24.5550593,,1,"Key West, Florida, USA",https://www.navytimes.com/news/your-military/2025/04/28/coast-guardsmans-wife-arrested-for-expired-visa-after-security-check/,,,Key West,70eb8f97-4bd6-45cf-aec9-29e654017244,Coast Guardsman’s wife arrested for expired visa after security check,,,2025-04-28T00:00:00
cnn,DC,policy,-77.0369274,38.9072873,,1,"Washington, DC, USA",https://www.cnn.com/2025/04/28/politics/trump-hegseth-immigration-interview-takeaways/index.html,,,Washington,7f34ad3e-9bbe-4929-9e50-bdb87275bb94,‘Nothing will ever be perfect’: Trump touches on immigration crackdown and Hegseth in Atlantic interview,,,2025-04-28T00:00:00
airforcetimes.com,Colorado,raid,-104.8216009,38.8353142,,1,"Colorado Springs, Colorado, USA",https://www.airforcetimes.com/news/your-military/2025/04/28/active-duty-troops-detained-in-dea-raid-at-illegal-colorado-nightclub/,,,Colorado Springs,914d904b-59b9-430e-83c0-c4d043c4162e,Active-duty troops detained in DEA raid at illegal Colorado nightclub,,,2025-04-28T00:00:00
abcnews.go.com,Wisconsin,arrest,-87.9096783,43.0410344,,1,"Milwaukee, Wisconsin, USA",https://abcnews.go.com/US/reserve-judge-handle-cases-milwaukee-judge-arrested-fbi/story?id=121230934,,,Milwaukee,a7f42b63-34d0-4369-a419-7777a5f3e3a1,"Reserve judge to handle cases of Milwaukee judge arrested by FBI, court says",,,2025-04-28T00:00:00
navytimes.com,Colorado,raid,-104.8216009,38.8353142,,1,"Colorado Springs, Colorado, USA",https://www.navytimes.com/news/your-military/2025/04/28/active-duty-troops-detained-in-dea-raid-at-illegal-colorado-nightclub/,,,Colorado Springs,1bd09ace-9d38-44d9-b8eb-d74ac61caa96,Active-duty troops detained in DEA raid at illegal Colorado nightclub,,,2025-04-28T00:00:00
airforcetimes.com,Florida,detention,-81.7799871,24.5550593,,1,"Key West, Florida, USA",https://www.airforcetimes.com/news/your-military/2025/04/28/coast-guardsmans-wife-arrested-for-expired-visa-after-security-check/,,,Key West,7e49a732-2196-4eca-bd61-b1d48814c80c,Coast Guardsman’s wife arrested for expired visa after security check,,,2025-04-28T00:00:00
abcnews.go.com,,policy,-77.0369274,38.9072873,,1,"Washington, DC, USA",https://abcnews.go.com/US/doj-argues-deportations-el-salvador-violate-court-order/story?id=121249971,,,,852b2863-5f74-4b19-860a-77a5ee523fb2,DOJ argues deportations to El Salvador didn't violate court order against 3rd country removals,,,2025-04-28T00:00:00
jezebel,California,policy,-118.3533544,33.9617977,,1,"Inglewood, California, USA",https://www.jezebel.com/world-cup-stadiums-strike-workers-los-angeles-sofi-ice-contract-vote-authorization,,,Inglewood,44924482-7abb-4e67-945d-59f7f477c328,"Stadium Workers in L.A. Prepare for Strike as World Cup, Team USA and ICE Loom",,,2026-06-08T00:00:00
talkingpointsmemo,New Jersey,protest,-74.1744671,40.7315293,,1,"Newark, New Jersey, USA",https://talkingpointsmemo.com/cafe/the-delaney-hall-strike-is-exposing-a-massive-thirteenth-amendment-crisis,,,Newark,cfbe4022-f90a-4924-a2ed-bfcc7d7242a1,The Delaney Hall Strike Is Exposing a Massive Thirteenth Amendment Crisis,,,2026-06-08T00:00:00
huffpost,New Jersey,policy,-74.1744671,40.7315293,,1,"Newark, New Jersey, USA",https://www.huffpost.com/entry/ali-felshi-press-is-not-enemy-of-people_n_6a26ba8ae4b022a41ab34db7,,,Newark,902a0e3d-413a-4605-8f21-1e1913fb2868,MS NOW's Ali Velshi Has Fiery Reminder For Viewers In His Weekend Farewell,,,2026-06-08T00:00:00
nypost,Wisconsin,arrest,-87.9096783,43.0410344,,1,"Milwaukee, Wisconsin, USA",https://nypost.com/2025/04/28/us-news/wisconsin-judge-hannah-dugan-still-getting-paid-despite-federal-charges-of-helping-illegal-migrant-escape-ice/,,,Milwaukee,2815b693-876c-4324-a8e2-5c02bc8cb8e0,Wisconsin Judge Hannah Dugan still getting paid despite federal charges of helping illegal migrant dodge ICE,,,2025-04-28T00:00:00
bostonglobe,Louisiana,policy,-92.5956107,30.4856404,,1,"Basile, Louisiana, USA",https://www.bostonglobe.com/2025/04/28/newsletters/starting-point-rumeysa-ozturk-ice-detained-basile-louisiana/,,,Basile,e3e69c15-7f5b-4a34-a23b-54eea978f95f,ICE is holding a Tufts PhD student at a Louisiana facility. Here’s what it’s like inside.,,,2025-04-28T00:00:00
usatoday,DC,policy,-77.0369274,38.9072873,,1,"Washington, DC, USA",https://www.usatoday.com/story/news/politics/2025/04/28/white-house-immigration-arrests-posters-deportation/83322774007/?tbref=hp,,,Washington,d38b1ad6-2dad-412a-b8f0-dff2aab7f9cf,White House lines driveway with mugshot posters of immigrant arrests,,,2025-04-28T00:00:00
dailycaller,Wisconsin,protest,-91.16858859999999,45.8220169,,1,"Sawyer County, Wisconsin, USA",https://dailycaller.com/2025/04/28/wisconsin-judge-monica-isham-court-boycott-hannah-dugan-arrest/,,,Sawyer County,fd74e5e1-a236-453a-830f-0776d31704e7,REPORT: Judge Threatens To Close Courtroom After FBI Arrested Jurist For Allegedly Helping Illegal Migrant Avoid ICE,,,2025-04-28T00:00:00
gazettenet,MA,policy,-72.5198537,42.3756919,,1,"Amherst, MA, USA",https://www.gazettenet.com/Revoked-visas-reinstated-for-13-international-students-at-University-of-Massachusetts-in-Amherst-60880993,,,Amherst,a320bb81-e1f8-4a2e-be9d-a28958067bdb,Status restored for 13 UMass international students,,,2025-04-28T00:00:00
dailycaller,Wisconsin,policy,-87.9096783,43.0410344,,1,"Milwaukee, Wisconsin, USA",https://dailycaller.com/2025/04/28/jarrett-judge-no-viable-defense-against-charges-aiding-illegal-immigrant/,,,Milwaukee,e1202069-198f-4588-8a32-fd35c8471c21,Gregg Jarrett Says Wisconsin Judge Has ‘No Viable Defense’ Against Charges For Aiding Illegal Immigrant,,,2025-04-28T00:00:00
rollingstone,California,policy,-118.2243901,33.8959097,,1,"Compton, California, USA",https://www.rollingstone.com/music/music-features/suge-knight-murder-trial-wrongful-death-1235323788/,,,Compton,6f07f7a9-d7cd-480c-ae9c-7e518dbfe5e7,Suge Knight's Retrial Rollercoaster: How Did We Get Here?,,,2025-04-28T00:00:00
redstate.com,,policy,-77.0369274,38.9072873,,1,"Washington, DC, USA",https://redstate.com/nick-arama/2025/04/28/leavitthoman-briefing-n2188407,,,,acb8ec93-2a9d-4879-b65c-0d0fad772b3c,"Watch: Leavitt, Homan Detail Powerful Achievements on Illegal Aliens, Reveal Disgusting Move Biden Made",,,2025-04-28T00:00:00
usatoday,,policy,-78.6568942,37.4315734,,1,"Virginia, USA",https://www.usatoday.com/story/news/nation/2025/04/28/ice-detentions-video-civil-liberties-fears-immigrants/83258615007/,,,Virginia,3f4b6079-7796-45f9-bafe-4b57e410a46a,ICE detentions raise civil liberties fears over plainclothes agents,,,2025-04-28T00:00:00
newsday,DC,policy,-77.0369274,38.9072873,,1,"Washington, DC, USA",https://www.newsday.com/news/nation/trump-100-days-promises-inflation-tariffs-deportations-n95744,,,Washington,3491952d-39ea-4bf2-887d-11f095ea7008,"Trump made big promises and moved at frenetic speed. 100 days in, here's what he's done and not done",,,2025-04-28T00:00:00
newsday,Colorado,raid,-104.8216009,38.8353142,,1,"Colorado Springs, Colorado, USA",https://www.newsday.com/news/nation/colorado-nightclub-raid-immigration-r08171,,,Colorado Springs,b23d8710-befd-40d2-a4f6-c0f949d3a811,More than 100 immigrants detained at an illegal after-hours nightclub in Colorado,,,2025-04-27T00:00:00
staradvertiser,,detention,-91.5208624,30.5190775,,1,"Louisiana, USA",https://www.staradvertiser.com/2025/04/28/breaking-news/2-u-s-citizens-age-4-and-7-deported-with-their-mother/,,,Louisiana,c8205419-07b8-405a-aaa7-94108927d742,"2 U.S. citizens, age 4 and 7, deported with their mother",,,2025-04-28T00:00:00
usatoday,Colorado,raid,-105.7820674,39.5500507,,1,"Colorado, USA",https://www.usatoday.com/story/news/nation/2025/04/27/colorado-nightclub-dea-investigation/83315545007/,,,Colorado Springs,45451c89-3dbf-43b4-a492-13335881413e,DEA says over 100 immigrants detained at illegal Colorado nightclub,,,2025-04-27T00:00:00
usatoday,,detention,-78.6568942,37.4315734,,1,"Virginia, USA",https://www.usatoday.com/story/news/2025/04/28/canada-election-trump-tariff-budget-congress-deportation-ukraine-russia-economy-prices/83321984007/,,,Virginia,6f3c1a31-b4fc-4c2f-b9ef-e190e301a3ac,"Canada election, tariff, economy, Trump, Ukraine, Russia, deportation, Congress, budget, Beyoncé: Daily Briefing",,,2025-04-28T00:00:00
usatoday,LA,protest,-90.07583559999999,29.9508941,,1,"New Orleans, LA, USA",https://www.usatoday.com/story/opinion/columnist/2025/04/28/children-deported-us-citizens-trump-republicans/83274745007/,,,New Orleans,203311e9-3655-4077-832b-e56e82bc7b03,Trump deports US citizens. What happens when it's your kids?,,,2025-04-28T00:00:00
newsweek,Colorado,policy,-104.8216009,38.8353142,,1,"Colorado Springs, Colorado, USA",https://www.newsweek.com/fort-carson-responds-service-members-illegal-nightclub-arrest-2065113,,,Colorado Springs,b7e16519-c83b-4ba2-9e46-848bb01e4869,Fort Carson responds to service members being caught at illegal nightclub,,,2025-04-28T00:00:00
usatoday,DC,policy,-77.0369274,38.9072873,,1,"Washington, DC, USA",https://www.usatoday.com/story/news/politics/2025/04/28/trump-executive-orders-law-enforcement-sanctuary-cities/83324876007/,,,Washington,70eaf411-4fe4-48d6-8b71-af3e25a7b6d8,"Trump to sign executive orders bolstering law enforcement, immigration",,,2025-04-28T00:00:00
inquirer,Pennsylvania,policy,-75.1652215,39.9525839,,1,"Philadelphia, PA, USA",https://www.inquirer.com/politics/nation/trump-executive-order-sanctuary-cities-list-20250428.html,,,Philadelphia,84f11726-3c6e-4f97-8cf5-5ee388bacf16,President Trump expected to sign executive order on sanctuary cities today,,,2025-04-28T00:00:00
ocregister,CA,policy,-117.6126004,33.4273521,,1,"San Clemente, CA, USA",https://www.ocregister.com/2025/04/28/san-clemente-mayor-says-progress-made-in-asking-border-patrol-to-man-cameras-along-shoreline/,,,San Clemente,63f92260-d7d9-4a9b-abb0-8052f49e99f7,San Clemente mayor says progress made in asking Border Patrol to man cameras along shoreline,,,2025-04-28T00:00:00
ajc.com,Georgia,arrest,-84.3885209,33.7501275,,1,"Atlanta, Georgia, USA",https://www.ajc.com/news/georgia-news/kenia-velasquezs-husband-wilson-was-arrested-by-immigration-agents-at-church/DBVOMWW2VBDMDG43D6QVOXR4RE/,,,Atlanta,0f9b94b3-be63-4318-9f7b-8213f4e494eb,Kenia Velásquez's husband Wilson was arrested by immigration agents at church.,,,2025-04-28T00:00:00
courant,Florida,detention,-82.45875269999999,27.9516896,,1,"Tampa, Florida, USA",https://www.courant.com/2025/04/28/florida-woman-deported-to-cuba-gets-separated-from-1-year-old-and-us-citizen-husband/,,,Tampa,9ab5ce92-a492-4d25-9aba-1e36b6b9bbd0,Florida woman deported to Cuba gets separated from 1-year-old and US citizen husband,,,2025-04-28T00:00:00
inquisitr,Louisiana,policy,-90.3231349,29.9468716,,1,"Saint Rose, Louisiana, USA",https://www.inquisitr.com/3-u-s-citizen-kids-including-kid-suffering-from-cancer-deported-with-mothers-in-a-shocking-twist,,,Saint Rose,db340603-a8c5-4d4a-88ef-4a3db5218545,"Three US Citizen Kids, Including One Fighting Cancer, Deported to Honduras with Their Mothers",,,2025-04-28T00:00:00
jsonline,Wisconsin,policy,-88.7878678,43.7844397,,1,"Wisconsin, USA",https://www.jsonline.com/story/opinion/readers/2025/04/28/wisconsin-judge-hannah-dugan/83319186007/,,,Milwaukee,c84abd63-9fcc-43a0-8613-74c1d102922d,Judge's arrest was political theater without regard for law,,,2025-04-28T00:00:00
jsonline,Wisconsin,arrest,-87.9096783,43.0410344,,1,"Milwaukee, Wisconsin, USA",https://www.jsonline.com/story/news/local/milwaukee/2025/04/28/whats-next-in-milwaukee-judge-hannah-dugans-case/83292979007/,,,Milwaukee,a0f902d4-8a20-4a6c-808d-f88e52056039,What's next in Milwaukee Judge Hannah Dugan's case?,,,2025-04-28T00:00:00
mercurynews,California,policy,-117.1610838,32.715738,,1,"San Diego, California, USA",https://www.mercurynews.com/2025/04/28/san-diego-immigration-attorney-and-legal-rep-among-u-s-citizens-told-to-self-deport/,,,San Diego,3d961fc1-9c91-423d-bba1-f6d7bbfe330e,California immigration attorney and legal rep among U.S. citizens told to leave country,,,2025-04-28T00:00:00
fortune,DC,arrest,-77.0369274,38.9072873,,1,"Washington, DC, USA",https://fortune.com/article/police-arrest-suspect-theft-homeland-security-secretary-kristi-noem-purse/,,,Washington,ea7520c7-ece4-430e-bae7-4ee8244d0ca8,Police arrest suspect in theft of Homeland Security Secretary Kristi Noem’s purse,,,2025-04-28T00:00:00
nypost,DC,policy,-77.0369274,38.9072873,,1,"Washington, DC, USA",https://nypost.com/2025/04/28/us-news/white-house-lawn-lined-with-posters-displaying-illegal-immigrants-mugshots-and-crimes-they-committed/,,,Washington,4ee05b65-3e66-4d33-b641-72e430d665ea,White House lawn lined with posters displaying illegal immigrants’ mugshots and crimes they committed,,,2025-04-28T00:00:00
rollingstone,Louisiana,detention,-91.5208624,30.5190775,,1,"Louisiana, USA",https://www.rollingstone.com/politics/politics-features/trump-rubio-deported-us-citizen-children-mothers-coerced-1235326214/,,,New Orleans,253f2943-d7ac-4613-80b5-cc72a4ffb985,Lawyers for Deported U.S. Citizen Kids Say Moms Were 'Coerced' Into Taking Them,,,2025-04-28T00:00:00
npr.org,Wisconsin,protest,-87.9096783,43.0410344,,1,"Milwaukee, Wisconsin, USA",https://www.npr.org/2025/04/28/nx-s1-5377356/wisconsin-judge-accused-of-ushering-a-person-without-legal-status,,,Milwaukee,fe9bf3b2-5425-4c80-bb1f-3979967064d5,Wisconsin judge accused of ushering a person without legal status,,,2025-04-28T00:00:00
spectator.org,Wisconsin,detention,-87.9096783,43.0410344,,1,"Milwaukee, Wisconsin, USA",https://spectator.org/is-wisconsin-judge-hannah-dugan-above-the-law/?utm_source=rss&utm_medium=rss&utm_campaign=is-wisconsin-judge-hannah-dugan-above-the-law,,,Milwaukee,bed13f90-3f8d-45d9-b4e2-32ba7731ab66,Is Wisconsin Judge Hannah Dugan Above the Law?,,,2025-04-27T00:00:00
bostonglobe,MA,policy,-71.0565364,42.3555076,,1,"Boston, MA, USA",https://www.bostonglobe.com/2025/04/28/business/trump-immigrant-crackdown-employers-deportation/,,,Boston,86558d41-1cbe-47a5-9544-1147e2d1d06f,"Amid Trump’s immigration crackdown, local employers wonder: Who will fill all the jobs?",,,2025-04-28T00:00:00
newsweek,Louisiana,policy,-90.07583559999999,29.9508941,,1,"New Orleans, Louisiana, USA",https://www.newsweek.com/trump-administration-deport-us-children-2064896,,,New Orleans,1d1b883c-e5e4-4297-9486-fd2b4f30ff63,Did Trump administration deport US children? What we know,,,2025-04-28T00:00:00
townhall.com,Florida,raid,-81.5157535,27.6648274,,1,"Florida, USA",https://townhall.com//tipsheet/saraharnold/2025/04/27/800-illegal-aliens-rounded-up-in-4-day-florida-ice-raids-n2656145,,,Miami,fc07d9ca-ac62-42cb-b137-c027b8470f09,ICE Arrests 800 Illegal Immigrants In 4-Day ICE Raid,,,2025-04-27T00:00:00
cbsnews.com,Colorado,raid,-104.8216009,38.8353142,,1,"Colorado Springs, Colorado, USA",https://www.cbsnews.com/texas/news/dea-over-100-undocumented-immigrants-arrested-colorado-springs-nightclub/,,,Colorado Springs,236f24c4-21f5-4893-a2ed-ecb71e4e2c2b,"DEA says over 100 undocumented immigrants arrested at Colorado Springs ""underground nightclub""",,,2025-04-27T00:00:00
dailycaller,DC,policy,-77.0369274,38.9072873,,1,"Washington, DC, USA",https://dailycaller.com/2025/04/27/homeland-secretary-kristi-noem-bag-theft-illegal-migrant-mario-bustamante-leiva-chile/,,,Washington,267e8dd0-d44c-4c35-8fa0-64d65d4c807a,"In Ironic Twist, Man Who Allegedly Stole Kristi Noem’s Bag Is Illegal Migrant, DHS Sec Says",,,2025-04-27T00:00:00
twincities,North Dakota,policy,-96.89990569999999,46.8769487,,1,"West Fargo, North Dakota, USA",https://www.twincities.com/2026/06/08/judge-grants-immigration-hearing-for-jailed-west-fargo-asylum-seeker/,,,West Fargo,3e1b8eee-2952-43bd-85a6-10b0dfa1b894,Judge grants immigration hearing for jailed West Fargo asylum-seeker,,,2026-06-08T00:00:00
cbsnews,DC,police,-77.0369274,38.9072873,,1,"Washington, DC, USA",https://www.cbsnews.com/texas/news/krist-noem-bag-stolen-arrest/,,,Washington,950dde94-4486-4cba-be1f-9e9b5b661f73,"2 suspects arrested for stealing Kristi Noem's bag were in country illegally, authorities say",,,2025-04-27T00:00:00
theguardian,Western Cape,protest,19.026693,-34.3403375,,1,"South Africa, Kleinmond, Cape Town area",https://www.theguardian.com/world/2026/jun/08/extreme-fear-among-immigrants-as-backlash-sweeps-south-africa,,,Kleinmond,490da503-dd2b-495a-ab1b-1635f23bd565,‘Extreme fear’ among immigrants as backlash sweeps South Africa,,,2026-06-08T00:00:00
sun-sentinel,Florida,detention,-80.1917902,25.7616798,,1,"Miami, Florida, USA",https://www.sun-sentinel.com/2026/06/08/somali-world-cup-referee-denied-us-entry/,,,Miami,8b055799-a36b-413a-96ea-5943fb4e6dc3,Somali referee for World Cup is denied entry into the United States,,,2026-06-08T00:00:00
cbsnews,Illinois,detention,-87.6323879,41.88325,,1,"Chicago, Illinois, USA",https://www.cbsnews.com/chicago/news/iraq-world-cup-aymen-hussein-detained-ohare-photographer-talal-salah-denied-entry/,,,Chicago,36842347-e527-4553-90f4-768bc335fe20,"Iraq World Cup star Aymen Hussein detained at O'Hare International Airport, team photographer denied entry to U.S.",,,2026-06-08T00:00:00
bloomberg,New York,policy,-74.0059728,40.7127753,,1,"New York City, New York, USA",https://www.orlandosentinel.com/2026/06/08/trump-border-chief-warns-new-york-ice-surge-is-coming-3/,,,New York,095163dd-e629-45bc-bee4-610fea87c969,Trump border chief warns New York ICE surge is ‘coming’,,,2026-06-08T00:00:00
cbnews,DC,arrest,-77.0369274,38.9072873,,1,"Washington, DC, USA",https://www.cbsnews.com/miami/news/krist-noem-bag-stolen-arrest/,,,Washington,d10b3d7f-6c07-432f-bba7-ed8df61c5160,"2 suspects arrested for stealing Kristi Noem's bag were in country illegally, authorities say",,,2025-04-27T00:00:00
cnn,Colorado,detention,-105.7820674,39.5500507,,1,"Colorado, USA",https://www.cnn.com/2025/04/27/us/video/colorado-nightclub-where-immigrants-were-detained-digvid,,,,3271f10b-48c3-4e07-9a1f-bdf3f9a9a295,Videos show raid of underground nightclub where over 100 immigrants were detained,,,2025-04-27T00:00:00
breitbart.com,Wisconsin,policy,-91.16858859999999,45.8220169,,1,"Sawyer County, Wisconsin, USA",https://www.breitbart.com/immigration/2025/04/27/i-will-refuse-to-hold-court-activist-wisconsin-judge-issues-threat-after-hannah-dugan-charged-with-shielding-illegal-from-ice/,,,Sawyer County,8f72c0db-1d47-4662-88c2-25b4534baea5,Wisconsin Judge Threatens Boycott After Dugan Charged with Shielding Illegal Alien,,,2025-04-27T00:00:00
nbcnews,Texas,detention,-106.4850217,31.7618778,,1,"El Paso, Texas, USA",https://www.nbcnews.com/politics/immigration/two-children-us-citizens-4-and-7-year-old-deported-honduras-rcna203208,,,El Paso,136fe0e2-e61f-467e-8ba0-1555225d3bf5,"U.S. citizen children, including 4-year-old with cancer, deported to Honduras, legal advocates say",,,2025-04-27T00:00:00
univision,TX,policy,-95.37011079999999,29.7600771,,1,"Houston, TX, USA",https://www.univision.com/noticias/inmigracion/un-organismo-de-control-advierte-riesgos-de-seguridad-en-el-acuerdo-de-intercambio-de-datos-entre-el-irs-y-el-ice,,,Houston,6b8567e6-d0ea-4e56-b2ef-fbbc44f1f99c,Un organismo de control advierte riesgos de seguridad en el acuerdo de intercambio de datos entre el IRS y el ICE,,,2026-06-08T00:00:00
latimes,Florida,arrest,-81.7799871,24.5550593,,1,"Key West, Florida, USA",https://www.latimes.com/world-nation/story/2025-04-26/wife-of-us-coast-guard-member-arrested-over-expired-visa-after-security-check-for-military-housing,,,Key West,a7668aa1-047b-4a17-a78f-47039662af2a,Wife of U.S. Coast Guard member arrested on base over expired visa,,,2025-04-26T00:00:00
latimes,Wisconsin,arrest,-87.9096783,43.0410344,,1,"Milwaukee, Wisconsin, USA",https://www.latimes.com/espanol/eeuu/articulo/2025-04-26/fbi-arresta-a-jueza-de-milwaukee-acusada-de-ayudar-a-un-hombre-a-evadir-a-autoridades-migratorias,,,Milwaukee,18f9f18c-cafa-43c2-b6a7-27aaa1ccd241,FBI arresta a jueza de Milwaukee acusada de ayudar a un hombre a evadir a autoridades migratorias,,,2025-04-26T00:00:00
bostonglobe,Colorado,raid,-104.8216009,38.8353142,,1,"Colorado, Colorado Springs, USA",https://www.bostonglobe.com/2025/04/27/nation/colorado-illegal-nightclub-immigrants-raid/,,,Colorado Springs,b5b88e9b-5179-4eea-870a-53e2c1c81757,More than 100 immigrants detained at an illegal after-hours nightclub in Colorado,,,2025-04-27T00:00:00
latimes,New Mexico,policy,-106.7797529,32.3142451,,1,"Las Cruces, New Mexico, USA",https://www.latimes.com/world-nation/story/2025-04-26/ex-new-mexico-judge-arrested-in-case-involving-man-suspected-of-being-a-venezuelan-gang-member,,,Las Cruces,f98a0994-a7e0-4f1a-bc1c-8370771693e3,Ex-New Mexico judge arrested in case involving man accused of being a Venezuelan gang member,,,2025-04-26T00:00:00
latimes,Wisconsin,arrest,-87.9096783,43.0410344,,1,"Milwaukee, Wisconsin, USA",https://www.latimes.com/world-nation/story/2025-04-26/protesters-chant-after-arrest-of-judge-accused-of-helping-man-evade-immigration-authorities,,,Milwaukee,1574611f-1a94-40a0-8259-ba45996eb519,Protesters in Milwaukee decry FBI arrest of county judge,,,2025-04-26T00:00:00
latimes,Colorado,raid,-104.8216009,38.8353142,,1,"Colorado Springs, Colorado, USA",https://www.latimes.com/world-nation/story/2025-04-27/more-than-100-immigrants-detained-at-an-illegal-after-hours-nightclub-in-colorado,,,Colorado Springs,7237c845-1cbf-4d5b-b9aa-af21574a71f4,More than 100 immigrants detained at an illegal after-hours nightclub in Colorado,,,2025-04-27T00:00:00
pbs.org,PA,policy,-76.8867008,40.2731911,,1,"Harrisburg, PA, USA",https://www.pbs.org/newshour/politics/ice-deported-3-children-who-are-u-s-citizens-their-families-lawyers-say,,,Harrisburg,b382f630-9b87-4fae-8ffd-a66cac564736,"ICE deported 3 children who are U.S. citizens, their families' lawyers say",,,2025-04-27T00:00:00
cbsnews.com,Colorado,arrest,-104.8216009,38.8353142,,1,"Colorado Springs, Colorado, USA",https://www.cbsnews.com/news/dea-over-100-undocumented-immigrants-arrested-colorado-springs-nightclub/,,,Colorado Springs,cff75887-f623-4d71-9dc8-b026891d4008,"DEA says over 100 undocumented immigrants arrested at Colorado Springs ""underground nightclub""",,,2025-04-27T00:00:00
usatoday,,police,-77.0369274,38.9072873,,1,"Washington, DC, USA",https://www.usatoday.com/story/news/politics/2025/04/27/suspect-arrested-theft-kristi-noem-purse/83313347007/,,,Washington,28a26191-8f60-49d1-a440-17b8e336a372,"Suspect arrested for theft of Kristi Noem's purse, ID, cash",,,2025-04-27T00:00:00
alter.net,Wisconsin,detention,-87.9096783,43.0410344,,1,"Milwaukee, Wisconsin, USA",https://www.alternet.org/trump-wisconsin-judge/,,,Milwaukee,135f46b9-a657-4aea-b9bd-34158cf400c1,Trump arrest of Wisconsin judge is about one thing only — and it's not immigration: critics,,,2025-04-27T00:00:00
usatoday,Florida,raid,-81.8605575,26.6409247,,1,"Fort Myers, Florida, USA",https://www.usatoday.com/story/news/nation/2025/04/27/immigration-crackdown-florida-hundreds-arrested/83312616007/,,,Fort Myers,7e7c4ea2-3259-4731-a7d3-b56b00ce2ba9,Immigration sweep in Florida leads to almost 800 arrests,,,2025-04-27T00:00:00
dailykos,California,detention,-117.1610838,32.715738,,1,"San Diego, California, USA",https://www.dailykos.com/story/2025/4/27/2318758/-Life-under-Trump-Migrants-win-asylum-yet-remain-locked-up?pm_campaign=blog&pm_medium=rss&pm_source=,,,San Diego,c4d941f3-3a5f-41b3-b758-7a90b3efb3a2,"Life under Trump: Migrants win asylum, yet remain locked up",,,2025-04-27T00:00:00
cbsnews.com,Florida,detention,-81.7799871,24.5550593,,1,"Key West, Florida, USA",https://www.cbsnews.com/texas/news/wife-of-us-coast-guard-member-arrested-over-expired-visa-after-security-check-for-military-housing/,,,Key West,200ed23a-cee9-4bd4-9bb9-2ad568e31947,U.S. Coast Guardsman's wife arrested in Key West over expired visa after security check for military housing,,,2025-04-26T00:00:00
cnn,Florida,raid,-81.5157535,27.6648274,,1,"Florida, USA",https://www.cnn.com/2025/04/27/us/ice-operation-first-of-its-kind-florida-hnk/index.html,,,Miami,b5637128-59f3-4f9a-8f32-1d4d4ec9fa64,ICE: ‘First-of-its-kind’ operation with local law enforcement leads to nearly 800 immigrant arrests in Florida,,,2025-04-27T00:00:00
dailykos,CA,detention,-117.1610838,32.715738,,1,"San Diego, California, USA",https://www.dailykos.com/stories/2025/4/27/2318758/-Life-under-Trump-Migrants-win-asylum-yet-remain-locked-up?pm_campaign=blog&pm_medium=rss&pm_source=main,,,San Diego,bce52055-5386-4218-aa09-7a5410669343,"Life under Trump: Migrants win asylum, yet remain locked up",,,2025-04-27T00:00:00
cbssnews,New Jersey,detention,-74.2116825,40.663624,,1,"Elizabeth, New Jersey, USA",https://www.cbsnews.com/newyork/news/sen-andy-kim-ice-arrest-karim-daoud-new-jersey/,,,Elizabeth,ab69d596-d7b1-4795-8953-3c641b24fb9a,Sen. Andy Kim says ICE admits detained New Jersey man has no criminal history,,,2025-04-27T00:00:00
cnn,Colorado,raid,-104.8216009,38.8353142,,1,"Colorado Springs, Colorado, USA",https://www.cnn.com/2025/04/27/us/colorado-springs-ice-raid-club/index.html,,,Colorado Springs,3262c7fb-dce6-4c42-8b77-37abb77a29cf,"Over 100 immigrants arrested in raid on underground Colorado nightclub where active-duty military members worked, feds say",,,2025-04-27T00:00:00
townhall,DC,policy,-77.0369274,38.9072873,,1,"Washington, DC, USA",https://townhall.com//tipsheet/mattvespa/2025/04/27/oh-look-who-just-got-busted-for-stealing-dhs-secretary-noems-purse-n2656148,,,Washington,a9cdfa8d-bce0-43cc-8d15-2b2583e1f44a,"Oh, Look Who Just Got Busted for Stealing DHS Secretary Kristi Noem's Purse",,,2025-04-27T00:00:00
jsonline,Wisconsin,protest,-87.9096783,43.0410344,,1,"Milwaukee, WI, USA",https://www.jsonline.com/story/news/local/2025/04/26/protest-outside-fbi-office-slams-milwaukee-judge-hannah-dugans-arrest/83296034007/,,,Milwaukee,b48b943b-769a-40a4-ae84-42d9a7874564,Protest outside FBI office slams Milwaukee judge Hannah Dugan's arrest,,,2025-04-26T00:00:00
redstate,Colorado,raid,-104.8216009,38.8353142,,1,"Colorado Springs, Colorado, USA",https://redstate.com/wardclark/2025/04/27/winning-illegal-aliens-detained-weapons-and-drugs-seized-at-colorado-springs-underground-nightclub-n2188375,,,Colorado Springs,92af5e9a-2c69-4f75-90ec-54e59169c22c,"This Is What We Voted For: Massive Bust of Illegal Aliens, Drugs, and Weapons",,,2025-04-27T00:00:00
newsday,PA,detention,-76.8867008,40.2731911,,1,"Harrisburg, PA, USA",https://www.newsday.com/news/nation/immigration-mothers-deported-g01844,,,Harrisburg,ef77e575-0525-416b-839a-b9afba972968,"ICE deports immigrant mother of an infant and 3 children who are US citizens, lawyers say",,,2025-04-26T00:00:00
nypost,DC,policy,-77.0369274,38.9072873,,1,"Washington, DC, USA",https://nypost.com/2025/04/27/us-news/illegal-migrant-accused-of-snatching-kristi-noems-gucci-bag-identified-serial-criminal/,,,Washington,a1af1a61-e325-4d87-8580-e3d2ec0abf41,Illegal migrant accused of snatching Kristi Noem’s Gucci bag identified serial criminal from Chile,,,2025-04-27T00:00:00
newsday,Florida,detention,-81.7799871,24.5550593,,1,"Key West, Florida, USA",https://www.newsday.com/news/nation/coast-guard-immigration-arrest-navy-ice-f16645,,,Key West,8aa846ed-f628-49f5-8b27-63a19285f019,Wife of US Coast Guard member arrested over expired visa after security check for military housing,,,2025-04-26T00:00:00
usatoday,Texas,detention,-106.4850217,31.7618778,,1,"El Paso, Texas, USA",https://www.usatoday.com/story/news/politics/2025/04/26/texas-judge-venezuela-deportation-tren-de-aragua/83298669007/,,,El Paso,222f7130-51e1-4655-85f7-9f8b0e8a0eb0,Texas federal judge blocks deportations to Venezuela,,,2025-04-26T00:00:00
theguardian,California,policy,-119.4179324,36.778261,,1,"California, USA",https://www.theguardian.com/us-news/ng-interactive/2025/apr/27/chile-trump-pinochet-authoritarianism,,,,f9045e37-e9c4-4d84-944f-39b3ef696474,I used to laugh at my Chilean father’s paranoia about life in the US – not any more,,,2025-04-27T00:00:00
orlandosentinel,Florida,detention,-81.3789269,28.5383832,,1,"Orlando, Florida, USA",https://www.orlandosentinel.com/2025/04/27/ice-detentions-in-central-florida-are-spiking/,,,Orlando,ccf98a0e-48ce-43d7-acc7-742515c46002,ICE detentions in Central Florida are spiking,,,2025-04-27T00:00:00
orlandosentinel,Florida,detention,-80.4891056,25.7542507,,1,"Krome Detention Center, Florida, USA",https://www.orlandosentinel.com/2025/04/27/ice-built-plexiglass-tent-city-in-krome-to-house-hundreds-of-immigrants/,,,Krome,c25b2a18-8709-4439-9023-a00734e9e348,ICE built plexiglass tent city in Krome to house hundreds of immigrants,,,2025-04-27T00:00:00
newsweek,,arrest,-81.5157535,27.6648274,,1,"Florida, USA",https://www.newsweek.com/ice-migrant-arrests-florida-2064726,,,Florida,5be5dd4a-00d5-4774-bcbf-288d16e4424d,"ICE arrests nearly 800 migrants in ""first-of-its-kind"" operation",,,2025-04-27T00:00:00
townhall.com,Wisconsin,protest,-87.9096783,43.0410344,,1,"Milwaukee, Wisconsin, USA",https://townhall.com/tipsheet/rebeccadowns/2025/04/26/did-this-state-democratic-rep-have-the-worst-reaction-to-wisconsin-judges-arrest-n2656135,,,Milwaukee,9bd173ed-fd5b-43c3-8485-511fb9c4e008,Did This State Democratic Rep Have the Worst Reaction to Wisconsin Judge's Arrest?,,,2025-04-26T00:00:00
cnn.com,Florida,detention,-81.7799871,24.5550593,,1,"Key West, Florida, USA",https://www.cnn.com/2025/04/26/us/coast-guard-wife-ice-arrest/index.html,,,Key West,e3d01f90-7e48-4d90-9ce2-7217e0d7aa18,Wife of US Coast Guard member arrested over expired visa after security check for military housing,,,2025-04-26T00:00:00
cbsnews.com,Florida,arrest,-81.7799871,24.5550593,,1,"Key West, Florida, USA",https://www.cbsnews.com/miami/news/wife-of-us-coast-guard-member-arrested-over-expired-visa-after-security-check-for-military-housing/,,,Key West,b2674ada-cd3a-420a-a6d5-77207149efd5,U.S. Coast Guardsman's wife arrested in Key West over expired visa after security check for military housing,,,2025-04-26T00:00:00
dailycaller,Florida,raid,-81.5157535,27.6648274,,1,"Florida, USA",https://dailycaller.com/2025/04/26/dhs-spox-touts-major-success-in-florida-after-nabbing-nearly-800-illegals-in-4-days/,,,unknown,4913f760-1453-4c0d-9d15-ccde905f059c,DHS Spox Touts ‘Major Success’ In Florida After Nabbing Nearly 800 Illegals In 4 Days,,,2025-04-26T00:00:00
bostonglobe,Florida,detention,-81.7799871,24.5550593,,1,"Key West, Florida, USA",https://www.bostonglobe.com/2025/04/26/nation/coast-guard-wife-arrested-expired-visa/,,,Key West,82ccfc74-62ee-4dc6-b934-f31d5c1b08ee,Wife of US Coast Guard member arrested over expired visa after security check for military housing,,,2025-04-26T00:00:00
cbsnews.com,Florida,arrest,-81.7799871,24.5550593,,1,"Key West, Florida, USA",https://www.cbsnews.com/news/wife-of-us-coast-guard-member-arrested-over-expired-visa-after-security-check-for-military-housing/,,,Key West,83371c94-94ae-49fb-9afe-f273a3ccb1d8,U.S. Coast Guardsman's wife arrested in Key West over expired visa after security check for military housing,,,2025-04-26T00:00:00
redstate,Florida,raid,-80.1917902,25.7616798,,1,"Miami, Florida, USA",https://redstate.com/bobhoge/2025/04/26/success-is-best-served-with-iceoperation-tidal-wave-nabs-hundreds-of-illegal-aliens-in-florida-n2188361,,,Miami,de5b0d30-5b6b-4551-944f-d070eca07902,Success Is Best Served With ICE—'Operation Tidal Wave' Nabs Hundreds of Illegal Aliens in Florida,,,2025-04-26T00:00:00
cnn,Louisiana,detention,-91.5208624,30.5190775,,1,"Louisiana, USA",https://www.cnn.com/2025/04/26/us/kseniia-petrova-harvard-detained-ice/index.html,,,Monroe,3c82137b-5a65-45a4-b2ff-e9447c4233a9,Harvard researcher held in Louisiana awaits judge’s decision on deportation to Russia,,,2025-04-26T00:00:00
nbcnews.com,DC,arrest,-77.0369274,38.9072873,,1,"Washington, DC, USA",https://www.nbcnews.com/politics/national-security/man-believed-stolen-dhs-chief-kristi-noems-purse-custody-rcna203176,,,Washington,fa726e61-8533-478e-8e2f-f4407693903b,"Man arrested in theft of DHS chief Kristi Noem's purse is in the U.S. illegally, official says",,,2025-04-27T00:00:00
cbsnews,Louisiana,policy,-80.1917902,25.7616798,,1,"Miami, FL, USA",https://www.cbsnews.com/miami/news/judge-demands-answers-whether-2-year-old-u-s-citizen-deported-to-honduras/,,,New Orleans,ba8ca985-50b8-41e7-9578-b3ee8a38df6c,Judge demands answers on whether 2-year-old U.S. citizen was deported to Honduras,,,2025-04-25T00:00:00
nypost,Florida,raid,-81.5157535,27.6648274,,1,"Florida, USA",https://nypost.com/2025/04/26/us-news/nearly-800-illegal-immigrants-arrested-in-massive-florida-ice-raid/,,,,943e0ab0-ef0f-41e1-85a5-4ecf529f1d79,Nearly 800 illegal immigrants — including convicted killer and suspected terrorist — arrested in massive Florida ICE raid,,,2025-04-26T00:00:00
nypost,Florida,detention,-81.7799871,24.5550593,,1,"Key West, Florida, USA",https://nypost.com/2025/04/26/us-news/wife-of-coast-guard-member-faces-deportation-after-being-arrested-over-expired-visa/,,,Key West,93469ce0-37a6-4242-bc01-3b6f185fcfcf,Wife of Coast Guard member faces deportation after being arrested over expired visa,,,2025-04-26T00:00:00
berkshireeagle,Massachusetts,opinion,-73.21205259999999,42.1792563,,1,"Monterey, Massachusetts, USA",https://www.berkshireeagle.com/opinion/editorials/our-opinion-a-berkshire-residents-wrongful-detainment-underscores-the-danger-of-eroding-due-process/article_339de13b-10f4-4d28-a991-d370fc4af289.html,,,Monterey,4c9a0e7b-412d-41a0-9724-2cf9b3750ea2,Our Opinion: A Berkshire resident's wrongful detainment underscores the danger of eroding due process,,,2025-04-26T00:00:00
mercurynews,Florida,arrest,-81.7799871,24.5550593,,1,"Key West, Florida, USA",https://www.mercurynews.com/2025/04/26/wife-of-us-coast-guard-member-arrested-over-expired-visa-after-security-check-for-military-housing/,,,Key West,0a7b93d2-147f-46af-ac67-53265c6c83be,Wife of US Coast Guard member arrested over expired visa after security check for military housing,,,2025-04-26T00:00:00
mercurynews,Louisiana,detention,-90.07583559999999,29.9508941,,1,"New Orleans, LA, USA",https://www.mercurynews.com/2025/04/26/lawyers-say-that-ice-has-deported-the-mother-of-a-baby-and-a-2-year-old-who-is-a-us-citizen/,,,New Orleans,ceb6ce17-51f0-410f-b831-5b44e0d61d46,Lawyers say that ICE has deported the mother of a baby and a 2-year-old who is a U.S. citizen,,,2025-04-26T00:00:00
townhall.com,Wisconsin,policy,-87.9096783,43.0410344,,1,"Milwaukee, Wisconsin, USA",https://townhall.com//tipsheet/rebeccadowns/2025/04/26/scott-jennings-on-milwaukee-judge-n2656124,,,Milwaukee,f8883564-8d54-428d-875e-5aaf6853404f,"Jennings Offers Telling Reminder About How Media Has Botched Story on Arrest of Judge, 'Maryland Man'",,,2025-04-26T00:00:00
latimes,Maryland,policy,-77.0280731,38.9960671,,1,"Silver Spring, Maryland, USA",https://www.latimes.com/espanol/eeuu/articulo/2025-04-25/surgen-temores-de-etiquetacion-racial-por-politica-de-registro-para-inmigrantes-en-eeuu,,,Silver Spring,6ea61b04-2bfb-4f38-af25-0f02a23ed712,Surgen temores de etiquetación racial por política de registro para inmigrantes en EEUU,,,2025-04-25T00:00:00
courant,Louisiana,detention,-92.80345319999999,31.9231098,,1,"Louisiana, Winnfield, Winn Correctional Center",https://www.courant.com/2026/06/08/immigration-ice-deaths/,,,Winnfield,ed801635-1442-4eff-a06a-40e432babd3b,ICE facility in Louisiana reports its second detainee death in less than 2 months,,,2026-06-08T00:00:00
BostonGlobe,Louisiana,detention,-90.07583559999999,29.9508941,,1,"New Orleans, LA, USA",https://www.bostonglobe.com/2025/04/26/nation/lawyers-ice-deports-immigrant-mother-an-infant-3-children-who-are-us-citizens/,,,New Orleans,e5b92428-9f4a-42ba-85d0-5757d75c7d18,Lawyers: ICE deports immigrant mother of an infant and 3 children who are US citizens,,,2025-04-26T00:00:00
theconversation,,policy,31.0218404,-29.85868039999999,,1,"Durban, South Africa",https://theconversation.com/south-africas-anti-migrant-campaigns-use-the-language-of-democracy-why-thats-dangerous-284370,,,Durban,755539a1-4619-440c-b11f-e9b4f1fc33e1,South Africa’s anti-migrant campaigns use the language of democracy: why that’s dangerous,,,2026-06-08T00:00:00
breitbart.com,Kansas,detention,-94.70496,37.410884,,1,"Pittsburg, Kansas, USA",https://www.breitbart.com/border/2025/04/26/family-says-ice-arrested-mom-at-kansas-city-immigration-interview/,,,Pittsburg,f5391b20-9950-47b4-ab72-2b50bbcb5941,Family Says ICE Arrested Mom at Kansas City Immigration Interview,,,2025-04-26T00:00:00
latimes,,policy,-118.242643,34.0549076,,1,"Los Angeles, CA, USA",https://www.latimes.com/world-nation/story/2025-04-26/ice-deports-the-mother-of-a-breastfeeding-infant-and-a-2-year-old-who-is-a-us-citizen,,,,efd98145-019c-42eb-9d4f-fee46441ddea,"ICE has deported a breastfeeding mother and three children who are U.S. citizens, lawyers say",,,2025-04-26T00:00:00
breitbart,Wisconsin,policy,-87.9096783,43.0410344,,1,"Milwaukee, Wisconsin, USA",https://www.breitbart.com/clips/2025/04/26/border-patrol-adviser-ice-wouldnt-need-to-be-at-courthouse-if-milwaukee-county-let-them-into-the-jail/,,,Milwaukee,6c1fc535-fafa-4f4b-9e48-cab4005e1e14,Border Patrol Adviser: ICE Wouldn't Need to Be at Courthouse if Milwaukee County Let Them Into the Jail,,,2025-04-26T00:00:00
inquisitr,Texas,detention,-98.4945922,29.4251905,,1,"San Antonio, Texas, USA",https://www.inquisitr.com/ice-deports-mother-before-life-saving-surgery-5-year-old-daughter-cries-i-dont-want-you-to-die/,,,San Antonio,21f73cd8-4c4c-44ec-98da-f1994733e0eb,"ICE Deports Mother Before Life-Saving Surgery; 5-Year-Old Daughter Cries, “I Don’t Want You to Die”",,,2026-06-08T00:00:00
theguardian,Wisconsin,arrest,-88.7878678,43.7844397,,1,"Wisconsin, USA",https://www.theguardian.com/us-news/2025/apr/26/wisconsin-judge-hannah-dugan-democrats-republicans,,,Milwaukee,49cd8f40-4201-4856-adc7-40ca53bde2ed,Democrats decry Wisconsin judge’s arrest as Republicans call to remove her,,,2025-04-26T00:00:00
nypost,Wisconsin,policy,-87.9096783,43.0410344,,1,"Milwaukee, Wisconsin, USA",https://nypost.com/2025/04/26/us-news/judge-busted-for-allegedly-helping-illegal-migrant-evade-ice-voted-most-public-trusted-official/,,,Milwaukee,f526c48b-b557-44ef-8c7c-579cb62a2982,Judge busted for allegedly helping illegal migrant evade ICE was once finalist for ‘Most Trusted Public Official’,,,2025-04-26T00:00:00
nypost,WI,detention,-87.9096783,43.0410344,,1,"Milwaukee, Wisconsin, USA",https://nypost.com/2025/04/26/us-news/wisconsin-judge-threatens-to-stop-holding-court-over-judges-arrest-for-allegedly-helping-illegal-migrant-evade-ice/,,,Milwaukee,a7cc0039-5033-4bb4-af9e-5b7ce8256232,"Lefty judge threatens to close court, start raising bail money for defendants after feds arrested Judge Hannah Dugan for allegedly helping illegal migrant avoid ICE",,,2025-04-26T00:00:00
cbsnews,Louisiana,arrest,-90.07583559999999,29.9508941,,1,"New Orleans, Louisiana, USA",https://www.cbsnews.com/texas/news/judge-demands-answers-whether-2-year-old-u-s-citizen-deported-to-honduras/,,,New Orleans,a5f1a54f-dea9-4599-8009-5c07ab48e3e6,Judge demands answers on whether 2-year-old U.S. citizen was deported to Honduras,,,2025-04-25T00:00:00
theguardian,Louisiana,policy,-92.1193012,32.5093109,,1,"Louisiana, USA; New Orleans, LA, USA; Monroe, LA, USA",https://www.theguardian.com/us-news/2025/apr/26/trump-administration-child-deportation,,,Monroe,845e7132-01b6-402c-bfd7-16a638c4a0ee,Trump officials deport two-year-old US citizen and mother of one-year-old girl,,,2025-04-26T00:00:00
npr.org,Wisconsin,policy,-87.9096783,43.0410344,,1,"Milwaukee, WI, USA",https://www.npr.org/2025/04/25/nx-s1-5377422/milwaukee-judge-charged-by-doj,,,Milwaukee,e5610419-0c88-45b5-85a4-168ca3f72155,Milwaukee judge charged by DOJ,,,2025-04-25T00:00:00
msnbc,Louisiana,policy,-91.18714659999999,30.4514677,,1,"Baton Rouge, LA, USA",https://www.msnbc.com/top-stories/latest/2-year-old-toddler-citizen-deported-due-process-honduras-rcna203143,,,Baton Rouge,7542dfdc-88ce-477b-b03d-1689650e6cc6,Judge questions ICE over reported removal of U.S. toddler ‘with no meaningful process’,,,2025-04-26T00:00:00
usatoday,Louisiana,policy,-91.18714659999999,30.4514677,,1,"Baton Rouge, Louisiana, USA",https://www.usatoday.com/story/news/politics/2025/04/26/judge-ice-deported-two-year-old/83293111007/,,,Baton Rouge,9d52d7dc-bd5e-4724-877a-735033a4b483,Judge says ICE deported two-year-old US citizen ‘with no meaningful process’,,,2025-04-26T00:00:00
abcnews.go.com,Louisiana,policy,-90.07583559999999,29.9508941,,1,"New Orleans, Louisiana, USA",https://abcnews.go.com/US/federal-judge-strong-suspicion-2-year-us-citizen/story?id=121182070,,,New Orleans,317077c8-cebe-44e4-9998-b206cae5099a,"Trump administration deported 2-year old US citizen 'with no meaningful process,' judge says",,,2025-04-26T00:00:00
newsbusters.org,Maryland,detention,-76.64127119999999,39.0457549,,1,"Maryland, USA",https://www.newsbusters.org/blogs/nb/clay-waters/2025/04/25/npr-ooze-abrego-garcia-was-just-living-quietly-maryland-his-wife,,,Baltimore,73b8f999-8ba3-40fa-846a-b8097afd7dea,NPR Ooze: Abrego Garcia Was Just 'Living Quietly in Maryland' With His Wife and Kids,,,2025-04-25T00:00:00
abcnews.go.com,Florida,operations,-80.1917902,25.7616798,,1,"Miami, Florida, USA",https://abcnews.go.com/Politics/ice-florida-officials-arrest-750-4-day-operation/story?id=121161606,,,Miami,8af90b0e-7b68-4e80-bd10-81f9db6f6906,"ICE, Florida officials arrest over 750 in 4-day operation",,,2025-04-26T00:00:00
abcnews.go.com,Florida,policy,-80.1917902,25.7616798,,1,"Miami, Florida, USA",https://abcnews.go.com/Politics/trump-administration-restores-status-international-students-after-abrupt/story?id=121197087,,,Miami,65ba3a59-454b-461c-b9f3-95d44a8522dc,Trump administration restores status of international students after abrupt terminations,,,2025-04-26T00:00:00
redstate,Wisconsin,detention,-87.9096783,43.0410344,,1,"Milwaukee, Wisconsin, USA",https://redstate.com/bonchie/2025/04/26/watch-scott-jennings-delivers-perfect-response-to-cnn-hand-wringing-over-judge-dugans-arrest-n2188334,,,Milwaukee,7a312414-da34-42c9-9bd0-e3e197ff07c9,Watch: Scott Jennings Delivers Perfect Response to CNN Hand-Wringing Over Judge Dugan's Arrest,,,2025-04-26T00:00:00
redstate,Wisconsin,policy,-87.9096783,43.0410344,,1,"Milwaukee, Wisconsin, USA",https://redstate.com/sister-toldjah/2025/04/26/another-wisconsin-resistance-member-puts-themselves-in-the-hot-seat-after-judge-dugans-arrest-n2188338,,,Milwaukee,d11454ff-6ece-49b6-821d-1ef276d5d961,Another Wisconsin Resister Warms Up for the FAFO Experience Over Judge Dugan's Arrest,,,2025-04-26T00:00:00
motherjones,Louisiana,detention,-90.07583559999999,29.9508941,,1,"New Orleans, Louisiana, USA",https://www.motherjones.com/politics/2025/04/trump-deportation-two-year-old-us-citizen-cancer-disregard-due-process-new-orleans/,,,New Orleans,c0d35643-0189-4d27-9930-83bc6a84b2ca,Trump’s latest deportation tear includes a 2-year-old and a kid with cancer,,,2025-04-26T00:00:00
newsweek,Florida,detention,-82.45875269999999,27.9516896,,1,"Tampa, Florida, USA",https://www.newsweek.com/mother-1-year-old-married-us-citizen-deported-separated-baby-2064588,,,Tampa,553036a5-2f62-44ed-a0a5-b0b0a5b8e87b,"Mother of 1-year-old Married to US citizen deported, separated from baby",,,2025-04-26T00:00:00
newsbusters.org,WI,opinion,-88.7878678,43.7844397,,1,"Wisconsin, USA",https://www.newsbusters.org/blogs/nb/alex-christy/2025/04/26/brooks-hails-arrested-judges-heroic-civil-disobedience,,,Wisconsin,2a6c7bf9-869b-43f7-8692-4e3dd91cb499,Brooks Hails Arrested Judge's 'Heroic' 'Civil Disobedience',,,2025-04-26T00:00:00
rollingstone,DC,policy,-77.0369274,38.9072873,,1,"Washington, DC, USA",https://www.rollingstone.com/politics/politics-news/trump-judge-shreds-alien-enemies-act-deportation-case-1235325882/,,,Washington,9a02214d-412c-4c35-b5e3-1e04de0661b9,'Wasting Judicial Resources': Judge Shreds Trump Admin's Alien Enemies Act Case,,,2025-04-26T00:00:00
cbsnews,Louisiana,protest,-91.5208624,30.5190775,,1,"Louisiana, USA",https://www.cbsnews.com/news/judge-demands-answers-whether-2-year-old-u-s-citizen-deported-to-honduras/,,,Baton Rouge,a8e2c9af-c50c-47ae-9521-30e669adb78f,Judge demands answers on whether 2-year-old U.S. citizen was deported to Honduras,,,2025-04-25T00:00:00
newsday,New Mexico,policy,-106.7797529,32.3142451,,1,"Las Cruces, New Mexico, USA",https://www.newsday.com/news/nation/new-mexico-judge-arrested-venezuelan-gang-gun-j14868,,,Las Cruces,70d59a4d-d7ac-46fe-a0c2-c183d809fb34,Ex-New Mexico judge arrested in case involving man suspected of being a Venezuelan gang member,,,2025-04-25T00:00:00
newsday,Louisiana,detention,-91.18714659999999,30.4514677,,1,"Baton Rouge, Louisiana, USA; Monroe, Louisiana, USA",https://www.newsday.com/news/nation/immigration-russia-frog-embryo-harvard-n91247,,,Monroe,41d8b817-29e0-4646-958f-e9adca96b724,Harvard researcher held in Louisiana awaits judge's decision on deportation to Russia,,,2025-04-26T00:00:00
arkansasonline.com,Florida,detention,-80.4891056,25.7542507,,1,"Krome Detention Center, Miami, Florida, USA",https://www.arkansasonline.com/news/2025/apr/26/plexiglass-tent-erected-to-ease-overcrowding-of/,,,Miami,0716c42c-7940-4d18-bc26-768af6883eb8,Plexiglass tent erected to ease overcrowding of ICE captives,,,2025-04-26T00:00:00
newsweek,Louisiana,detention,-90.07583559999999,29.9508941,,1,"New Orleans, Louisiana, USA",https://www.newsweek.com/two-year-old-deported-honduras-trump-administration-2064519,,,New Orleans,2bf6fc3a-5dd4-4985-94dd-43df05e2d286,Trump admin. deports 2-year-old US citizen: what to know,,,2025-04-26T00:00:00
npr.org,Louisiana,detention,-91.5208624,30.5190775,,1,"Louisiana, USA",https://www.npr.org/2025/04/26/nx-s1-5378077/honduras-deported-girl-citizen,,,,75f5ca39-8801-42c5-85fa-e056dcbb26b9,U.S. judge says 2-year-old apparently deported to Honduras 'with no meaningful process',,,2025-04-26T00:00:00
arkansasonline,Wisconsin,arrest,-87.9096783,43.0410344,,1,"Milwaukee, Wisconsin, USA",https://www.arkansasonline.com/news/2025/apr/26/judge-faces-charges-in-immigration-case/,,,Milwaukee,56f87e77-51b1-4335-863a-d201ae65b377,Judge faces charges in immigration case,,,2025-04-26T00:00:00
newsday,Wisconsin,detention,-87.9096783,43.0410344,,1,"Milwaukee, Wisconsin, USA",https://www.newsday.com/news/nation/who-is-milwaukee-judge-hannah-dugan-q79622,,,Milwaukee,b931e959-56c1-4142-826c-e6fb094c1867,Who is Milwaukee Judge Hannah Dugan?,,,2025-04-25T00:00:00
abcnews.go.com,LA,detention,-91.5208624,30.5190775,,1,"Louisiana, USA",https://abcnews.go.com/US/russian-researcher-harvard-shocked-completely-detained-ice/story?id=121171001,,,Louisiana,56f9d4bc-1cfe-4a69-94b4-d8d591c0010f,Russian researcher at Harvard says she was 'shocked completely' at being detained by ICE,,,2025-04-25T00:00:00
nbcnews,MA,policy,-71.1056916,42.3666036,,1,"Cambridge, MA, USA",https://www.nbcnews.com/news/us-news/harvard-university-showdown-trump-administration-rcna202468,,,Cambridge,e48e3100-d45c-4e6b-a08f-c1e5f2e360a3,Harvard students and faculty face the fallout from a showdown with Trump,,,2025-04-26T00:00:00
freep,MI,policy,-85.60236429999999,44.3148443,,1,"Michigan, USA",https://www.freep.com/story/news/education/2025/04/25/trump-crackdown-international-students-paused/83275627007/,,,Ann Arbor,be67e031-ff24-4d09-a4f4-361d708cc558,Trump pauses crackdown on international students,,,2025-04-25T00:00:00
cnn,Louisiana,detention,-91.18714659999999,30.4514677,,1,"Baton Rouge, Louisiana, USA",https://www.cnn.com/2025/04/25/us/toddler-deported-honduras-us-citizen-judge/index.html,,,Baton Rouge,cf319b6b-0ba9-4715-b54b-ed71c8c4df00,Federal judge says 2-year-old US citizen appears to have been deported with mother to Honduras,,,2025-04-25T00:00:00
theatlantic,New York,policy,-74.0059728,40.7127753,,1,"New York, NY, USA",https://www.theatlantic.com/politics/archive/2025/04/trumps-cabinet-cosplay/682601/?utm_source=feed,,,New York,e215ccd5-329b-470d-9445-27d2aed01dc4,Trump’s Cosplay Cabinet,,,2025-04-26T00:00:00
dispatch,Ohio,policy,-83.0032218,39.9625112,,1,"Columbus, OH, USA",https://www.dispatch.com/story/news/courts/2025/04/25/federal-judge-donald-trump-administration-must-restore-osu-students-visa-ahwar-sultan-ohio-state/83272181007/,,,Columbus,bbe95b2f-9397-4449-9c9f-2ecdf6fec10b,"Trump must restore Ohio State student's visa, judge rules",,,2025-04-25T00:00:00
thenation,Wisconsin,policy,-87.9096783,43.0410344,,1,"Milwaukee, Wisconsin, USA",https://www.thenation.com/article/society/fbi-arrest-milwaukee-judge-trump/,,,Milwaukee,3c9e5b7e-c84d-4ce6-b049-bf8ee87e562a,The FBI Arrests a Milwaukee Judge in “a Whole New Descent Into Government Chaos”,,,2025-04-25T00:00:00
tampabay.com,Florida,detention,-82.45875269999999,27.9516896,,1,"Tampa, Florida, USA",https://www.tampabay.com/news/2025/04/25/she-showed-up-an-immigration-meeting-tampa-then-got-deported/,,,Tampa,f56f222d-ecea-4594-8714-615e0d5ab360,"She showed up to an immigration meeting in Tampa, then got deported",,,2025-04-25T00:00:00
ajc.com,Georgia,detention,-82.0098375,30.8305102,,1,"Folkston, Georgia, USA",https://www.ajc.com/news/2025/06/am-atl-a-deportation-hub-in-south-georgia/,,,Folkston,2069a203-e041-44bd-85c9-44763dabcb2e,A.M. ATL: A deportation hub in South Georgia,,,2024-04-25T00:00:00
cnn,New Mexico,policy,-106.7797529,32.3142451,,1,"Las Cruces, New Mexico, USA",https://www.cnn.com/2025/04/25/us/new-mexico-judge-arrested-tren-de-aragua/index.html,,,Las Cruces,004d12bc-795c-4d9a-9ec5-62597f8175d2,Former New Mexico judge and wife arrested on charges of tampering with evidence linked to suspected Tren de Aragua member,,,2025-04-25T00:00:00
cbsnews,MN,policy,-94.6858998,46.729553,,1,"Minnesota, USA",https://www.cbsnews.com/minnesota/news/minnesota-international-student-visas-reinstated/,,,Minneapolis,f4b095d8-75ac-4572-b936-af676bb3cd0b,Some international students in Minnesota see visas reinstated after Trump Administration reversal,,,2025-04-25T00:00:00
pbs.org,Wisconsin,detention,-87.9096783,43.0410344,,1,"Milwaukee, Wisconsin, USA",https://www.pbs.org/newshour/show/judge-charged-with-obstructing-immigration-agents-escalating-trumps-fight-with-judiciary,,,Milwaukee,9d3343b5-aff8-40a5-a3b0-527562550e20,"Judge charged with obstructing immigration agents, escalating Trump's fight with judiciary",,,2025-04-25T00:00:00
azcentral,Arizona,policy,-111.9400054,33.4255104,,1,"Tempe, Arizona, USA",https://www.azcentral.com/story/news/local/arizona-education/2025/04/25/asu-students-to-have-visas-reinstated-as-federal-officials-rework-policies/83275855007/,,,Tempe,4a92733f-59fd-4f03-9db5-4cdb7720294b,ASU students to have visas reinstated as feds rework policies,,,2025-04-25T00:00:00
jsonline.com,Wisconsin,protest,-87.9096783,43.0410344,,1,"Milwaukee, Wisconsin, USA",https://www.jsonline.com/story/news/local/2025/04/25/protesters-decry-arrest-of-milwaukee-judge-charged-with-helping-immigrant-evade-ice/83274429007/,,,Milwaukee,0550c189-112b-4f93-b27a-35a6f12f16ad,Protesters decry arrest of Milwaukee judge charged with helping immigrant evade ICE,,,2025-04-25T00:00:00
cbsnews.com,NY,policy,-74.0059728,40.7127753,,1,"New York, NY, USA",https://www.cbsnews.com/newyork/news/rikers-island-ice-office-temporary-block-extended/,,,New York,108557b2-4bc2-45d9-aded-684e8eb431f9,Rikers Island ICE office lawsuit pits mayoral candidates against each other,,,2025-04-25T00:00:00
politicalwire,,detention,-91.5208624,30.5190775,,1,"Louisiana, USA",https://politicalwire.com/2025/04/25/two-year-old-u-s-citizen-deported/,,,Louisiana,d061b4db-4406-45ba-b970-e365da2722d5,Two Year Old U.S. Citizen Deported,,,2025-04-25T00:00:00
jsonline,Wisconsin,arrest,-87.9096783,43.0410344,,1,"Milwaukee, Wisconsin, USA",https://www.jsonline.com/story/news/crime/2025/04/25/milwaukee-man-ran-from-ice-agents-at-courthouse-prosecutors-say/83273338007/,,,Milwaukee,96373702-eee1-4d99-9580-9884fd092ec9,"Milwaukee man ran from ICE agents at courthouse, prosecutors say",,,2025-04-25T00:00:00
jsonline,Wisconsin,arrest,-87.9096783,43.0410344,,1,"Milwaukee, Wisconsin, USA",https://www.jsonline.com/story/news/local/milwaukee/2025/04/25/what-to-know-about-why-federal-authorities-arres-milwaukee-judge-was-arrested-by-federal-authorities/83272090007/,,,Milwaukee,411aba28-c223-4b6a-8421-04c82491dc14,Why did FBI arrest Wisconsin judge Hannah Dugan? Here's what to know,,,2025-04-25T00:00:00
cnn,Wisconsin,policy,-87.9096783,43.0410344,,1,"Milwaukee, Wisconsin, USA",https://www.cnn.com/2025/04/25/politics/wisconsin-judge-trump-aggressive-immigration/index.html,,,Milwaukee,dd0987a6-4918-487f-af02-de4bd8f5eba5,Prosecution of Wisconsin judge underscores Trump administration’s aggressive approach to immigration enforcement,,,2025-04-25T00:00:00
newsweek,Louisiana,detention,-91.18714659999999,30.4514677,,1,"Louisiana, Baton Rouge, USA",https://www.newsweek.com/deported-2-year-old-may-not-have-had-meaningful-legal-process-judge-2064479,,,Baton Rouge,91da16cb-bde6-4534-a12f-83f32d0728ba,"Deported 2-year-old may not have had ""meaningful"" legal process: Judge",,,2025-04-25T00:00:00
hotair,Wisconsin,arrest,-87.9096783,43.0410344,,1,"Milwaukee, Wisconsin, USA",https://hotair.com/david-strom/2025/04/25/my-02-on-the-judicial-insurrection-n3802140,,,Milwaukee,ae9d4355-e103-4edd-9907-e16da0c9a91f,My $.02 on the Judicial Insurrection,,,2025-04-25T00:00:00
jsonline,Wisconsin,policy,-87.9096783,43.0410344,,1,"Milwaukee, Wisconsin, USA",https://www.jsonline.com/story/news/local/2025/04/25/fbi-investigating-allegations-that-milwaukee-judge-helped-an-immigrant-avoid-ice-arrest-dugan/83250128007/,,,Milwaukee,5495a09e-ca4e-428f-9966-826db39e852e,Legal experts troubled by FBI probe of Milwaukee judge over ICE arrest,,,2025-04-25T00:00:00
cbsnews,Pennsylvania,raid,-80.28645089999999,40.7022882,,1,"Rochester, Pennsylvania, USA",https://www.cbsnews.com/pittsburgh/news/immigration-enforcement-raid-arrests-1942-tacos-and-tequila-rochester/,,,Rochester,e9384726-d02d-4f55-b670-0abd8c065090,8 taken into custody during immigration enforcement raid at Beaver County Mexican restaurant,,,2025-04-25T00:00:00
dailycaller,New Mexico,arrest,-106.7797529,32.3142451,,1,"Las Cruces, New Mexico, USA",https://dailycaller.com/2025/04/25/homeland-security-new-mexico-democrat-judge-illegal-migrant/,,,Las Cruces,73d2c129-def1-4b3a-99ee-b25a7c1db588,Homeland Security Hints At New Details About New Mexico Judge Arrest,,,2025-04-25T00:00:00
jsonline,Wisconsin,arrest,-87.9096783,43.0410344,,1,"Milwaukee, Wisconsin, USA",https://www.jsonline.com/story/news/politics/2025/04/25/wisconsin-top-politicians-react-to-milwaukee-judge-arrest-in-ice-case/83273658007/,,,Milwaukee,a622169c-e40f-4796-8910-1c8e175464d3,Wisconsin top politicians react to Milwaukee judge arrest in ICE case,,,2025-04-25T00:00:00
townhall.com,,arrest,-105.0323635,34.9727305,,1,"Wisconsin, USA; New Mexico, USA",https://townhall.com//tipsheet/mattvespa/2025/04/25/how-cnn-reacted-to-the-arrest-of-a-wisconsin-judge-accused-of-trying-to-help-an-illegal-escape-capture-n2656112,,,Wisconsin,c5bcd05e-509c-4f16-bcc3-9e9aba3db532,How CNN Reacted to the Arrest of a Wisconsin Judge Accused of Trying to Help an Illegal Escape Arrest,,,2025-04-25T00:00:00
oann,,arrest,-88.7878678,43.7844397,,1,"Wisconsin, USA",https://www.oann.com/noticias-latinas/arrestan-a-hannah-dugan-jueza-de-wisconsin-por-presuntamente-ayudar-a-migrante-a-evadir-a-ice/,,,Wisconsin,f44de96b-04c6-4359-888f-a9a796008de4,"ARRESTAN A HANNAH DUGAN, JUEZA DE WISCONSIN POR PRESUNTAMENTE AYUDAR A MIGRANTE A EVADIR A ICE",,,2025-04-25T00:00:00
Boston Globe,MA,policy,-71.0565364,42.3555076,,1,"Boston, MA, USA",https://www.bostonglobe.com/2025/04/25/metro/trump-international-students-legal-status-reversal-reactions/,,,Boston,f33a35b1-a747-4616-8838-2aeacaf5c88a,‘This has been chaos’: Stakeholders react to reversal of international students’ status,,,2025-04-25T00:00:00
townhall.com,New Mexico,arrest,-105.0323635,34.9727305,,1,"Wisconsin, USA; New Mexico, USA",https://townhall.com//tipsheet/jeff-charles/2025/04/25/pam-bondi-spills-the-beans-on-judges-arrested-for-shielding-illegal-immigrants-n2656105,,,Doña Ana County,761aaf39-cf08-4c62-9d9b-8f83b0082492,Pam Bondi Divulges the Disturbing Details on Two Judges Arrested for Protecting Illegal Immigrants,,,2025-04-25T00:00:00
bostonglobe,Massachusetts,policy,-71.0565364,42.3555076,,1,"Boston, Massachusetts, USA",https://www.bostonglobe.com/2025/04/25/metro/ice-immigration-surge-massachusetts/,,,Boston,6305de76-7f8b-498e-95e1-3340dc0d3331,Immigrant advocates balk at talk of another enforcement ‘surge’,,,2025-04-25T00:00:00
dailysignal,Wisconsin,police,-87.9096783,43.0410344,,1,"Milwaukee, Wisconsin, USA",https://www.dailysignal.com/2025/04/25/democrats-rally-to-blindly-defend-judge-accused-of-aiding-fugitive-illegal-immigrant/,,,Milwaukee,46808ad9-e406-4e5c-a70a-6c23be3b29fe,Democrats Rally to Blindly Defend Judge Accused of Aiding Fugitive Illegal Immigrant,,,2025-04-25T00:00:00
dailysignal,Wisconsin,detention,-87.9096783,43.0410344,,1,"Milwaukee, Wisconsin, USA",https://www.dailysignal.com/2025/04/25/fbi-arrests-judge-obstructing-ice-arrest/,,,Milwaukee,bc271e5c-b163-4e37-92eb-0bafa4ec4e8b,FBI Arrests Wisconsin Judge for ‘Obstructing’ ICE Arrest,,,2025-04-25T00:00:00
redstate.com,Wisconsin,arrest,-88.7878678,43.7844397,,1,"Wisconsin, USA",https://redstate.com/sister-toldjah/2025/04/25/the-dangerous-tell-in-democrat-statements-on-arrest-of-wisconsin-judge-n2188317,,,Milwaukee,a6c07cfc-31c4-4a47-b137-e58e3543201e,Raskin Watch: Pay Close Attention to the Dangerous 'Tell' in Dem Statements on Arrest of Wisconsin Judge,,,2025-04-25T00:00:00
redstate,Wisconsin,detention,-87.9096783,43.0410344,,1,"Milwaukee, Wisconsin, USA",https://redstate.com/nick-arama/2025/04/25/dems-lose-their-minds-over-arrests-of-judges-jd-vance-finishes-them-with-their-own-words-n2188315,,,Milwaukee,c2974066-693e-4684-b3fe-143f5ea3f9a7,"Dems Lose Their Minds Over Arrests of Judges, JD Vance Finishes One of Them With His Own Words",,,2025-04-25T00:00:00
cbsnews,Wisconsin,arrest,-87.9096783,43.0410344,,1,"Milwaukee, Wisconsin, USA",https://www.cbsnews.com/chicago/video/fbi-arrests-wisconsin-judge-accused-of-helping-man-get-away-from-ice/,,,Milwaukee,684fbd36-3b51-46ee-9636-191b5e18c674,FBI arrests Wisconsin judge accused of helping man get away from ICE,,,2025-04-25T00:00:00
nbcnews,Wisconsin,arrest,-87.9096783,43.0410344,,1,"Milwaukee, Wisconsin, USA",https://www.nbcnews.com/politics/justice-department/hannah-duggan-milwaukee-judge-arrested-fbi-who-is-rcna203066,,,Milwaukee,474987f0-9b6a-4ca4-8ea4-544eb67eae70,"Who is Hannah Dugan, the Milwaukee judge arrested by the FBI?",,,2025-04-25T00:00:00
pjmedia.com,Wisconsin,arrest,-87.9096783,43.0410344,,1,"Milwaukee, Wisconsin, USA",https://pjmedia.com/kevindowneyjr/2025/04/25/its-beginning-to-look-a-lot-like-karma-two-thug-loving-judges-arrested-and-then-it-gets-even-funnier-n4939238,,,Milwaukee,234363eb-2a33-4f70-911e-02bb874f3833,Two Thug-Loving Judges Arrested—and Then It Gets Even Better!,,,2025-04-25T00:00:00
npr.org,DC,policy,-77.0369274,38.9072873,,1,"Washington, DC, USA",https://www.npr.org/2025/04/25/nx-s1-5377610/government-says-for-now-it-will-restore-international-students-status,,,Washington,b81d7227-223e-4db6-9e9f-1304e06be4ee,Government says - for now,,,2025-04-25T00:00:00
theguardian,California,policy,-122.2711639,37.8043514,,1,"Oakland, California, USA",https://www.theguardian.com/us-news/2025/apr/25/student-visa-legal-status-restored,,,Oakland,f9f8e7ba-98d3-4c18-919d-babbfad2da50,US restoring legal status of hundreds of students after abruptly revoking visas,,,2025-04-25T00:00:00
breitbart.com,Florida,opinion,-80.4891056,25.7542507,,1,"Krome Detention Center, Florida, USA",https://www.breitbart.com/politics/2025/04/25/democrat-frederica-wilson-calls-for-uprising-in-streets-to-stop-arrests-deportations-of-illegal-aliens/,,,Miami,f9f7b941-f274-4e02-87f4-2a2984490f74,Dem Frederica Wilson Calls for 'Uprising' in Streets to Stop Trump Agenda,,,2025-04-25T00:00:00
nbcnews,Wisconsin,arrest,-87.9096783,43.0410344,,1,"Milwaukee, Wisconsin, USA",https://www.nbcnews.com/politics/justice-department/fbi-arrests-milwaukee-judge-alleging-interfered-immigration-operation-rcna203006,,,Milwaukee,a7ed8d2e-2c97-4e35-88b1-a86166e8ada6,"FBI arrests Milwaukee judge, alleging she interfered in immigration operation",,,2025-04-25T00:00:00
dailycaller,Wisconsin,arrest,-87.9096783,43.0410344,,1,"Milwaukee, Wisconsin, USA",https://dailycaller.com/2025/04/25/democrat-mayor-complains-for-5-minutes-about-arrest-of-judge-who-allegedly-escorted-illegal-ice/,,,Milwaukee,e912dd25-a86a-4a7e-a495-72eb06c22fb9,Democrat Mayor Complains For 5 Minutes About Arrest Of Judge Who Allegedly Escorted Illegal Away From ICE,,,2025-04-25T00:00:00
nypost,DC,policy,-77.0369274,38.9072873,,1,"Washington, DC, USA",https://nypost.com/2025/04/25/us-news/trump-halts-stripping-visas-from-foreign-students-flagged-in-crime-database/,,,Washington,4003bd27-92a6-470e-b3fc-8efa7cb91c9f,Trump halts stripping visas from foreign students flagged in crime database,,,2025-04-25T00:00:00
dailycaller,Wisconsin,policy,-87.9096783,43.0410344,,1,"Milwaukee, Wisconsin, USA",https://dailycaller.com/2025/04/25/democrats-rally-to-blindly-defend-judge-accused-of-aiding-fugitive-illegal-immigrant/,,,Milwaukee,a82c63c5-53a9-4cdf-b467-22390eaa47cb,Democrats Rally To Blindly Defend Judge Accused Of Aiding Fugitive Illegal Immigrant,,,2025-04-25T00:00:00
pbs.org,Wisconsin,arrest,-87.9096783,43.0410344,,1,"Milwaukee, Wisconsin, USA",https://www.pbs.org/newshour/politics/who-is-hannah-dugan-milwaukee-judge-who-was-arrested,,,Milwaukee,49c5f854-3c7a-4111-96c1-0e22c6371b04,"Who is Hannah Dugan, Milwaukee judge who was arrested?",,,2025-04-25T00:00:00
centralmaine,CA,policy,-122.4194155,37.7749295,,1,"San Francisco, CA, USA",https://www.centralmaine.com/2025/04/25/ice-reversing-termination-of-legal-status-for-international-students-around-us/,,,San Francisco,bf1bb984-8aa1-47ba-9d2d-02f159318d1b,ICE reversing termination of legal status for international students nationwide,,,2025-04-25T00:00:00
newsweek,Wisconsin,arrest,-87.9096783,43.0410344,,1,"Milwaukee, Wisconsin, USA",https://www.newsweek.com/judge-hannah-dugan-arrest-trump-administration-criticized-2064390,,,Milwaukee,7c228c40-db67-4082-8540-c3c63ae0fb7c,FBI arrest of Milwaukee judge sparks alarm from Trump critics,,,2025-04-25T00:00:00
newsweek,New Mexico,detention,-106.7234639,32.485767,,1,"Doña Ana County, New Mexico, USA",https://www.newsweek.com/pam-bondi-new-details-judge-accused-harboring-gang-member-2064424,,,Doña Ana County,e996f186-7b06-4566-adfe-4018827b23f6,Pam Bondi shares new details on judge accused of harboring gang member,,,2025-04-25T00:00:00
breitbart.com,Texas,policy,-99.73128290000001,32.4534878,,1,"Abilene, Texas, USA",https://www.breitbart.com/border/2025/04/25/texas-preschool-teacher-gets-maximum-sentence-for-producing-child-pornography/,,,Abilene,c2e2a573-aed4-4d1c-ab3f-bf612885ebc0,Texas Preschool Teacher Gets Maximum Sentence for Producing Child Pornography,,,2025-04-25T00:00:00
breitbart.com,Ohio,raid,-82.90712300000001,40.4172871,,1,"Ohio, United States",https://www.breitbart.com/immigration/2025/04/25/obama-backed-chinese-factory-in-ohio-imported-illegal-chinese-workforce/,,,Dayton,d8d9e87f-0a20-407a-89bb-fa3196380e86,Obama-Backed Chinese Factory in Ohio Imported Illegal Chinese Workforce,,,2025-04-25T00:00:00
bostonglobe,Wisconsin,policy,-87.9096783,43.0410344,,1,"Milwaukee, Wisconsin, USA",https://www.bostonglobe.com/2025/04/25/nation/milwaukee-judge-hannah-dugan/,,,Milwaukee,954e4a3c-eadd-464b-9b94-dbc167d9f616,Who is Milwaukee Judge Hannah Dugan?,,,2025-04-25T00:00:00
breitbart.com,Georgia,detention,-84.01674229999999,33.9190653,,1,"Gwinnett County, Georgia, USA",https://www.breitbart.com/politics/2025/04/25/migrant-accused-killing-georgia-mother-injuring-her-daughter-hit-run/,,,Gwinnett County,9bb26b8b-fd35-417f-8d2a-14dca9a6cd0e,"Migrant Accused of Killing Georgia Mother, Injuring Her Daughter in Hit-and-Run",,,2025-04-25T00:00:00
breitbart,Wisconsin,arrest,-87.9096783,43.0410344,,1,"Milwaukee, Wisconsin, USA",https://www.breitbart.com/crime/2025/04/25/report-fbi-arrests-judge-who-helped-illegal-migrant-dodge-deportation/,,,Milwaukee,ea85f45f-b0bd-4e87-948e-15e48409fb1c,Report: FBI Arrests Judge Who Helped Illegal Migrant Dodge Deportation,,,2025-04-25T00:00:00
cbsnews.com,Wisconsin,arrest,-87.9096783,43.0410344,,1,"Milwaukee, Wisconsin, USA",https://www.cbsnews.com/minnesota/news/fbi-arrests-wisconsin-judge-obstruction-immigration-case/,,,Milwaukee,2d53ae2f-5e89-4887-a268-6e0a1c124bb7,FBI arrests Wisconsin Judge Hannah Dugan for obstruction in immigration case,,,2025-04-25T00:00:00
hotair,New Mexico,arrest,-106.7797529,32.3142451,,1,"Las Cruces, New Mexico, USA",https://hotair.com/tree-hugging-sister/2025/04/25/when-tren-de-aragua-comes-to-stay-fbi-hauls-nm-judge-and-wife-away-n3802127,,,Las Cruces,678878ff-a818-480f-a3c9-a2042819680d,When Tren de Aragua Comes to Stay? FBI Hauls NM Judge and Wife Away,,,2025-04-25T00:00:00
hotair,Wisconsin,detention,-87.9096783,43.0410344,,1,"Milwaukee, Wisconsin, USA",https://hotair.com/john-s-2/2025/04/25/another-judge-arrested-for-obstructing-an-immigration-arrest-n3802135,,,Milwaukee,c322cb6f-5782-4e44-b821-30f1ac5f0b7f,"Another Judge Arrested, This Time for Obstructing an ICE Arrest (Update)",,,2025-04-25T00:00:00
chicagotribune,Wisconsin,arrest,-87.9096783,43.0410344,,1,"Milwaukee, Wisconsin, USA",https://www.chicagotribune.com/2025/04/25/fbi-arresta-a-jueza-de-milwaukee-acusada-de-ayudar-a-un-hombre-a-evadir-a-autoridades-migratorias/,,,Milwaukee,b07d53ff-34f9-4c65-8745-e89650eb29f4,FBI arresta a jueza de Milwaukee acusada de ayudar a un hombre a evadir a autoridades migratorias,,,2025-04-25T00:00:00
talkingpointsmemo,Wisconsin,arrest,-87.9096783,43.0410344,,1,"Milwaukee, Wisconsin, USA",https://talkingpointsmemo.com/news/fbi-stages-courthouse-arrest-of-wisconsin-judge,,,Milwaukee,f2960caf-b07e-4edf-bd0c-4fc9a84ab314,FBI Stages Courthouse Arrest of Wisconsin Judge,,,2025-04-25T00:00:00
pbs.org,WI,arrest,-87.9096783,43.0410344,,1,"Milwaukee, Wisconsin, USA",https://www.pbs.org/newshour/politics/read-the-full-criminal-complaint-against-a-milwaukee-judge-accused-of-helping-man-evade-immigration-authorities,,,Milwaukee,f9bf33f8-61d8-4b3e-8b42-9481d57fda11,Read the full criminal complaint against a Milwaukee judge accused of helping man evade immigration authorities,,,2025-04-25T00:00:00
cbsnews,Maryland,detention,-76.6104072,39.2905023,,1,"Baltimore, Maryland, USA",https://www.cbsnews.com/baltimore/news/kilmar-abrego-garcia-el-salvador-deported-timeline-ms13/,,,Baltimore,668d3a58-f6cb-4167-b1ed-ac69c9bf348d,A timeline of the Abrego Garcia case resulting from the Maryland man's mistaken deportation to El Salvador,,,2025-04-24T00:00:00
inquirer,Wisconsin,arrest,-87.9096783,43.0410344,,1,"Milwaukee, WI, USA",https://www.inquirer.com/politics/nation/fbi-director-kash-patel-milwaukee-judge-hannah-dugan-arrested-immigration-20250425.html,,,Milwaukee,2d7024bd-3d0c-4715-bf82-ef1af50fed49,Milwaukee Judge Hannah Dugan is accused of helping a man evade immigration agents and is arrested,,,2025-04-25T00:00:00
theintercept,Wisconsin,policy,-87.9096783,43.0410344,,1,"Milwaukee, Wisconsin, USA",https://theintercept.com/2025/04/25/judge-arrest-trump-immigrants-deport/,,,Milwaukee,91880bd6-1bea-47dd-9ba0-4efde9768dce,Judges Are Slowing Down Trump’s Fascist Deportation Regime. Now He’s Arresting Them For It.,,,2025-04-25T00:00:00
cbsnews.com,Arizona,policy,-111.6559353,33.3089787,,1,"Mesa Gateway Airport, Phoenix, Arizona, USA",https://www.cbsnews.com/news/ice-deportation-flights-avelo-airlines/,,,Phoenix,a4e27830-8ab4-462b-9470-44a211aaa286,Budget carrier Avelo Airlines has an expansion plan — deport migrants for ICE,,,2025-04-25T00:00:00
sandiegouniontribune,Florida,detention,-80.1917902,25.7616798,,1,"Miami, Florida, USA",https://www.sandiegouniontribune.com/2025/04/25/immigration-detention-centers/,,,Miami,dcac8dd4-87ac-4f0c-99d5-e593e3645d2b,"As immigrant arrests surge, complaints of abuse mount at America’s oldest detention center in Miami",,,2025-04-25T00:00:00
azcentral,Arizona,policy,-112.0725488,33.4482948,,1,"Phoenix, Arizona, USA",https://www.azcentral.com/story/news/local/phoenix-education/2025/04/25/tom-horne-criticizes-phoenix-school-board-rejecting-police-grant/83253781007/,,,Phoenix,8fca67dc-91b5-49b9-8e16-1ee4b482f73f,Tom Horne criticizes Phoenix school board's rejection of police grant,,,2025-04-25T00:00:00
chicagotribune,Wisconsin,arrest,-87.9096783,43.0410344,,1,"Milwaukee, Wisconsin, USA",https://www.chicagotribune.com/2025/04/25/who-is-milwaukee-judge-hannah-dugan/,,,Milwaukee,11ca41ec-ec0b-4cd8-a3a5-b99f48cc8651,Who is Milwaukee Judge Hannah Dugan?,,,2025-04-25T00:00:00
cbsnews,AZ,policy,-111.6559353,33.3089787,,1,"Mesa Gateway Airport, Phoenix, AZ, USA",https://www.cbsnews.com/losangeles/news/ice-deportation-flights-avelo-airlines/,,,Phoenix,af9a9070-c171-428e-af2f-864b431f229d,Budget carrier Avelo Airlines has an expansion plan — deport migrants for ICE,,,2025-04-25T00:00:00
theguardian,Georgia,detention,-84.7990901,32.0509895,,1,"Lumpkin, Georgia, USA",https://www.theguardian.com/us-news/2025/apr/25/ice-immigration-detention,,,Lumpkin,06d50c7c-c875-49a4-83aa-8b82d37201cc,Disabled people detained by Ice sound alarm over overcrowded jails,,,2025-04-25T00:00:00
chicagotribune,Illinois,policy,-87.6323879,41.88325,,1,"Chicago, IL, USA",https://www.chicagotribune.com/2025/04/25/afternoon-briefing-time-travel-story-chicago-bar/,,,Chicago,8b3055ab-adfc-40ad-baed-c24a3e0dc670,Afternoon Briefing: A time travel story set in a Chicago bar,,,2025-04-25T00:00:00
theguardian,,detention,-91.5208624,30.5190775,,1,"Louisiana, USA",https://www.theguardian.com/us-news/2025/apr/25/trump-tufts-rumeysa-ozturk-ice,,,Louisiana,024be446-2346-4594-949f-0ed11270c3f4,Democratic lawmakers call for release of Tufts student from Ice detention,,,2025-04-25T00:00:00
usatoday,Florida,detention,-85.8885797,30.2282283,,1,"Panama City Beach, Florida, USA",https://www.usatoday.com/story/news/nation/2025/04/25/ice-agent-impersonate-kidnapping-florida-woman/83271541007/,,,Panama City Beach,0acb68f2-cabc-4945-9d8b-c31f751911ba,Florida woman accused of impersonating ICE to kidnap ex's wife,,,2025-04-25T00:00:00
nbcnews,Louisiana,detention,-91.5208624,30.5190775,,1,"Louisiana, USA",https://www.nbcnews.com/news/us-news/columbia-student-mahmoud-khalil-was-detained-arrest-warrant-trump-admi-rcna202946,,,,3b63a00d-ae3f-4a9b-acd7-ada45b169b18,"Columbia student Mahmoud Khalil was detained without an arrest warrant, Trump administration says",,,2025-04-25T00:00:00
msnbc,Wisconsin,arrest,-87.9096783,43.0410344,,1,"Milwaukee, Wisconsin, USA",https://www.msnbc.com/rachel-maddow-show/maddowblog/fbi-arrests-judge-wisconsin-ag-pam-bondi-directs-new-threats-judiciary-rcna203061,,,Milwaukee,17965e55-7432-4582-90a4-8ff238563c3d,"As FBI arrests judge in Wisconsin, AG Pam Bondi directs new threats at the judiciary",,,2025-04-25T00:00:00
latimes,Wisconsin,detention,-87.9096783,43.0410344,,1,"Milwaukee, Wisconsin, USA",https://www.latimes.com/world-nation/story/2025-04-25/federal-officials-arrest-a-milwaukee-judge-accused-of-obstructing-an-immigration-arrest,,,Milwaukee,fbe37208-fc9e-4886-b70b-fc02bb174c4f,Federal officials arrest a Milwaukee judge accused of obstructing an immigration arrest,,,2025-04-25T00:00:00
pilotonline,DC,policy,-77.0369274,38.9072873,,1,"Washington, DC, USA",https://www.pilotonline.com/2026/06/08/irs-ice-agreement/,,,Washington,dded5001-5e95-41b7-b89c-db29c03a82ca,A watchdog report flags security risks in the IRS-ICE taxpayer data-sharing deal,,,2026-06-08T00:00:00
deadspin,Florida,policy,-80.1917902,25.7616798,,1,"Miami, Florida, USA",https://deadspin.com/world-cup-referee-from-somalia-denied-entry-to-us/,,,Miami,90b8a667-d356-4cf6-a352-96445fc9e80c,World Cup referee from Somalia denied entry to U.S,,,2026-06-08T00:00:00
ms-now,California,policy,-118.242643,34.0549076,,1,"Los Angeles, California, USA",https://www.ms.now/news/nithya-raman-advances-la-mayors-race-bass,,,Los Angeles,2cfdd762-ce79-41e1-a30e-dacc5a584aa8,"Raman to advance in Los Angeles mayor’s race, taking on Bass in November",,,2026-06-08T00:00:00
dailycaller,TX,policy,-99.9018131,31.9685988,,1,"Texas, USA",https://dailycaller.com/2026/06/08/james-talarico-border-chaos-immigration-biden/,,,Dallas,3b0cf62b-9928-4f6e-b0ee-619b6445cda6,James Talarico Calls Biden's Border 'Utter Chaos' In Attempted Immigration Rebrand,,,2026-06-08T00:00:00
chron,Louisiana,detention,-91.5208624,30.5190775,,1,"Louisiana, USA",https://www.chron.com/news/article/ice-facility-in-louisiana-reports-its-second-22296457.php,,,Winnfield,bebc121b-f72f-43a1-974c-7be277da22b4,ICE facility in Louisiana reports its second detainee death in less than 2 months,,,2026-06-08T00:00:00
inquirer.com,PA,policy,-75.1652215,39.9525839,,1,"Philadelphia, PA, USA",https://www.inquirer.com/news/trump-student-visas-penn-temple-restored-20250425.html,,,Philadelphia,3ce89984-8bcd-4e8d-81b3-0de7c419ad30,"Trump administration drops effort to revoke student visas, attorneys say, restoring study permission in Philly and elsewhere",,,2025-04-25T00:00:00
cnn,Wisconsin,detention,-87.9096783,43.0410344,,1,"Milwaukee, Wisconsin, USA",https://www.cnn.com/2025/04/25/politics/fbi-director-wisconsin-judge-arrested/index.html,,,Milwaukee,6874d092-ac6f-4cd9-bdb7-21308bcc7c26,Wisconsin judge arrested and charged in federal court for allegedly obstructing immigration agents,,,2025-04-25T00:00:00
newsbusters.org,Maryland,protest,-76.9105483,38.6265124,,1,"Waldorf, Maryland, USA",https://www.newsbusters.org/blogs/nb/jorge-bonilla/2025/04/25/legacy-network-newscasts-silent-latest-murderous-maryland-man,,,Waldorf,2d68e77d-48a7-4878-b4bc-562026214d4d,‘Legacy’ Network Newscasts SILENT on Latest Murderous ‘Maryland Man’,,,2025-04-25T00:00:00
abcnews.go.com,Wisconsin,arrest,-87.9096783,43.0410344,,1,"Milwaukee, Wisconsin, USA",https://abcnews.go.com/US/judge-hannah-dugan-arrested-fbi-allegedly-helping-undocumented/story?id=121161497,,,Milwaukee,e465dd7f-c3ab-43f0-93e3-54eff978aa01,Judge Hannah Dugan arrested by FBI for allegedly helping undocumented immigrant 'evade arrest',,,2025-04-25T00:00:00
twincities,Florida,detention,-80.1917902,25.7616798,,1,"Miami, Florida, USA",https://www.twincities.com/2025/04/25/immigration-detention-centers/,,,Miami,735720df-a489-4076-972a-448fc36a5b8f,"As immigrant arrests surge, complaints of abuse mount at America’s oldest detention center in Miami",,,2025-04-25T00:00:00
theverge,Wisconsin,detention,-87.9096783,43.0410344,,1,"Milwaukee, Wisconsin, USA",https://www.theverge.com/policy/656261/judge-arrested-trump-ice-obstruction-of-justice,,,Milwaukee,f485b71b-66d5-485d-8e99-7c9767ca2bbc,The FBI arrested a sitting judge for ‘obstruction of justice’,,,2025-04-25T00:00:00
latimes,California,policy,-119.4179324,36.778261,,1,"California, USA",https://www.latimes.com/california/story/2025-04-25/federal-judge-in-california-bars-trump-from-denying-federal-funds-to-sanctuary-cities,,,San Francisco,832ddf2f-203f-4031-9ad8-920efc7651e5,Federal judge in California bars Trump from denying funds to 'sanctuary' cities,,,2025-04-25T00:00:00
cnn,,policy,-77.0369274,38.9072873,,1,"Washington, DC, USA",https://www.cnn.com/2025/04/25/politics/doge-building-master-database-immigration/index.html,,,,888b4f98-c99c-40de-aed1-2ee38814da0d,"Elon Musk’s DOGE team is building a master database for immigration enforcement, sources say",,,2025-04-25T00:00:00
vanityfair,,arrest,-88.7878678,43.7844397,,1,"Wisconsin, USA",https://www.vanityfair.com/news/story/kash-patel-fbi-arrest-wisconsin-judge,,,Wisconsin,905eee8d-7a6c-4931-9679-251404509b36,"So, Kash Patel and the FBI Are Locking Up Judges Now",,,2025-04-25T00:00:00
abcnews.go.com,New York,arrest,-74.0059728,40.7127753,,1,"New York, NY, USA",https://abcnews.go.com/US/ice-warrant-agents-detained-mahmoud-khalil-court-filing/story?id=121141616,,,New York,51f9b720-c972-4da6-8f97-71f842407170,ICE did not have warrant when agents detained Mahmoud Khalil: Court filing,,,2025-04-24T00:00:00
motherjones.com,Wisconsin,arrest,-87.9096783,43.0410344,,1,"Milwaukee, Wisconsin, USA",https://www.motherjones.com/politics/2025/04/fbi-arrests-wisconsin-judge-hannah-dugan-ice-trump/,,,Milwaukee,dc01facb-98c7-44b7-825c-e18328bfc94d,"FBI arrests judge, in dangerous escalation of immigration enforcement",,,2025-04-25T00:00:00
staradvertiser,Wisconsin,arrest,-87.9096783,43.0410344,,1,"Milwaukee, Wisconsin, USA",https://www.staradvertiser.com/2025/04/25/breaking-news/milwaukee-judge-arrested-for-allegedly-obstructing-ice-operation/,,,Milwaukee,8a1d7809-0a4e-4e08-8206-9f741d065b17,Milwaukee judge arrested for allegedly obstructing ICE operation,,,2025-04-25T00:00:00
bostonglobe,Wisconsin,arrest,-87.9096783,43.0410344,,1,"Milwaukee, WI, USA",https://www.bostonglobe.com/2025/04/25/nation/judge-arrested-ice-milwaukee-immigration-courthouse/,,,Milwaukee,f53409ac-36d6-4bd0-acdb-db0d6142dd08,FBI arrests a Milwaukee judge accused of helping a man evade immigration authorities,,,2025-04-25T00:00:00
propublica.org,Connecticut,policy,-73.087749,41.6032207,,1,"Connecticut, USA",https://www.propublica.org/article/avelo-airlines-ice-air-connecticut,,,,803e34e7-802f-496b-b04f-f3a140e48e79,ICE Air Has a New Contractor. This State Is Asking How It Will Protect the Detainees on Board.,,,2025-04-25T00:00:00
bostonglobe,New York,policy,-74.0059728,40.7127753,,1,"New York, NY, USA",https://www.bostonglobe.com/2025/04/22/nation/mahmoud-khalil-denied-release-birth-of-son/,,,New York,6eda10fd-18a6-448f-a88b-299d921fa220,Mahmoud Khalil’s wife gives birth after ICE denies Columbia activist’s plea for temporary release,,,2025-04-22T00:00:00
msnbc.com,Arizona,policy,-112.0725488,33.4482948,,1,"Phoenix, AZ, USA",https://www.msnbc.com/opinion/msnbc-opinion/laura-loomer-maga-vigilante-immigrants-kristi-noem-rcna201646,,,Phoenix,1efda702-76bb-4405-a848-e966ebf88ab8,Laura Loomer wants you to snitch on your immigrant neighbors,,,2025-04-22T00:00:00
pilotonline,New York,detention,-74.0059728,40.7127753,,1,"New York, NY, USA",https://www.pilotonline.com/2025/04/22/mahmoud-khalil-wife-gives-birth/,,,New York,d1ba040c-775b-4082-a12c-5c3b8f8b99bd,Mahmoud Khalil’s wife gives birth after ICE denies Columbia activist’s plea for temporary release,,,2025-04-22T00:00:00
vice.com,Hawaii,policy,-157.8581401,21.3098845,,1,"Honolulu, Hawaii, USA",https://www.vice.com/en/article/u-s-jails-and-deports-german-teens-over-suspicious-vacation/,,,Honolulu,11d19946-b925-447a-a980-614a0ae43bda,U.S. Jails and Deports German Teens Over 'Suspicious' Vacation,,,2025-04-22T00:00:00
ocregister,New Jersey,detention,-99.2004463,28.6579378,,1,"Newark, New Jersey, USA; Dilley, Texas, USA; United States",https://www.ocregister.com/2025/04/22/for-profit-detention-centers/,,,Newark,6dd3da96-ad2d-44a3-98c7-d7ddd6c0cbfd,For-profit immigration detention expands as Trump accelerates his deportation plans,,,2025-04-22T00:00:00
bostonglobe,Rhode Island,arrest,-71.4127462,41.8244836,,1,"Providence, Rhode Island, USA",https://www.bostonglobe.com/2025/04/22/metro/venezuelan-immigrant-resisting-arrest-ice-officers-providence-ri/,,,Providence,5a851931-4898-4d1a-9664-3963e171ba4b,Venezuelan immigrant pleads guilty to resisting ICE arrest in Providence,,,2025-04-22T00:00:00
ocregister,LA,policy,-91.5208624,30.5190775,,1,"Louisiana, USA",https://www.ocregister.com/2025/04/18/trump-administration-immigration-detention-expansion/,,,Jena,032049dc-b196-4799-ae41-aa338e826800,Trump administration seeks explosive expansion of nation’s immigration detention system,,,2025-04-18T00:00:00
pilotonline,Louisiana,policy,-91.5208624,30.5190775,,1,"Louisiana, USA",https://www.pilotonline.com/2025/04/18/trump-administration-immigration-detention-expansion/,,,Jena or JENA,2aafff11-5ea3-4d9f-b52f-bdbfc827561f,Trump administration seeks explosive expansion of nation’s immigration detention system,,,2025-04-18T00:00:00
courant.com,Connecticut,policy,-73.087749,41.6032207,,1,"Connecticut, USA",https://www.courant.com/2025/04/18/fear-grows-on-ct-campuses-as-students-face-deportation-people-are-feeling-panic/,,,,66c450bd-a95f-407d-ac4b-c6b7cf9d7ac0,Fear grows on CT campuses as students face deportation. ‘People are feeling panic’,,,2025-04-18T00:00:00
bostonglobe,Texas,policy,-106.4057941,31.7954425,,1,"Fort Bliss Army Base, Texas, USA",https://www.bostonglobe.com/2025/04/18/nation/trump-administration-immigration-detention-system-expansion/,,,Fort Bliss,ec346e20-b822-455a-855d-a990e53de80c,Trump administration seeks explosive expansion of nation’s immigration detention system,,,2025-04-18T00:00:00
dailysignal,Colorado,policy,-104.990251,39.7392358,,1,"Denver, Colorado, USA",https://www.dailysignal.com/2025/04/18/denvers-sanctuary-policies-leave-colorado-vulnerable-and-cost-taxpayers-millions/,,,Denver,05122dc2-7377-40c7-a47e-2c6161d5cecd,Denver’s Sanctuary Policies Leave Colorado Vulnerable and Cost Taxpayers Millions,,,2025-04-18T00:00:00
usatoday,Florida,policy,-81.3789269,28.5383832,,1,"Orlando, Florida, USA",https://www.usatoday.com/story/news/nation/2026/06/08/southern-baptists-weigh-ban-women-pastors/90411658007/,,,Orlando,c37738ba-4b15-455a-a76d-fb43ff2b84ff,Should Southern Baptist women be pastors? Battle reignites,,,2026-06-08T00:00:00
chicagotribune,Illinois,policy,-87.6323879,41.88325,,1,"Chicago, IL, USA",https://www.chicagotribune.com/2026/06/08/chicago-parking-meter-deal-aldermen-sale/,,,Chicago,c3cc700c-6381-4229-ab1c-e7ef1b801ef1,A shot to fix Chicago’s parking meter deal? Aldermen test chances amid sale.,,,2026-06-08T00:00:00
thedailybeast,Arizona,policy,-110.9741769,32.2539787,,1,"Tucson, Arizona, USA",https://www.thedailybeast.com/savannah-guthrie-shares-heartbreaking-update-on-missing-mom-nancy/,,,Tucson,03a8c1d7-09c4-46d9-9dc8-1fb609bda51e,Savannah Guthrie Shares Heartbreaking Update on Missing Mom,,,2026-06-08T00:00:00
inquirer,Florida,policy,-80.1917902,25.7616798,,1,"Miami, Florida, USA",https://www.inquirer.com/wires/ap/somali-referee-world-cup-is-denied-entry-into-united-states-20260608.html,,,Miami,fed05e93-d8ed-4506-b1f2-fbc4bff4ccb4,Somali referee for World Cup is denied entry into the United States,,,2026-06-08T00:00:00
newsday,Louisiana,detention,-92.6395931,31.9254413,,1,"Winnfield, Louisiana, USA",https://www.newsday.com/news/nation/ice-detainee-death-winn-m93651,,,Winnfield,711220e7-dedd-47a7-a994-a8ec777e45f0,ICE facility in Louisiana reports its second detainee death in less than 2 months,,,2026-06-08T00:00:00
dailycaller,New York,detention,-73.9625727,40.8075355,,1,"Columbia University, New York, NY, USA",https://dailycaller.com/2025/04/15/scott-jennings-tears-into-crazy-cnn-panelist-who-claims-republicans-like-white-supremacists/,,,New York,42769706-a304-401f-b5aa-b0265fe557a8,‘You Sound Unhinged’: Scott Jennings Tears Into ‘Crazy’ CNN Panelist Who Claims Republicans Like White Supremacists,,,2025-04-15T00:00:00
denverpost,Colorado,detention,-104.8319195,39.7294319,,1,"Aurora, Colorado, USA",https://www.denverpost.com/2025/04/15/colorado-deportation-venezuela-ice-detention-facility-aurora-immigration/,,,Aurora,e4baa4eb-bdc9-4716-92a6-c8154bbebdfb,"Detained in Aurora while his son was born, a migrant recounts recent deportation back to Venezuela",,,2025-04-15T00:00:00
dailycaller,Maryland,policy,-76.34829309999999,39.5359406,,1,"Bel Air, Maryland, USA",https://dailycaller.com/2025/04/15/rachel-morins-killer-convicted-murder/,,,Bel Air,54b7e166-bd41-4701-ad32-414c1b9031a3,"Illegal Migrant Convicted Of Raping, Murdering Maryland Mother Of Five",,,2025-04-15T00:00:00
inquisitr,Vermont,arrest,-73.1636932,44.5516209,,1,"Colchester, Vermont, USA",https://www.inquisitr.com/palestinian-activist-mohsen-mahdawi-lured-by-ice-for-citizenship-interview-then-arrested-without-warning,,,Colchester,b75ceca2-8575-42a5-b6fb-7a9d780c014b,Palestinian Activist Mohsen Mahdawi Lured by ICE for Citizenship Interview—Then Arrested Without Warning,,,2025-04-15T00:00:00
newsweek,New York,detention,-74.0059728,40.7127753,,1,"New York, NY, USA",https://www.newsweek.com/merwil-gutierrez-ice-wrong-teen-el-salvador-2059783,,,New York,c6a2cbf9-0961-4d3d-91eb-6a0573bd34b6,"ICE realize they arrested wrong teen, say 'take him anyway'",,,2025-04-15T00:00:00
cnn,,detention,-77.0369274,38.9072873,,1,"Washington, DC, USA",https://www.cnn.com/2025/04/15/us/video/mohsen-mahdawi-columbia-palestinian-student-detention-digvid,,,,ad8ed4b1-d77a-44d9-ac50-c9822072e87d,Video shows Palestinian student leader at Columbia taken into ICE custody,,,2025-04-15T00:00:00
cnn,Vermont,detention,-73.1636932,44.5516209,,1,"Colchester, Vermont, USA",https://www.cnn.com/2025/04/14/us/mohsen-mahdawi-columbia-university-trump/index.html,,,Colchester,b2e49f89-5bb1-441e-96e6-3684dbc75d5f,A Palestinian student leader at Columbia was steps away from his final citizenship interview. He instead faces deportation,,,2025-04-14T00:00:00
nbcnews,,arrest,-77.0369274,38.9072873,,1,"Washington, DC, USA",https://www.nbcnews.com/politics/national-security/justice-department-drops-charges-man-called-top-ms-13-gang-leader-rcna200788,,,,004ad2c4-81f7-4211-9eab-5cbcc41e0819,Justice Department drops charges against man it called a top MS-13 gang leader,,,2025-04-11T00:00:00
breitbart,,policy,-106.5348379,38.7945952,,1,United States,https://www.breitbart.com/politics/2025/04/10/nearly-400-local-police-depts-sign-up-to-help-dhs-arrest-criminal-illegals-since-trump-inauguration/,,,,ea94cb85-05c7-4907-92d0-3b49e1b93c32,Nearly 400 Local Police Depts Sign Up to Help DHS Arrest Criminal Illegals,,,2025-04-10T00:00:00
breitbart.com,New Jersey,policy,-74.1744671,40.7315293,,1,"Newark, New Jersey, USA",https://www.breitbart.com/politics/2025/04/10/black-americans-throw-support-behind-massive-migrant-detention-facility-that-democrats-seek-to-shut-down/,,,Newark,74e26561-52a4-431a-aaa3-3bcc9165573f,Black Americans Throw Support Behind Massive Migrant Detention Facility,,,2025-04-10T00:00:00
breitbart.com,Virginia,policy,-77.2405153,38.74389439999999,,1,"Fairfax County, Virginia, USA",https://www.breitbart.com/immigration/2025/04/07/fairfax-county-ripped-for-lenient-deal-for-illegal-migrant-accused-of-strangling-woman/,,,Fairfax,44bf3ba8-9bdd-4220-b0b8-188504806711,Fairfax County Ripped for Lenient Deal for Illegal Migrant Accused of Strangling Woman,,,2025-04-07T00:00:00
hotair,NY,protest,-73.9625727,40.8075355,,1,"Columbia University, 116th Street and Broadway, New York, NY, USA",https://hotair.com/john-s-2/2025/04/07/columbia-is-finally-taking-a-harder-line-against-student-activists-n3801547,,,New York,60343143-69e6-4164-a742-3784124100a3,Columbia is Finally Taking a Harder Line Against Student Activists,,,2025-04-07T00:00:00
latimes,Florida,policy,-80.1917902,25.7616798,,1,"Miami, Florida, USA",https://www.latimes.com/espanol/deportes/articulo/2026-06-08/arbitro-somali-no-arbitrara-en-el-mundial-despues-de-que-se-le-negara-la-entrada-estados-unidos,,,Miami,b4a9bf5d-8cab-496d-ba57-6dc1d65c9b5b,Árbitro somalí no arbitrará en el Mundial después de que se le negara la entrada a Estados Unidos,,,2026-06-08T00:00:00
cbsnews.com,California,policy,-118.242643,34.0549076,,1,"Los Angeles, California, USA",https://www.cbsnews.com/news/los-angeles-mayor-election-bass-raman-pratt-2026/,,,Los Angeles,f57f6b2e-bb7a-4773-bd68-d0a81a7fe8fe,"Nithya Raman defeats Spencer Pratt to face Karen Bass in LA mayoral election, CBS News projects",,,2026-06-08T00:00:00
breitbart.com,California,policy,-118.242643,34.0549076,,1,"Los Angeles, California, USA",https://www.breitbart.com/sports/2026/06/08/ice-free-zone-demanded-by-striking-workers-threatens-l-a-s-first-fifa-world-cup-game/,,,Los Angeles,095e7c24-d551-45a7-a5c9-c32e3362c4c4,ICE-Free Zone Demanded by Striking Workers Threatens L.A.'s FIFA World Cup Game,,,2026-06-08T00:00:00
nbcnews,Florida,policy,-80.1917902,25.7616798,,1,"Miami, Florida, USA",https://www.nbcnews.com/sports/soccer/somali-referee-world-cup-denied-us-entry-rcna349108,,,Miami,f11d4ecd-49f1-492f-b6a6-c31cc37bbcba,Somali referee won’t officiate in World Cup after being denied U.S. entry,,,2026-06-08T00:00:00
thedailybeast,NY,arrest,-74.0059728,40.7127753,,1,"New York, NY, USA",https://www.thedailybeast.com/stabbing-at-new-york-citys-penn-station-leaves-5-injured/,,,New York,cc5009c1-237c-4bae-9739-e073feea5809,Stabbing at Penn Station Leaves 5 Injured,,,2026-06-08T00:00:00
denverpost,Maryland,policy,-76.64127119999999,39.0457549,,1,"Maryland, USA",https://www.denverpost.com/2025/04/02/maryland-deportation-error-outrage/,,,,8794371a-cc72-41bd-8399-007e98710c5f,Outrage grows over Maryland man’s mistaken deportation to El Salvador prison,,,2025-04-02T00:00:00
abcnews.go.com,California,arrest,-120.0607176,36.9613356,,1,"Madera, California, USA",https://abcnews.go.com/US/man-hates-big-pharmacies-allegedly-guns-walgreens-worker/story?id=120408357,,,Madera,5d189b57-d140-48be-bf7f-481dfcbe5571,Man who hates big pharmacies allegedly guns down Walgreens worker: Police,,,2025-04-02T00:00:00
abcnews.go.com,NY,policy,-74.0059728,40.7127753,,1,"New York, NY, USA",https://abcnews.go.com/Politics/mayor-eric-adams-case-dismissed-prejudice-despite-trump/story?id=120410419,,,New York,3d1ee8d2-6844-4d8d-ac41-1ce299041133,Mayor Eric Adams' case dismissed with prejudice despite Trump admin's request to allow for later prosecution,,,2025-04-02T00:00:00
npr.org,California,detention,-117.0470434,32.555556,,1,"San Ysidro, California, USA",https://www.npr.org/2025/04/02/nx-s1-5341465/jasmine-mooney-canadian-actress-ice-detention,,,San Ysidro,b02bab0c-5c10-4b27-b392-71e021e1438e,Jasmine Mooney left ICE detention on a mission: 'People are gonna listen to you',,,2025-04-02T00:00:00
dailycaller,New York,policy,-73.9625727,40.8075355,,1,"Columbia University, New York, NY, USA",https://dailycaller.com/2025/03/28/harry-litman-pro-hamas-protesters-visa-revocation-courts/,,,New York,3972c8c1-9c70-4746-8e2a-d3cf47f2ce1c,MSNBC Guest Admits Pro-Hamas Protesters’ Visa Revocation Likely To Stand,,,2025-03-28T00:00:00
redstate.com,Colorado,detention,-104.990251,39.7392358,,1,"Denver, Colorado, USA",https://redstate.com/wardclark/2025/03/28/biden-appointed-federal-judge-considers-blocking-repatriation-of-denver-area-illegal-alien-activist-n2187221,,,Denver,b7a0ac2c-bd61-4b26-9568-f407d2f35f43,Biden-Appointed Federal Judge Considers Blocking Repatriation of Denver-Area Illegal Alien Activist,,,2025-03-28T00:00:00
bostonglobe,Massachusetts,raid,-71.0565364,42.3555076,,1,"Boston, Massachusetts, USA",https://www.bostonglobe.com/2025/03/28/metro/boston-court-ice-agents-trial/,,,Boston,dcf2b9f5-7db9-4816-973c-5870beb762e7,Boston judge orders inquiry after ICE agents apprehend defendant mid-trial,,,2025-03-28T00:00:00
breitbart.com,MA,raid,-71.0565364,42.3555076,,1,"Boston, MA, USA",https://www.breitbart.com/immigration/2025/03/24/ice-detains-370-alleged-criminal-illegals-in-boston-operation/,,,Boston,42eed99a-128c-431d-b8a2-6aeb92fffeff,ICE Detains 370 Criminal Illegals in Boston Operation,,,2025-03-24T00:00:00
redstate,Florida,police,-80.1917902,25.7616798,,1,"Miami, Florida, USA",https://redstate.com/wardclark/2025/03/25/horror-two-illegal-aliens-accused-of-molesting-a-minor-on-a-cruise-ship-n2187084,,,Miami,178bb842-a703-4b2b-a0a9-28132de6f9b4,Horror: Two Illegal Aliens Accused of Molesting a Minor on a Cruise Ship,,,2025-03-25T00:00:00
denverpost.com,Colorado,detention,-104.990251,39.7392358,,1,"Denver, Colorado, USA",https://www.denverpost.com/2025/03/25/jeanette-vizguerra-detained-ice-arrested-deportation-challenge-federal-court-colorado/,,,Denver,25f27c89-45f9-4c25-81a3-a463c3801149,Federal prosecutors defend ICE’s ability to deport Colorado immigration advocate Jeanette Vizguerra,,,2025-03-25T00:00:00
pjmedia,New York,policy,-74.0059728,40.7127753,,1,"New York, NY, USA",https://pjmedia.com/rick-moran/2025/03/25/bombshell-lawsuit-alleges-anti-israel-groups-had-foreknowledge-of-october-7-attack-n4938259,,,New York,29f2da9f-a5c7-4fc4-aaca-6df6298d8259,"BOMBSHELL: Anti-Israel Groups in U.S. Had Foreknowledge of October 7 Attack, Lawsuit Alleges",,,2025-03-25T00:00:00
cbsnews.com,New York,policy,-74.0059728,40.7127753,,1,"New York, NY, USA",https://www.cbsnews.com/news/yunseo-chung-columbia-student-south-korea-ice-deportation/,,,New York,691f0b0c-6a33-4f9a-8d64-aabc517ea131,"Trump administration seeking to deport 21-year-old Columbia protester and green card holder, lawsuit says",,,2025-03-24T00:00:00
cbsnews,Virginia,detention,-77.0751538,38.8939779,,1,"Rosslyn, Virginia, USA",https://www.cbsnews.com/news/georgetown-university-researcher-detained-by-ice/,,,Rosslyn,44f52498-f2fc-40a0-a662-a1c4a969f520,Georgetown University researcher in U.S. on student visa arrested and detained by ICE,,,2025-03-19T00:00:00
newsday,GA,detention,-83.3764161,33.9596643,,1,"Athens, GA, USA",https://www.newsday.com/news/nation/laken-riley-ibarra-brothers-green-card-deportation-n73150,,,Athens,595476f9-46c4-4b75-ac4a-126216f3db3e,Brothers and roommate of Laken Riley's killer to be deported after fake green card convictions,,,2025-03-19T00:00:00
sandiegouniontribune,Colorado,detention,-104.990251,39.7392358,,1,"Denver, Colorado, USA",https://www.sandiegouniontribune.com/2025/03/18/immigration-activist-detained-2/,,,Denver,2c9a7458-e7f7-4352-80bc-3d3b6ac31da2,"Woman who had sought protection from deportation in Colorado churches is detained, advocates say",,,2025-03-18T00:00:00
newsday,Florida,policy,-80.2810044,25.8268582,,1,"Hialeah, Florida, USA",https://www.newsday.com/long-island/politics/trump-latinos-deportations-south-florida-cubans-venezuelans-v73008,,,Hialeah,e07fab34-e009-461c-8166-d3e1ef0f7b02,'It's not personal': Trump's deportation efforts find support among South Florida Latinos,,,2025-03-19T00:00:00
cbsnews,MA,policy,-71.0565364,42.3555076,,1,"Boston, MA, USA",https://www.cbsnews.com/boston/news/massachusetts-immigrants-charged-violent-crimes/,,,Boston,9ec414e1-96e5-4a7b-9872-769c18408a6f,Is Massachusetts releasing immigrants charged with violent crimes?,,,2025-03-19T00:00:00
nypost,Georgia,detention,-83.3764161,33.9596643,,1,"Athens, Georgia, USA",https://nypost.com/2025/03/20/us-news/georgia-student-laken-riley-murderer-jose-ibarra-roommate-and-brothers-to-be-deported/,,,Athens,8f7d4107-ec2b-4cb8-8e35-6a48edabcbd8,"Brothers, roommate of illegal immigrant who killed Laken Riley to be deported",,,2025-03-20T00:00:00
cbsnews.com,Colorado,detention,-104.990251,39.7392358,,1,"Denver, Colorado, USA",https://www.cbsnews.com/colorado/news/escape-ice-facility-denver-aurora-immigration-customs-enforcement/,,,Aurora,91ae76b1-e206-45b6-bdab-6998ae560884,2 men escape from Colorado ICE facility in Aurora during power outage,,,2025-03-19T00:00:00
cbsnews,Colorado,protest,-104.8319195,39.7294319,,1,"Aurora, Colorado, USA",https://www.cbsnews.com/colorado/news/supporters-gather-colorado-immigration-activist-jeanette-vizguerra-outside-ice-detention-center/,,,Aurora,8c00bfb4-7897-414c-afb7-550f60773b66,Supporters gather for Colorado immigration activist Jeanette Vizguerra outside ICE detention center,,,2025-03-19T00:00:00
orlandosentinel.com,NY,policy,-74.0059728,40.7127753,,1,"New York City, NY, USA",https://www.orlandosentinel.com/2026/06/08/amid-trump-immigration-crackdown-nyc-schools-use-comic-books-to-teach-kids-their-rights/,,,New York,021c1b69-92dc-45a0-bca9-de3179951a85,"Amid Trump immigration crackdown, NYC schools use comic books to teach kids their rights",,,2026-06-08T00:00:00
theguardian,NY,policy,-74.0059728,40.7127753,,1,"New York, NY, USA",https://www.theguardian.com/us-news/2026/jun/08/ice-agents-new-york-city-tom-homan,,,New York,a2e4ebcb-6b65-489d-96ce-e8381fd31e85,Trump’s border czar threatens to send ‘more ICE agents than you’ve ever seen’ to New York City,,,2026-06-08T00:00:00
ms.now,California,protest,-118.242643,34.0549076,,1,"Los Angeles, California, USA",https://www.ms.now/opinion/world-cup-ice-strike-sofi-stadium-workers-trump-mullin,,,Los Angeles,957f2cc4-650f-47e6-8336-8540d31c2f12,Workers at LA’s SoFi Stadium authorize strike ahead of Trump-infused World Cup,,,2026-06-08T00:00:00
chicagotribune,Florida,policy,-80.1917902,25.7616798,,1,"Miami, Florida, USA",https://www.chicagotribune.com/2026/06/08/world-cup-somali-referee-denied-entry/,,,Miami,f9dbd6a5-4ec0-4ac6-b6fd-555eda63aa77,Somali referee won’t officiate in World Cup after being denied entry into the United States,,,2026-06-08T00:00:00
msnbc,New York,detention,-73.9625727,40.8075355,,1,"Columbia University, New York, NY, USA",https://www.msnbc.com/opinion/msnbc-opinion/democrats-response-mahmoud-khalil-arrest-columbia-rcna196099,,,New York,2a2cf936-37a1-438f-90aa-90f828375caf,Democratic leaders are failing the Mahmoud Khalil test,,,2025-03-14T00:00:00
dailykos.com,New York,detention,-74.0059728,40.7127753,,1,"New York, NY, USA",https://www.dailykos.com/story/2025/3/13/2309951/-Protesters-swarm-Trump-Tower-to-rally-for-detained-activist?pm_campaign=blog&pm_medium=rss&pm_source=,,,New York,94cba25c-a512-40a8-87a1-6bd563f6a100,Protesters swarm Trump Tower to rally for detained activist,,,2025-03-13T00:00:00
vanityfair,NY,protest,-73.75447070000001,42.6518095,,1,"Albany, NY, USA",https://www.vanityfair.com/news/story/donald-trump-mahmoud-khalil-free-speech,,,Albany,82232e36-9b71-498c-91ca-359a42ec3375,"Donald Trump, Mahmoud Khalil, and Free Speech Under Siege: “We’re in an Alarming Period”",,,2025-03-14T00:00:00
newsday,New York,detention,-73.9625727,40.8075355,,1,"Columbia University, New York, NY, USA",https://www.newsday.com/news/nation/mahmoud-khalil-immigration-ice-green-card-trump-deportation-l92158,,,New York,6ae000c7-eecc-4585-85b6-931444fdbf2c,Arrest of Palestinian activist stirs questions about protections for students and green card holders,,,2025-03-10T00:00:00
newsday,New York,detention,-74.0059728,40.7127753,,1,"New York, NY, USA",https://www.newsday.com/news/nation/columbia-university-mahmoud-khalil-ice-j13299,,,New York,2f1d5d95-36e9-40c6-ac54-b16f9a2fb5e8,Trump warns that arrest of Palestinian activist at Columbia will be 'first of many',,,2025-03-10T00:00:00
nypost,DC,detention,-77.039176,38.8501079,,1,"Washington Reagan Airport, 1100 N Continental Dr, Washington, DC 20051, USA",https://nypost.com/2025/03/11/us-news/texas-man-accused-of-violent-assault-on-american-airlines-flight/,,,Washington,b82c1a3a-2396-4ab0-b79c-cba3b711fdcd,Texas man involved in immigration probe accused of violent assault on American Airlines flight,,,2025-03-11T00:00:00
Newsweek,Kursk Oblast,raid,35.2705168,51.1912966,,1,"Sudzha, Kursk Oblast, Russia",https://www.newsweek.com/ukraine-kursk-peace-talks-us-saudi-arabia-2042880,,,Sudzha,cd48f2cb-dae1-4fcd-abbc-7bcfc83eff82,Ukraine losing its trump card as Russian troops enter Kursk stronghold,,,2025-03-11T00:00:00
breitbart,Colorado,policy,-104.990251,39.7392358,,1,"Denver, Colorado, USA",https://www.breitbart.com/clips/2025/03/06/denver-mayor-we-arent-looking-to-give-ice-ability-to-arrest-in-jails-after-alleged-assault-on-ice-agent/,,,Denver,e384276b-d2ea-471b-92e7-ab1f0f8cec2a,Denver Mayor: We Aren't Looking to Give ICE Ability to Arrest in Jails After Alleged Assault on ICE Agent,,,2025-03-06T00:00:00
jsonline,WI,policy,-88.7878678,43.7844397,,1,"Wisconsin, USA",https://www.jsonline.com/story/news/local/2025/03/06/doge-cancels-16-federal-contracts-in-wisconsin-heres-the-list/81344975007/,,,,4458e5df-bb80-4af2-80c7-3f1140257c41,DOGE cancels 16 federal contracts in Wisconsin. Here's the list,,,2025-03-06T00:00:00
breitbart.com,,detention,-69.93609239999999,18.4626178,,1,"Santo Domingo, Dominican Republic",https://www.breitbart.com/immigration/2025/03/06/report-dominican-national-wanted-for-human-smuggling-deaths-of-3-children-deported-fifth-time/,,,Santo Domingo,33d56ab8-2a31-4169-bd21-912e0ae99825,Report: Dominican Wanted for Human Smuggling Deported for Fifth Time,,,2025-03-06T00:00:00
breitbart.com,Pennsylvania,policy,-75.1652215,39.9525839,,1,"Philadelphia, Pennsylvania, USA",https://www.breitbart.com/border/2025/03/06/sanctuary-cities-force-ice-to-arrest-criminal-aliens-in-uncontrolled-jail-parking-lots/,,,Philadelphia,182c413c-e2b0-4ced-b2d3-db547ce56b39,Sanctuary Cities Force ICE to Arrest Criminal Aliens in Uncontrolled Jail Parking Lots,,,2025-03-06T00:00:00
benzinga,Texas,policy,-99.1705887,28.6674802,,1,"Dilley, Texas, USA",https://www.benzinga.com/news/contracts/25/03/44167381/target-hospitality-secures-five-year-lease-with-corecivic-for-dilley-facility-stock-gains,,,Dilley,1847fc40-309c-46ef-ba16-2d890bd60bc9,"Target Hospitality Secures Five-Year Lease With CoreCivic For Dilley Facility, Stock Gains",,,2025-03-06T00:00:00
sandiegouniontribune,NY,policy,-74.0059728,40.7127753,,1,"New York, NY, USA",https://www.sandiegouniontribune.com/2026/06/08/amid-trump-immigration-crackdown-nyc-schools-use-comic-books-to-teach-kids-their-rights/,,,New York,cfe5b148-2a0d-42a9-9928-307c52c72733,"Amid Trump immigration crackdown, NYC schools use comic books to teach kids their rights",,,2026-06-08T00:00:00
breitbart,Virginia,policy,-78.6568942,37.4315734,,1,"Virginia, USA",https://www.breitbart.com/immigration/2025/02/27/virginia-gov-glenn-youngkin-orders-police-jails-cooperate-ice/,,,Norfolk,57585476-dbb4-468b-8aeb-3f4cae3f1dc5,"Virginia Gov. Glenn Youngkin Orders Police, Jails to Cooperate with ICE",,,2025-02-27T00:00:00
dailycaller,MA,policy,-71.0565364,42.3555076,,1,"Boston, MA, USA",https://dailycaller.com/2025/02/27/tom-homan-michelle-wu-illegal-immigrant-boston/,,,Boston,1926099b-2b47-4418-ba38-000e998b3aca,Tom Homan Fires Back At Dem Mayor Who Said There Has Been ‘Mischaracterization’ Of Immigrants In Community,,,2025-02-27T00:00:00
breitbart,New Jersey,detention,-74.1744671,40.7315293,,1,"Newark, New Jersey, USA",https://www.breitbart.com/immigration/2025/02/27/ice-signs-contract-for-massive-migrant-holding-center-in-newark/,,,Newark,83ec76b3-1e67-469b-9449-d1aac1c090af,ICE Signs Contract for Massive Migrant Holding Center in Newark,,,2025-02-27T00:00:00
arkansasonline,Arkansas,detention,-91.8318334,35.20105,,1,"Arkansas, USA",https://www.arkansasonline.com/news/2025/feb/27/federal-agencies-announce-nearly-500-arrests-in/,,,unknown,d7155a71-5b9c-4a04-8582-399088350daf,U.S. attorney reports 472 arrests from 3-week federal effort to enforce immigration laws,,,2025-02-27T00:00:00
Newsweek,New Jersey,raid,-75.04977219999999,39.9105348,,1,"Haddon Township, New Jersey, USA",https://www.newsweek.com/new-jersey-kebab-shop-owners-detained-ice-raid-2037513,,,Haddon Township,f3a206f6-7901-4bbc-a974-d8fc1179f9b0,"Outrage after ICE raids family-run kebab shop: ""Pillars of community""",,,2025-02-27T00:00:00
breitbart.com,Colorado,policy,-104.8319195,39.7294319,,1,"Aurora, Colorado, USA",https://www.breitbart.com/economy/2025/02/21/air-trump-flies-117-migrants-from-guantanamo-to-venezuela/,,,Aurora,a13390a1-a8f8-493a-8f3c-1d9133b7313e,Air Trump Flies 117 Migrants from Guantanamo to Venezuela,,,2025-02-21T00:00:00
newsweek,California,protest,-118.242643,34.0549076,,1,"Los Angeles, California, USA",https://www.newsweek.com/ice-agents-tracked-california-what-know-2034420,,,Los Angeles,29fee80c-ea97-4ea9-a70a-e683658c0f14,ICE agents tracked in California: What to Know,,,2025-02-21T00:00:00
courant,Ohio,policy,-84.5222189,39.440463,,1,"Butler County, Ohio, USA",https://www.courant.com/2025/02/21/migrant-detention-infrastructure/,,,Butler County,2c72cf05-7601-41cc-9e36-7fe187a1bee2,‘Perverse’ incentives: How local governments might cash in on Trump’s migrant detention,,,2025-02-21T00:00:00
theguardian,New York,policy,-74.0059728,40.7127753,,1,"New York City, NY, USA",https://www.theguardian.com/us-news/ng-interactive/2025/feb/21/eric-adams-trump-immigrants-rikers,,,New York,72ec2dbd-058b-4ad4-83eb-8d57db27de92,‘I’m collaborating’: how New York City’s mayor gave in to Trump’s migrant crackdown,,,2025-02-21T00:00:00
dailysignal,New York,policy,-74.0059728,40.7127753,,1,"New York, NY, USA",https://www.dailysignal.com/2025/02/14/trump-v-new-york/,,,New York,42b69254-6178-450c-9e9a-5b1418c731e4,Trump Is Going to War With New York Over Sanctuary Policies,,,2025-02-14T00:00:00
elnuevodia,PR,policy,-66.0593509,18.4153108,,1,"San Juan, Puerto Rico, USA",https://www.elnuevodia.com/negocios/empresas-comercios/notas/el-supremo-aclara-el-alcance-de-la-ley-antidiscrimen-en-casos-de-trabajadores-migrantes/,,,San Juan,3f6848ac-4b6f-4cd9-b473-db41d65eb161,El Supremo aclara el alcance de la Ley Antidiscrimen en casos de trabajadores migrantes,,,2025-02-14T00:00:00
Baltimore Sun,Colorado,policy,-104.990251,39.7392358,,1,"Denver, Colorado, USA",https://www.baltimoresun.com/2025/02/14/denver-school-system-sues-to-keep-immigration-agents-out-of-its-schools/,,,Denver,f305c806-a532-4f9c-b236-3074e66e1ce5,Denver school system sues to keep immigration agents out of its schools,,,2025-02-14T00:00:00
orlandosentinel,FL,policy,-81.3789269,28.5383832,,1,"Orlando, Florida, USA",https://www.orlandosentinel.com/2026/06/18/florida-could-soon-ban-undocumented-students-from-public-universities-colleges/,,,Orlando,9c840e72-f80e-457f-a161-ec48072a6bbf,"Florida could soon ban undocumented students from public universities, colleges",,,2026-06-18T00:00:00
nytimes,Illinois,detention,-87.6323879,41.88325,,1,"Chicago, Illinois, USA",https://www.nytimes.com/athletic/7340164/2026/06/07/aymen-hussein-iraq-questioned-usa/,,,Chicago,a06c3ed1-5715-4186-a8c1-bf32b8326be4,Iraq World Cup star Aymen Hussein questioned for ‘seven hours’ by U.S. immigration officials,,,2026-06-07T00:00:00
dailycaller,DC,policy,-77.0369274,38.9072873,,1,"Washington, DC, USA",https://dailycaller.com/2026/06/18/janeese-lewis-mayoral-election-george-washington-dc-teen-takeovers/,,,Washington,2f89174f-d241-4a7c-933d-39e4d1d45733,Soft-On-Crime Socialist Set To Run Nation's Capital Ravaged By Teen Takeovers,,,2026-06-18T00:00:00
cbsnews.com,California,protest,-118.242643,34.0549076,,1,"Los Angeles, California, USA",https://www.cbsnews.com/video/la-stadium-workers-vote-to-strike-with-world-cup-kicking-off-this-week/,,,Los Angeles,3bcffa1e-0153-4a01-88ee-509822908930,LA stadium workers vote to strike with World Cup kicking off this week,,,2026-06-07T00:00:00
latimes,CA,policy,-118.242643,34.0549076,,1,"California, Los Angeles, USA",https://www.latimes.com/espanol/eeuu/articulo/2026-06-17/el-ice-relaja-las-normas-de-detencion-para-reducir-la-carga-contratistas,,,Los Angeles,435dc279-e24b-4d9b-92ec-f752c2820567,El ICE relaja las normas de detención para “reducir la carga” a contratistas,,,2026-06-17T00:00:00
latimes,Minnesota,arrest,-93.2650108,44.977753,,1,"Minneapolis, Minnesota, USA",https://www.latimes.com/espanol/eeuu/articulo/2026-06-18/agente-del-ice-buscado-por-balear-un-hombre-durante-redadas-en-minneapolis-es-arrestado-en-texas,,,Minneapolis,15743d14-31d2-4e7b-af38-f9d3489c84ce,Agente del ICE buscado por balear a un hombre durante redadas en Minneapolis es arrestado en Texas,,,2026-06-18T00:00:00
redstate,NJ,protest,-74.1744671,40.7315293,,1,"Newark, NJ, USA",https://redstate.com/nick-arama/2026/06/07/anti-ice-action-in-newark-n2203119,,,Newark,572aff5b-c18c-4591-8d5e-3976a1bb3dad,Anti-ICE Crew Has a Day of Unhappy Moments in Newark,,,2026-06-07T00:00:00
pjmedia.com,Connecticut,policy,-76.64127119999999,39.0457549,,1,"Maryland, USA; Connecticut, USA",https://pjmedia.com/catherinesalgado/2026/06/13/ice-seeks-custody-of-child-predators-in-maryland-connecticut-n4953945,,,New Britain,1e30d139-a1d9-4879-a163-b9d88ae20842,"ICE Seeks Custody of Child Predators in Maryland, Connecticut",,,2026-06-13T00:00:00
dallasnews.com,Pennsylvania,policy,-79.99723519999999,40.4386612,,1,"Pittsburgh, Pennsylvania, USA",https://www.dallasnews.com/news/article/a-woman-s-hypothermia-death-in-pittsburgh-after-22304063.php,,,Pittsburgh,f028a95b-3df4-41c5-a98e-bba8f99ada4d,A woman's hypothermia death in Pittsburgh after her release from ICE custody is ruled a homicide,,,2026-06-13T00:00:00
freep,Michigan,policy,-83.0424533,42.32971819999999,,1,"Detroit, Michigan, USA",https://www.freep.com/story/news/courts/2026/06/07/ice-car-chase-man-impaled-detroit-crash/90447020007/,,,Detroit,6a86cfc6-5bbd-4ebe-b4c7-507c8fb69582,ICE says man impaled in Detroit pinned agent with car,,,2026-06-07T00:00:00
theguardian,,protest,-6.2603097,53.3498053,,1,"Dublin, Ireland",https://www.theguardian.com/world/2026/jun/07/ireland-yves-sakila-death-africans-fear,,,Dublin,ff11595d-75d0-48f8-8ff2-bc9f04008acc,‘Racist mindsets’: Congolese in Ireland feel fear in wake of Yves Sakila’s death,,,2026-06-07T00:00:00
cbsnews.com,California,protest,-118.242643,34.0549076,,1,"Los Angeles, California, USA",https://www.cbsnews.com/texas/video/world-cup-preparations-face-labor-security-challenges-in-los-angeles/,,,Los Angeles,3e141dc2-ce8a-42e0-9baa-7832c39d0b6b,"World Cup preparations face labor, security challenges in Los Angeles",,,2026-06-07T00:00:00
centralmaine,Maine,detention,-69.4454689,45.253783,,1,"Maine, USA",https://www.centralmaine.com/2026/06/25/immigrant-led-residential-care-businesses-in-maine-launch-new-coalition/,,,,63861de8-1e09-4eb0-b028-54561e7c7d35,Immigrant-led residential care businesses in Maine launch new coalition,,,2026-06-25T00:00:00
cbsnews,Texas,protest,-97.1958514,32.422813,,1,"Prairieland, Texas, USA",https://www.cbsnews.com/texas/video/families-say-prairieland-ice-defendants-were-railroaded-by-justice-system/,,,Prairieland,57a087f0-eba0-4a61-b6a3-63770401ddcd,Families say Prairieland ICE defendants were railroaded by justice system,,,2026-06-24T00:00:00
cbsnews.com,New Jersey,protest,-74.1744671,40.7315293,,1,"Newark, NJ, USA",https://www.cbsnews.com/newyork/news/minnesota-woman-struck-by-ice-facility-worker/,,,Newark,0979d37b-a200-473a-8460-b4d1f8d3580a,Minnesota woman struck by worker while protesting outside of New Jersey ICE facility,,,2026-06-24T00:00:00
theguardian,New Jersey,detention,-74.12849729999999,40.7181313,,1,"Delaney Hall, Newark, New Jersey, USA",https://www.theguardian.com/us-news/2026/jun/07/ice-jail-new-jersey-delaney-hall,,,Newark,719e5b2d-d51b-4fa0-8ca3-faa1bfce3d2c,‘It’s like they’re kidnapped there’: families tell of distress over ‘inhumane’ ICE jail,,,2026-06-06T00:00:00
dallasnews.com,New Jersey,protest,-74.1744671,40.7315293,,1,"Newark, NJ, USA",https://www.dallasnews.com/news/politics/article/what-to-know-about-the-ongoing-protests-and-22294282.php,,,Newark,6d64b181-0d4b-4184-b73b-0172d92a4c7c,What to know about the ongoing protests and arrests outside a New Jersey detention center,,,2026-06-06T00:00:00
ocregister,New Jersey,protest,-74.1744671,40.7315293,,1,"Newark, NJ, USA",https://www.ocregister.com/2026/06/06/what-to-know-about-the-ongoing-protests-and-arrests-outside-a-new-jersey-detention-center/,,,Newark,db877c2f-ade6-47b3-8861-ced4cec1919e,What to know about the ongoing protests and arrests outside a New Jersey detention center,,,2026-06-06T00:00:00
arkansasonline,Iowa,policy,-91.53461689999999,41.6578257,,1,"Iowa City, Iowa, USA",https://www.arkansasonline.com/news/2026/jun/06/freed-detainee-death-reports-halted/,,,Iowa City,f8c24fa6-d29a-4937-9129-67edb6f1ec95,Freed detainee death reports halted,,,2026-06-06T00:00:00
inquirer,,policy,-77.0369274,38.9072873,,1,"Washington, DC, USA",https://www.inquirer.com/news/nation-world/border-wall-contracts-spike-fisher-sand-gravel-barnard-construction-trump-20260606.html,,,,945f145c-6537-4faf-9fc3-7b87baa98825,"Spike in border wall spending goes mostly to 2 firms with GOP, White House ties",,,2026-06-06T00:00:00
courant.com,Connecticut,policy,-73.4546352,41.3924098,,1,"Danbury, Connecticut, USA",https://www.courant.com/2026/06/25/previously-deported-guatemalan-charged-with-illegally-reentering-u-s-following-two-arrests-in-ct/,,,Danbury,c388a122-9733-425c-8355-3adfcb492789,"A man was deported twice, including for violent crime. Then he came to CT and got arrested again.",,,2026-06-25T00:00:00
slate,Minnesota,policy,-93.2650108,44.977753,,1,"Minneapolis, Minnesota, USA",https://slate.com/news-and-politics/2026/06/trump-news-ice-minneapolis-minnesota-doj-fail.html?via=rss,,,Minneapolis,2553bc16-0140-4b71-b14c-f9d261709e2c,What We Can Learn From Trump’s Continued Obsession With Punishing Minnesota,,,2026-06-25T00:00:00
courant,CT,detention,-72.6733723,41.7658043,,1,"Hartford, CT, USA",https://www.courant.com/2026/06/25/dominican-national-with-multiple-drug-and-weapon-convictions-charged-with-illegally-reentering-u-s/,,,Hartford,edb2d7fe-474e-47b7-9e22-55facd1d6082,Dominican national with multiple drug and weapon convictions charged with illegally reentering U.S.,,,2026-06-25T00:00:00
cbsnews.com,California,policy,-118.242643,34.0549076,,1,"Los Angeles, California, USA",https://www.cbsnews.com/losangeles/news/dodgers-1-million-donation-immigrant-families-2025-ice-raids/,,,Los Angeles,b699146c-3ae0-4a60-b0b8-99e01be54ba1,Dodgers fulfill $1 million donation to immigrant families affected by 2025 ICE raids,,,2026-06-24T00:00:00
BaltimoreSun,MD,policy,-76.6104072,39.2905023,,1,"Baltimore, MD, USA",https://www.baltimoresun.com/2026/06/25/city-council-president-says-baltimores-main-streets-not-in-healthy-shape/,,,Baltimore,7f88498b-d1b5-41e5-951e-7e244c079f58,City Council president says Baltimore’s main streets not in ‘healthy shape’,,,2026-06-25T00:00:00
mysanantonio,Texas,detention,-99.5075519,27.5035613,,1,"Laredo, Texas, USA",https://www.mysanantonio.com/news/south-texas/article/ice-death-webb-county-laredo-22319482.php,,,Laredo,392cf23d-1dbd-479a-805e-687e45402dfa,"Mexican man dies in ICE custody in Laredo, at least the 20th fatality this year",,,2026-06-24T00:00:00
redstate,Virginia,detention,-78.6568942,37.4315734,,1,"Virginia, USA; United States",https://redstate.com/ben-smith/2026/06/24/dhs-ice-arrests-10000-gang-members-trump-inherited-from-bidens-border-crisis-n2203700,,,Virginia,23d72a5b-728b-468a-9ab3-a4e15304aba8,DHS Drops Massive Gang Arrest Numbers—And They're a Damning Indictment of Biden's Border Crisis,,,2026-06-24T00:00:00
cbsnews,TX,protest,-97.1958514,32.422813,,1,"Prairieland immigration detention facility, North Texas, USA",https://www.cbsnews.com/texas/video/new-evidence-videos-released-from-prairieland-ice-facility-attack/,,,North Texas,77df7482-b6bb-4d98-a8f8-b6865f3e7ce4,"New evidence, videos released from Prairieland ICE facility attack",,,2026-06-24T00:00:00
rollcall,Colorado,policy,-105.7820674,39.5500507,,1,"Colorado, United States",https://rollcall.com/2026/06/24/battleground-house-primary-in-colorado-poses-test-for-democratic-voters/,,,Denver metro area,20233845-27c5-4bd5-baf5-b5f92d223ed4,Battleground House primary in Colorado poses test for Democratic voters,,,2026-06-24T00:00:00
nypost.com,New York,policy,-74.0059728,40.7127753,,1,"New York, NY, USA",https://nypost.com/2026/06/25/us-news/sen-dem-lisa-blunt-rochester-avoids-answering-socialism-question-after-nyc-primary/,,,New York,50347e7b-7312-457e-aeed-dfacaa4aea77,Senate Democrat avoids answering where socialism has been ‘beneficial’ after far-left candidates win in NYC,,,2026-06-25T00:00:00
cbsnews.com,TX,protest,-97.1958514,32.422813,,1,"Prairieland immigration detention facility, North Texas, USA",https://www.cbsnews.com/texas/video/prosecutors-release-video-evidence-from-prairieland-ice-facility-attack-trial/,,,North Texas,4a7aabcf-7997-4093-8cf0-7aa1121874bc,Prosecutors release video evidence from Prairieland ICE facility attack trial,,,2026-06-24T00:00:00
nypost,Virginia,policy,-77.1963703,38.8303905,,1,"Annandale, Virginia, USA",https://nypost.com/2026/06/25/us-news/virginia-releases-nicaraguan-illegal-immigrant-moises-domingo-rico-rosales-despite-ice-detainer/,,,Annandale,4ac1cfda-955c-49c4-a1f4-ff80ad7f3289,DHS puts ‘sanctuary politicians’ on notice after alleged park predator was released under Biden,,,2026-06-25T00:00:00
theintercept,NY,protest,-74.0059728,40.7127753,,1,"New York, NY, USA",https://theintercept.com/2026/06/24/new-york-primaries-left-socialists-mamdani-republican-gop/,,,New York,d2b40ff4-096e-4a0a-9cfc-6e4812dc9258,"The Left Is Unstoppable, According to Republicans",,,2026-06-24T00:00:00
mysanantonio.com,NY,policy,-74.0059728,40.7127753,,1,"New York, NY, USA",https://www.mysanantonio.com/news/politics/article/mamdani-s-success-in-new-york-tests-democratic-22319964.php,,,New York,8b13031b-89c3-48c2-95a5-3d0d50b0b11e,Mamdani's success in New York tests Democratic Party's willingness to change,,,2026-06-25T00:00:00
cbsnews,Texas,raid,-97.1958514,32.422813,,1,"Prairieland detention facility, Alvarado, Texas, USA",https://www.cbsnews.com/texas/news/prairieland-ice-facility-attack-july-4-2025-evidence-released/,,,Alvarado,0d82388c-c4cc-46ac-975d-391a6400b865,New video evidence released in July Fourth Prairieland ICE facility attack includes moment officer was shot,,,2026-06-24T00:00:00
cbsnews.com,CA,policy,-121.8852525,37.33874,,1,"San Jose, CA, USA",https://www.cbsnews.com/sanfrancisco/news/ice-banned-from-making-courthouse-arrests-nationwide-in-case-that-began-in-san-francisco/,,,San Jose,e99c8ad0-d4dd-4bc6-bb9c-eec0d85b4794,"ICE banned from making courthouse arrests nationwide, in case that began in San Francisco",,,2026-06-24T00:00:00
townhall.com,California,policy,-119.4179324,36.778261,,1,"California, United States",https://townhall.com/tipsheet/julia-cassidy/2026/06/24/biden-appointed-judge-blocks-ice-from-making-arrests-at-immigration-courthouses-n2678218,,,,147b84a5-0412-43c3-b828-c5ddcadce701,"Another Day, Another Biden Appointed Judge Issuing an Insane Immigration Ruling",,,2026-06-24T00:00:00
townhall.com,Texas,policy,-97.7430608,30.267153,,1,"Austin, Texas, USA",https://townhall.com/tipsheet/jeff-charles/2026/06/24/congressional-republicans-launch-investigation-into-travis-county-da-jose-garze-n2678179,,,Austin,bccc1639-4e0d-4158-9bba-501d05e31690,Republican Lawmakers Launch Investigation Into Progressive DA for Protecting Criminals,,,2026-06-24T00:00:00
usatoday.com,FL,opinion,-80.1917902,25.7616798,,1,"Miami, FL, USA",https://www.usatoday.com/story/opinion/2026/06/06/alligator-alactraz-fix-everglades/90296499007/,,,Miami,0c16386d-3c06-45b1-9324-01e548edcc94,"Alligator Alactraz was doomed to fail. Now, fix Everglades.",,,2026-06-06T00:00:00
dailycaller,TX,protest,-97.1958514,32.422813,,1,"Prairieland Detention Center, Texas, USA",https://dailycaller.com/2026/06/06/leftists-putting-all-hands-on-deck-to-help-trumps-antifa-prisoners/,,,Fort Worth,70cbd9ad-ab50-4447-a70d-9f93df7092a7,'The Fight Doesn't End Here': Leftists Putting All Hands On Deck To Help Trump's Antifa Prisoners,,,2026-06-06T00:00:00
theguardian,Maryland,policy,-76.64127119999999,39.0457549,,1,"Maryland, USA",https://www.theguardian.com/us-news/ng-interactive/2026/jun/06/his-dad-was-deported-high-school-graduation,,,Seneca Valley,f4f2a219-d8ac-4fb5-8d79-5cefdfe3d0cc,ICE deported his dad. Now he’s graduating high school without him,,,2026-06-06T00:00:00
bostonglobe,Massachusetts,policy,-71.0328284,42.3917638,,1,"Chelsea, MA, USA",https://www.bostonglobe.com/2026/06/06/metro/chelsea-soccer-field-day-world-cup/,,,Chelsea,d49f4f39-8e2d-4461-82a8-32543b87c864,Chelsea’s ‘Soccer Field Day’ stokes excitement before World Cup in Boston,,,2026-06-06T00:00:00
gazettenet.com,Massachusetts,protest,-72.64120129999999,42.3250896,,1,"Northampton, Massachusetts, USA",https://gazettenet.com/2026/06/24/l3harris-employees-exposed-in-city/,,,Northampton,0f7624e6-1a6e-4305-9131-1fa6a030d369,L3Harris employees exposed in city,,,2026-06-24T00:00:00
dailycaller,Virginia,policy,-78.6568942,37.4315734,,1,"Virginia, USA",https://dailycaller.com/2026/06/24/illegal-alien-attempted-abduction-virginia-department-of-homeland-security-steve-descano/,,,,bdf51b2e-9e65-4272-ba2c-4c43083f642b,Illegal Alien Charged In Attempted Abduction Had Been Released By Soros-Backed DA Now Under Investigation,,,2026-06-24T00:00:00
thedailydot,,detention,-76.64127119999999,39.0457549,,1,"Maryland, United States",https://dailydot.com/hes-a-veteran-hes-fully-legal-a-video-claiming-ice-detained-a-u-s-army-veteran-in-maryland-has-x-demanding-answers,,,Maryland,230e6cea-cb59-48b0-8216-3eba37df37dd,"'He's a Veteran, He's Fully Legal': A Video Claiming ICE Detained a U.S. Army Veteran in Maryland Has X Demanding Answers",,,2026-06-24T00:00:00
newsone,Florida,detention,-122.4229555,37.8269775,,1,"Alligator Alcatraz, Florida, USA",https://newsone.com/6864252/vendors-begin-dismantling-alligator-alcatraz/,,,Tampa,f71e4ee7-69ce-4b51-8e3f-2551b35e7f6d,Vendors Begin Dismantling Florida’s Alligator Alcatraz,,,2026-06-24T00:00:00
bostonglobe.com,MA,policy,-71.4161565,42.279286,,1,"Framingham, MA, USA",https://www.bostonglobe.com/2026/06/24/metro/ice-arrests-during-graduation-season/,,,Framingham,856ee399-7a47-40b7-a54d-acb44c0215ab,"During graduation season, ICE continued to make arrests. Some students nearly missed graduation",,,2026-06-24T00:00:00
centralmaine,Maine,raid,-69.7681096,44.31649609999999,,1,"Augusta, Maine, USA",https://www.centralmaine.com/2026/06/24/large-federal-law-enforcement-presence-seen-at-augusta-home-2/,,,Augusta,e47419ec-6ce3-4e00-bd59-39381debd7fe,"Federal law enforcement agencies search homes in Augusta, Biddeford",,,2026-06-24T00:00:00
nypost,Virginia,arrest,-78.8697826,38.4460017,,1,"Harrisonburg, Virginia, USA; Connecticut, USA; California, USA",https://nypost.com/2026/06/24/us-news/ice-has-arrested-10000-migrant-gang-members-so-far-in-trumps-second-term-dhs-reveals/,,,Harrisonburg,839e3d15-555b-48a6-ac54-6cc365f5efa7,"ICE has arrested 10,000 migrant gang members so far in Trump’s second term, DHS reveals",,,2026-06-24T00:00:00
theverge,Texas,protest,-97.1958514,32.422813,,1,"Prairieland Detention Facility, Alvarado, Texas, USA",https://www.theverge.com/policy/956404/prairieland-sentencing-zines-trump-antifa,,,Alvarado,a1d81f86-ddb9-4a23-a66f-78d066cb1310,Charlie Kirk’s legacy is a 30-year sentence for moving zines,,,2026-06-24T00:00:00
inquirer,Pennsylvania,policy,-75.1652215,39.9525839,,1,"Philadelphia, PA, USA",https://www.inquirer.com/news/philadelphia/ice-arrests-mandatory-detention-philadelphia-aclu-lawsuit-20260624.html,,,Philadelphia,c761f32f-5ec0-457d-8992-7e3a6adcdcd7,A lawsuit challenges arrests of immigrants who come to Philly’s ICE office for routine appointments,,,2026-06-24T00:00:00
baltimoresun,MD,policy,-76.6104072,39.2905023,,1,"Baltimore, MD, USA",https://www.baltimoresun.com/2026/06/24/maryland-sheriffs-287g-ice-election/,,,Baltimore,b8f33613-926c-469f-ac5c-34171a2ca3cd,"From Harford to Frederick, sheriffs who backed ICE and sued Maryland won big on primary night",,,2026-06-24T00:00:00
huffpost.com,NY,policy,-74.0059728,40.7127753,,1,"New York, NY, USA",https://www.huffpost.com/entry/brad-lander-beats-dan-goldman-democratic-primary_n_6a395511e4b0488a51ac128f,,,New York,96427b7d-ddfd-4684-a6ef-a96924856d13,Brad Lander Unseats Dan Goldman In Major Progressive Victory,,,2026-06-24T00:00:00
huffpost,NY,policy,-74.0059728,40.7127753,,1,"New York, NY, USA",https://www.huffpost.com/entry/darializa-avila-chevalier-ny-13_n_6a3b135fe4b0810d44231ed5,,,New York,9e9cf59b-f670-4f02-97bc-2ed10c504474,Democratic Socialist Darializa Avila Chevalier Unseats 5-Term Congressman In New York Primary,,,2026-06-24T00:00:00
theguardian,California,policy,-122.4194155,37.7749295,,1,"San Francisco, California, USA",https://www.theguardian.com/us-news/2026/jun/23/trump-immigration-courthouse-arrest-policy,,,San Francisco,e71a69e6-9846-4649-b409-c9673bc33c1f,Federal judge blocks Trump policy that allows immigration court arrests,,,2026-06-24T00:00:00
npr.org,TX,protest,-97.1958514,32.422813,,1,"Prairieland Detention Center, Texas, USA",https://www.npr.org/2026/06/24/nx-s1-5867712/protesters-convicted-in-texas-immigration-center-shooting-sentenced-to-prison,,,Prairieland,df2cebb2-ef21-407e-8c97-75bd2dd944a7,Protesters convicted in Texas immigration center shooting sentenced to prison,,,2026-06-24T00:00:00
cbsnews.com,Minnesota,arrest,-93.2650108,44.977753,,1,"Minneapolis, Minnesota, USA",https://www.cbsnews.com/minnesota/news/aliya-rahman-ice-arrest-civil-rights-claim/,,,Minneapolis,0a7cce29-9e2b-44f5-94e1-326d851366f3,Woman ICE pulled from car in Minneapolis during Operation Metro Surge files civil rights complaint,,,2026-06-23T00:00:00
theguardian.com,Texas,protest,-97.1958514,32.422813,,1,"Prairieland, Texas, USA",https://www.theguardian.com/us-news/ng-interactive/2026/jun/24/prairieland-texas-ice-protests-zines,,,Prairieland,4fa6ef12-40df-4db0-875c-367b1ac8f875,‘This is injustice’: how leftist zines were used to sentence anti-ICE protesters to decades in prison,,,2026-06-24T00:00:00
cbsnews,Texas,detention,-96.49297969999999,33.1795213,,1,"Collin County, Texas, USA",https://www.cbsnews.com/texas/news/right-wing-activist-jake-lang-released-karmelo-anthony-threat-banned-texas/,,,Plano,54366899-9e84-45bb-912e-1afe98f59506,"Right-wing activist Jake Lang released on bond after alleged Karmelo Anthony threat, banned from Texas pending trial",,,2026-06-23T00:00:00
newsday.com,New York,detention,-73.13496099999999,40.789142,,1,"Long Island, NY, USA",https://www.newsday.com/long-island/anti-ice-activists-agents-us-immigration-and-customs-enforcement-xtdwm3if,,,Long Island,71334df8-b776-45cf-a871-c63bf8c4c583,"ICE arrests of 3 Long Islanders an effort to silence, deport activists, advocates say",,,2026-06-24T00:00:00
dailycaller,Texas,protest,-97.1958514,32.422813,,1,"Prairieland, Texas, USA",https://dailycaller.com/2026/06/24/rooke-good-life-texas-antifa-prairieland-ice-450-years-sentencing-terrorism-charges/,,,Prairieland,2de02691-2f5c-4dbf-9abf-e85124bd9467,ROOKE: Probably The Most Important Step To Ending Antifa Just Took Place In Texas,,,2026-06-24T00:00:00
breitbart.com,Texas,policy,-99.9018131,31.9685988,,1,"Texas, USA",https://www.breitbart.com/crime/2026/06/24/video-antifa-protesters-slammed-450-years-prison-time-july-4th-attack-texas-ice-facility/,,,Fort Worth,16872a53-e95f-43f5-8faa-5c5fd9b43753,VIDEO: Antifa 'Protesters' Slammed with 450 Years of Prison Time,,,2026-06-24T00:00:00
theweek,Texas,protest,-97.1958514,32.422813,,1,"Prairieland Detention Center, Texas, USA",https://theweek.com/crime/ice-protesters-jailed-100-years-shooting,,,Fort Worth,37387dc7-80e7-470f-aa4b-796340d2d7ff,ICE protesters jailed up to 100 years over shooting,,,2026-06-24T00:00:00
therealnews,Michigan,raid,-83.7382071,42.277145,,1,"University of Michigan, Ann Arbor, MI, USA",https://therealnews.com/very-shocking-very-violent-fbi-raids-homes-of-michigan-students-and-workers-for-palestine-activism,,,Ann Arbor,2b568f64-cbaa-4617-abaf-e5d0389d188a,"'Very shocking, very violent': FBI raids homes of Michigan students and workers for Palestine activism",,,2026-06-24T00:00:00
therealnews,Texas,protest,-97.1958514,32.422813,,1,"Prairieland Detention Center, Alvarado, Texas, USA",https://therealnews.com/prairieland-protesters-sentenced-to-30-to-100-years-for-terrorism-charges,,,Alvarado,dc7a0467-d547-4b09-9a6a-a3d921e91e86,Prairieland protesters sentenced to 30 to 100 Years for 'terrorism' charges,,,2026-06-24T00:00:00
cbsnews,Florida,policy,-80.1917902,25.7616798,,1,"Miami, Florida, USA",https://www.cbsnews.com/miami/news/ice-presence-at-fifa-world-cup-raises-concerns-among-south-florida-fans-and-activists/,,,Miami,bf86efdf-83fc-4b57-a269-cd4a45fc1593,ICE presence at FIFA World Cup raises concerns among South Florida fans and activists,,,2026-06-12T00:00:00
cnn,New Jersey,policy,-74.1744671,40.7315293,,1,"Newark, NJ, USA",https://www.cnn.com/2026/06/24/politics/lamonica-mciver-argue-assault-charges-thrown-out,,,Newark,59306264-c77b-4666-a910-ab73e12d56b6,Lawyers for Rep. LaMonica McIver force judges to weigh the limits of congressional immunity,,,2026-06-24T00:00:00
cbsnews.com,Pennsylvania,detention,-79.99723519999999,40.4386612,,1,"Pittsburgh, PA, USA",https://www.cbsnews.com/pittsburgh/news/haitian-woman-death-pittsburgh-homicide-ice-custody/,,,Pittsburgh,45f21d4e-8823-4e63-b7d0-f7b1c0589a0b,Death of Haitian woman released from ICE custody in Pittsburgh ruled a homicide,,,2026-06-12T00:00:00
cbsnews.com,PA,detention,-79.99723519999999,40.4386612,,1,"Pittsburgh, PA, USA",https://www.cbsnews.com/pittsburgh/video/death-of-haitian-woman-released-from-ice-custody-ruled-a-homicide/,,,Pittsburgh,a806affa-fdfc-4931-a000-84e62621f127,Death of Haitian woman released from ICE custody ruled a homicide,,,2026-06-12T00:00:00
sfgate,Maryland,raid,-76.6104072,39.2905023,,1,"Baltimore, Maryland, USA",https://www.sfgate.com/news/article/ice-arrest-outside-baltimore-elementary-school-22303524.php,,,Baltimore,6d8ae229-6451-47b2-8a35-2c9ff7df5c81,ICE arrest outside Baltimore elementary school draws rebukes from state and local officials,,,2026-06-13T00:00:00
pressrepublican,NY,unknown,-73.4529124,44.6994873,,1,"Plattsburgh, NY, USA",https://www.pressrepublican.com/news/amoriell-gendebien-debate-in-congressional-race/article_2a836aed-3684-462a-9dfa-55cdd416448c.html,,,Plattsburgh,d01a8b59-fbf9-471d-a815-ce30910596f8,"Amoriell, Gendebien debate in Congressional race",,,2026-06-12T00:00:00
cbsnews,Texas,detention,-96.49894069999999,33.1742162,,1,"Princeton, Texas, USA",https://www.cbsnews.com/news/military-veteran-calls-on-ice-release-wife-wilmer-trujillo-arelys-barahona-martinez/,,,Princeton,04bc705a-9f4c-4167-b984-af7515d52d43,"""It rips my heart apart"": U.S. military veteran calls on ICE to release wife",,,2026-06-12T00:00:00
nypost.com,New Jersey,protest,-74.1744671,40.7315293,,1,"Newark, NJ, USA",https://nypost.com/2026/06/06/us-news/sherrill-overwhelmed-as-newark-immigration-center-protests-rage-on-critics/,,,Newark,7328c661-f58b-41db-9f21-f53dd828fba0,"NJ Gov. Mikie Sherrill ‘cowers in corner’ with Delaney Hall migrant detention center under siege, critics say",,,2026-06-06T00:00:00
inquirer,DC,policy,-77.0369274,38.9072873,,1,"Washington, DC, USA",https://www.inquirer.com/wires/ap/ap-top-news-432-am-edt-20260606.html,,,Washington,4d42403a-10a1-4433-969c-35f7eab1b2a8,AP Top News at 5:07 a.m. EDT,,,2026-06-06T00:00:00
sandiegouniontribune,DC,raid,-77.0369274,38.9072873,,1,"Washington, DC, USA",https://www.sandiegouniontribune.com/2026/06/12/migrant-children-legal-services/,,,Washington,d60956aa-c024-46a3-916a-820011ae8800,Legal groups that help migrant children say law enforcement visits were attempt at intimidation,,,2026-06-12T00:00:00
nbcnews,,policy,18.5827765,4.362156,,1,"Bangui, Central African Republic",https://www.nbcnews.com/news/us-news/iranian-woman-migrants-deported-us-central-african-republic-rcna349778,,,Bangui,267188d0-5fff-4dd6-ba1d-006ae866904c,Iranian woman among migrants deported from the US to the Central African Republic,,,2026-06-12T00:00:00
chron,Oregon,policy,-123.548056,45.664722,,1,"Northern Oregon, USA",https://www.chron.com/news/article/the-constitution-promises-an-interpreter-for-fair-22302428.php,,,Portland,6ef3020a-caef-4077-b45e-a34b3bf5e6e0,The Constitution promises an interpreter for fair trials – US courts often can’t deliver,,,2026-06-12T00:00:00
elnuevodia,DC,protest,-77.0369274,38.9072873,,1,"Washington, DC, USA",https://www.elnuevodia.com/noticias/estados-unidos/notas/grupos-juridicos-que-ayudan-a-ninos-migrantes-en-estados-unidos-dicen-recibir-visitas-intimidatorias-de-ice/,,,Washington,595ced19-289b-4ee4-a5ed-e445269bd300,Grupos jurídicos que ayudan a niños migrantes en Estados Unidos dicen recibir visitas intimidatorias de ICE,,,2026-06-13T00:00:00
chron,DC,raid,-77.0369274,38.9072873,,1,"Washington, DC, USA",https://www.chron.com/news/politics/article/legal-groups-that-help-migrant-children-say-law-22303228.php,,,Washington,cdaa2247-1b2f-4062-9d81-30c88cbec071,Legal groups that help migrant children say law enforcement visits were attempt at intimidation,,,2026-06-12T00:00:00
pjmedia.com,Virginia,policy,-78.6568942,37.4315734,,1,"Virginia, USA",https://pjmedia.com/catherinesalgado/2026/06/12/dhs-says-it-wont-follow-virginias-dangerous-unmasking-policy-for-ice-n4953905,,,Reston,0cb30cbc-b2c4-42e3-b857-b8a72ba83e2d,DHS Says That It Won't Follow Virginia’s Dangerous Unmasking Policy for ICE,,,2026-06-12T00:00:00
thedailybeast,Florida,detention,-80.1917902,25.7616798,,1,"Miami, Florida, USA",https://www.thedailybeast.com/trump-fans-honeymoon-trip-unravels-into-immigration-nightmare/,,,Miami,144cc118-2e2c-4ba6-a160-1e91ed9cb30a,Trump Fan’s Honeymoon Trip Unravels Into Immigration Nightmare,,,2026-06-12T00:00:00
nypost,California,policy,-118.242643,34.0549076,,1,"Los Angeles, California, USA",https://nypost.com/2026/06/12/us-news/us-homeland-security-boss-markwayne-mullin-meets-with-families-of-loved-ones-murdered-by-illegal-immigrants/,,,Los Angeles,760f2575-17fc-496e-90dc-982fade60e90,US Homeland Security boss Markwayne Mullin holds emotional meeting with families of loved ones murdered by illegal immigrants,,,2026-06-12T00:00:00
chicagotribune,DC,policy,-77.0369274,38.9072873,,1,"Washington, DC, USA",https://www.chicagotribune.com/2026/06/12/grupos-jurdicos-que-ayudan-a-nios-migrantes-en-eeuu-dicen-recibir-visitas-intimidatorias-del-ice/,,,Washington,1d09a911-fa80-4300-bc0d-6d309b8d9b33,Grupos jurídicos que ayudan a niños migrantes en EEUU dicen recibir visitas intimidatorias del ICE,,,2026-06-12T00:00:00
courant.com,DC,policy,-77.0369274,38.9072873,,1,"Washington, DC, USA",https://www.courant.com/2026/06/12/migrant-children-legal-services/,,,Washington,a3db86ae-c4b5-4d87-a0b7-8edd2c3a8b96,Legal groups that help migrant children say law enforcement visits were attempt at intimidation,,,2026-06-12T00:00:00
sun-sentinel,DC,policy,-77.0369274,38.9072873,,1,"Washington, DC, USA",https://www.sun-sentinel.com/2026/06/12/migrant-children-legal-services/,,,Washington,283e6ab5-cf95-4e62-8d55-de4bab233ea5,Legal groups that help migrant children say law enforcement visits were attempt at intimidation,,,2026-06-12T00:00:00
Baltimore Sun,DC,raid,-77.0369274,38.9072873,,1,"Washington, DC, USA",https://www.baltimoresun.com/2026/06/12/migrant-children-legal-services/,,,Washington,ec3790d5-f7ca-438f-9261-6d435a8f29fe,Legal groups that help migrant children say law enforcement visits were attempt at intimidation,,,2026-06-12T00:00:00
nytimes,California,policy,-118.3390235,33.9534765,,1,"SoFi Stadium, 1001 Stadium Way, Inglewood, CA, USA",https://www.nytimes.com/athletic/7355396/2026/06/12/sofi-stadium-workers-ice-agents-usmnt-paraguay/,,,Inglewood,ceb710f9-6c66-406a-9fb9-b3dda40f01dd,SoFi Stadium workers given ‘Kick ICE Out’ buttons by union ahead of USMNT-Paraguay,,,2026-06-12T00:00:00
pilotonline,DC,detention,-77.0369274,38.9072873,,1,"Washington, DC, USA",https://www.pilotonline.com/2026/06/12/migrant-children-legal-services/,,,Washington,2a36d264-fbaf-4262-9970-7318bd720f3a,Legal groups that help migrant children say law enforcement visits were attempt at intimidation,,,2026-06-12T00:00:00
azcentral,AZ,opinion,-112.0725488,33.4482948,,1,"Phoenix, AZ, USA",https://www.azcentral.com/story/opinion/op-ed/2026/06/12/babies-in-ice-custody-what-is-wrong-opinion/90497561007/?gca-cat=p&gnt-cfr=1&gnt-djm=1,,,Phoenix,84496146-fcb4-44c7-aa7e-90edb305ff6f,500 babies in ICE custody. What is wrong with us?,,,2026-06-12T00:00:00
Orlando Sentinel,DC,policy,-77.0369274,38.9072873,,1,"Washington, DC, USA",https://www.orlandosentinel.com/2026/06/12/migrant-children-legal-services/,,,Washington,d50da2ac-a794-4f1d-b26f-72b5adda613c,Legal groups that help migrant children say law enforcement visits were attempt at intimidation,,,2026-06-12T00:00:00
ocregister,DC,policy,-77.0369274,38.9072873,,1,"Washington, DC, USA",https://www.ocregister.com/2026/06/12/migrant-children-legal-services/,,,Washington,4d811bf5-7503-4f90-b47f-1ff8b131cb7e,Legal groups that help migrant children say law enforcement visits were attempt at intimidation,,,2026-06-12T00:00:00
azcentral,Arizona,detention,-111.554844,32.7558962,,1,"Eloy, Arizona, USA",https://www.azcentral.com/story/news/politics/immigration/2026/06/12/ice-removes-gps-monitor-from-grandma/90515173007/?gca-cat=p&gnt-cfr=1&gnt-djm=1,,,Eloy,aa3e4944-e7f7-44f8-a75a-fab539253966,ICE removes GPS monitor from grandma released from detention,,,2026-06-12T00:00:00
twincities,DC,raid,-77.0369274,38.9072873,,1,"Washington, DC, USA",https://www.twincities.com/2026/06/12/migrant-children-legal-services/,,,Washington,bdcd9578-5e52-41a9-85dc-13cbee642d6d,Legal groups that help migrant children say law enforcement visits were attempt at intimidation,,,2026-06-12T00:00:00
townhall,Maryland,detention,-76.3637285,39.5838964,,1,"Harford County, Maryland, USA",https://townhall.com/tipsheet/cameron-arcand/2026/06/12/exclusive-illegal-alien-charged-with-child-sexual-abuse-faces-ice-detainer-n2677669,,,Harford County,ee43a700-ca52-4257-9140-3b35cbe9303e,EXCLUSIVE: Illegal Alien Charged With Child Sexual Abuse Faces ICE Detainer,,,2026-06-12T00:00:00
sfgate.com,DC,protest,-77.0369274,38.9072873,,1,"Washington, DC, USA",https://www.sfgate.com/news/politics/article/legal-groups-that-help-migrant-children-say-law-22303228.php,,,Washington,60446b2e-cb26-4f33-a9e3-244523a3bff7,Legal groups that help migrant children say law enforcement visits were attempt at intimidation,,,2026-06-12T00:00:00
cbsnews.com, Maryland,policy,-76.6104072,39.2905023,,1,"Baltimore, Maryland, USA",https://www.cbsnews.com/baltimore/news/maryland-ice-arrests-school-graduation-reaction/,,,Baltimore,2026011f-6da3-461f-87dc-c32a4540d56b,Baltimore school officials deny ICE's claims about coordinating arrests during graduation ceremony,,,2026-06-12T00:00:00
theintercept,DC,policy,-77.0369274,38.9072873,,1,"Washington, DC, USA",https://theintercept.com/2026/06/12/dc-mayor-teen-curfew-kenyan-mcduffie-janeese-lewis-george/,,,Washington,fe479829-2248-4121-b21f-f3acb0a740a8,D.C. Mayor Candidates Are Fixating on Teen Hangouts — and Turning the Cops on Them,,,2026-06-12T00:00:00
newsweek,Maryland,arrest,-76.6104072,39.2905023,,1,"Baltimore, MD, USA",https://www.newsweek.com/video-shows-ice-agents-arrest-mom-dad-outside-baltimore-school-12064478,,,Baltimore,384556b0-5f82-4f34-ad9f-0ac6d0e69fad,"Videos show ICE agents arrest mom, dad outside school",,,2026-06-12T00:00:00
dallasnews,Texas,policy,-96.835567,33.1496718,,1,"Frisco, Texas, USA",https://www.dallasnews.com/news/elections/article/frisco-choose-new-mayor-june-13-election-22301437.php,,,Frisco,bce205b3-5b94-4ab8-9d61-8918b65963c0,"Frisco voters to choose new mayor, first time in nine years",,,2026-06-12T00:00:00
theguardian,New Jersey,protest,-74.4056612,40.0583238,,1,"New Jersey, USA",https://www.theguardian.com/us-news/2026/jun/12/delaney-hall-ice-detention-strike,,,Newark,189025b0-7249-4e8f-9d1f-ae445c6f8b82,Women held at much-denounced ICE detention camp sign on to hunger strike,,,2026-06-12T00:00:00
arkansasonline,North Carolina,unknown,-78.6381787,35.7795897,,1,"Raleigh, NC, USA",https://www.arkansasonline.com/news/2026/jun/12/carolina-closes-in-on-a-stanley-cup/,,,Raleigh,d9edb40f-4d2d-4b5f-bf73-f443cd507f98,Carolina closes in on a Stanley Cup,,,2026-06-12T00:00:00
sandiegouniontribune,Oregon,protest,-122.6783853,45.515232,,1,"Portland, Oregon, USA",https://www.sandiegouniontribune.com/2026/06/12/anti-ice-protester-portland-sentenced-assault/,,,Portland,c9aeb357-25a5-4061-a490-ff7ce1df7b5d,Anti-ICE protester in Portland sentenced to 30 months in prison for assaulting a federal officer,,,2026-06-12T00:00:00
newsday,,policy,18.5827765,4.362156,,1,"Bangui, Central African Republic",https://www.newsday.com/news/nation/central-african-republic-immigration-deportations-trump-iran-q32059,,,Bangui,8b5a1dba-f9fa-44d5-9885-a2b18b7da18c,Iranian woman among migrants deported from the US to the Central African Republic,,,2026-06-12T00:00:00
sandiegouniontribune,,policy,18.5827765,4.362156,,1,"Bangui, Central African Republic",https://www.sandiegouniontribune.com/2026/06/12/iranian-migrant-deported-central-african-republic/,,,Bangui,5791988b-ea69-4892-b604-03516df159b6,Iranian woman among migrants deported from the US to the Central African Republic,,,2026-06-12T00:00:00
nbcnews,Florida,detention,-80.3341312,25.8216636,,1,"Doral, Florida, USA",https://www.nbcnews.com/news/us-news/venezuelan-immigrant-detained-doral-trump-rcna348507,,,Doral,998d9c30-20d0-4099-a6f5-0f170a227ad6,"He took his wife, a Trump fan, to the president’s hotel in Doral. Instead he was detained by ICE.",,,2026-06-12T00:00:00
dailycaller,Virginia,policy,-77.0435257,38.804693,,1,"Alexandria, Virginia, USA",https://dailycaller.com/2026/06/12/horrific-child-abusing-priest-case-could-now-lead-to-deportation/,,,Alexandria,9461cad4-dca2-49ff-8699-668bc9e16ed0,"DOJ Seeks Denaturalization For Pedo Priest Who Abused Own Children, Underage Parishioner",,,2026-06-12T00:00:00
ms.now,DC,policy,-77.0369274,38.9072873,,1,"Washington, DC, USA",https://www.ms.now/news/ariana-grande-white-house-ice-bye-bye-video,,,Washington,97b9d2c4-93c9-4401-ada1-b44a3abe9225,Ariana Grande blasts White House for using her song in an ICE video,,,2026-06-12T00:00:00
variety,California,policy,-118.242643,34.0549076,,1,"Los Angeles, California, USA",https://variety.com/2026/tv/news/jacob-soboroff-ms-now-connectc-weekend-creator-media-1236779812/,,,Los Angeles,8ac7be47-be75-4b3a-9fa5-65e81933c43f,Jacob Soboroff Aims to ‘Connect’ New MS NOW Weekend Show With Social-Media Energy,,,2026-06-12T00:00:00
newsday,Michigan,detention,-83.0424533,42.32971819999999,,1,"Detroit, Michigan, USA",https://www.newsday.com/news/nation/asylum-seeker-broken-knee-ice-detroit-i35351,,,Detroit,4c92e01c-8735-4fd7-a67c-5a8881754e53,"Detroiter says ICE agents broke her knee, disputing agency's account",,,2026-06-11T00:00:00
newsday,Oregon,protest,-122.6783853,45.515232,,1,"Portland, Oregon, USA",https://www.newsday.com/news/nation/ice-immigration-protests-prosecutions-doj-arrests-n68184,,,Portland,f51773d2-5cf0-4d66-803c-5e987cefa637,Anti-ICE protester in Portland sentenced to 30 months in prison for assaulting a federal officer,,,2026-06-12T00:00:00
orlandosentinel,,policy,18.5827765,4.362156,,1,"Bangui, Central African Republic",https://www.orlandosentinel.com/2026/06/12/iranian-migrant-deported-central-african-republic/,,,Bangui,c79a3c56-1de4-496d-a6fd-a6c939364cd1,Iranian woman among migrants deported from the US to the Central African Republic,,,2026-06-12T00:00:00
huffpost,NY,policy,-74.0059728,40.7127753,,1,"New York, NY, USA",https://www.huffpost.com/entry/markwayne-mullin-zohran-mamdani-anti-police_n_6a2b29f0e4b0942fb776eb43,,,New York,a3cd2e38-28a8-4cbc-b354-93fb055ca84a,Markwayne Mullin Suggests NYC Residents Should ‘Wise Up’ And Remove Zohran Mamdani From Office,,,2026-06-11T00:00:00
newsday,NY,policy,-74.0059728,40.7127753,,1,"New York City, NY, USA",https://www.newsday.com/news/region-state/hochul-homan-ice-agents-new-york-city-bpp1un28,,,New York,ae42cea0-7723-4eab-82fb-1470cf12c486,Hochul warns against federal government's threatened surge of ICE agents,,,2026-06-11T00:00:00
sun-sentinel,,policy,18.5827765,4.362156,,1,"Bangui, Central African Republic",https://www.sun-sentinel.com/2026/06/12/iranian-migrant-deported-central-african-republic/,,,Bangui,3842aaf3-2e88-47d0-8252-e126cb9bbeac,Iranian woman among migrants deported from the US to the Central African Republic,,,2026-06-12T00:00:00
usmagazine.com,NJ,protest,-99.2004463,28.6579378,,1,"Newark, NJ, USA; Washington, DC, USA; Dilley Immigration Detention Center, Texas, USA",https://www.usmagazine.com/celebrity-news/news/ms-rachel-defends-speaking-out-on-politics-visiting-detention-center/,,,Newark,717daa4c-2f5b-4775-8320-bf346e34fe54,Children’s Entertainer Ms. Rachel Defends Weighing In on Politics After Visiting Detention Center,,,2026-06-12T00:00:00
ocregister,,policy,18.5827765,4.362156,,1,"Bangui, Central African Republic",https://www.ocregister.com/2026/06/12/iranian-migrant-deported-central-african-republic/,,,Bangui,d14b37b1-79bc-4562-b515-8e5c4e29b1e3,Iranian woman among migrants deported from the US to the Central African Republic,,,2026-06-12T00:00:00
pilotonline,,policy,18.5827765,4.362156,,1,"Bangui, Central African Republic",https://www.pilotonline.com/2026/06/12/iranian-migrant-deported-central-african-republic/,,,Bangui,591d6e3c-a5a7-41ab-bf07-931c57d46975,Iranian woman among migrants deported from the US to the Central African Republic,,,2026-06-12T00:00:00
Baltimore Sun,,policy,18.5827765,4.362156,,1,"Bangui, Central African Republic",https://www.baltimoresun.com/2026/06/12/iranian-migrant-deported-central-african-republic/,,,Bangui,21dbcc99-91aa-418d-b09f-28d401b2e059,Iranian woman among migrants deported from the US to the Central African Republic,,,2026-06-12T00:00:00
univision.com,Arizona,detention,-111.0937311,34.0489281,,1,"Arizona, USA",https://www.univision.com/noticias/estados-unidos/el-ice-retira-gps-a-maria-cristina-tapia-cornejo-inmigrante-mexicana-de-71-anos-liberada-en-arizona,,,Cottonwood,0462d32c-6030-436e-9160-9fdf7368e03e,"ICE retira el monitoreo por GPS a María Cristina Tapia, una mujer mexicana de 71 años liberada en Arizona",,,2026-06-12T00:00:00
courant,,policy,18.5827765,4.362156,,1,"Bangui, Central African Republic",https://www.courant.com/2026/06/12/iranian-migrant-deported-central-african-republic/,,,Bangui,161d91ee-dc27-45f0-ab1d-9075b5ce441f,Iranian woman among migrants deported from the US to the Central African Republic,,,2026-06-12T00:00:00
latimes,California,protest,-118.242643,34.0549076,,1,"Los Angeles, CA, USA",https://www.latimes.com/espanol/deportes/articulo/2026-06-06/trabajadores-del-sofi-stadium-autorizan-huelga-antes-del-mundial,,,Los Angeles,daf76568-1635-4297-8b9e-85a2318106ac,Trabajadores del SoFi Stadium votan para autorizar una huelga a días del Mundial,,,2026-06-06T00:00:00
orlandosentinel.com,Oregon,protest,-122.6783853,45.515232,,1,"Portland, Oregon, USA",https://www.orlandosentinel.com/2026/06/12/anti-ice-protester-portland-sentenced-assault/,,,Portland,c01ad096-945a-4ac5-93ee-6f1215b4a8d9,Anti-ICE protester in Portland sentenced to 30 months in prison for assaulting a federal officer,,,2026-06-12T00:00:00
Baltimore Sun,Oregon,protest,-122.6783853,45.515232,,1,"Portland, Oregon, USA",https://www.baltimoresun.com/2026/06/12/anti-ice-protester-portland-sentenced-assault/,,,Portland,f366fc70-59f9-4e63-89fd-a5790bf43730,Anti-ICE protester in Portland sentenced to 30 months in prison for assaulting a federal officer,,,2026-06-12T00:00:00
pilotonline,Oregon,protest,-122.6783853,45.515232,,1,"Portland, Oregon, USA",https://www.pilotonline.com/2026/06/12/anti-ice-protester-portland-sentenced-assault/,,,Portland,51c25ede-bfa9-46a2-ae56-4fee48fa7d04,Anti-ICE protester in Portland sentenced to 30 months in prison for assaulting a federal officer,,,2026-06-12T00:00:00
univision.com,Oregon,detention,-122.6783853,45.515232,,1,"Portland, Oregon, USA",https://www.univision.com/noticias/inmigracion/30-meses-de-prision-por-lanzar-una-piedra-contra-un-agente-del-ice-en-una-protesta,,,Portland,9b9620d6-b76d-430b-8ca0-01d4b789e177,30 meses de prisión por lanzar una piedra contra un agente del ICE en una protesta,,,2026-06-12T00:00:00
mercurynews,California,protest,-118.0326781,33.9754423,,1,"Whittier, California, USA",https://www.mercurynews.com/2026/06/12/federal-officials-say-whittier-mayors-encounter-with-ice-agent-was-interference-with-immigration-probe/,,,Whittier,211e16b6-1774-41fd-86bf-2b0b711dd09c,Federal officials say California mayor’s encounter with ICE agent was ‘interference’ with immigration probe,,,2026-06-12T00:00:00
ocregister,Oregon,protest,-122.6783853,45.515232,,1,"Portland, Oregon, USA",https://www.ocregister.com/2026/06/12/anti-ice-protester-portland-sentenced-assault/,,,Portland,d4f310b0-fec5-48db-b275-133d1bbc9588,Anti-ICE protester in Portland sentenced to 30 months in prison for assaulting a federal officer,,,2026-06-12T00:00:00
theconversation,Oregon,detention,-120.5542012,43.8041334,,1,"Oregon, USA",https://theconversation.com/the-constitution-promises-an-interpreter-for-fair-trials-us-courts-often-cant-deliver-283540,,,Portland,c0a4f1b1-d1e8-44c7-9746-d79d27b8f91a,The Constitution promises an interpreter for fair trials – US courts often can’t deliver,,,2026-06-12T00:00:00
redstate,Utah,arrest,-111.8338359,41.7369803,,1,"Logan, Utah, USA",https://redstate.com/jenniferoo/2026/06/12/what-is-up-utah-court-clerks-allegedly-hatch-a-plot-to-help-an-illegal-circumvent-ice-arrest-n2203274,,,Logan,4f241ad8-8cc3-4ad5-801e-c090fac6aab8,Utah Court Clerks Allegedly Pulled a ‘Hannah Dugan’ for Illegals,,,2026-06-12T00:00:00
dailysignal,,policy,-5.93012,54.59728500000001,,1,"Belfast, Northern Ireland, United Kingdom",https://www.dailysignal.com/2026/06/12/ireland-migrant-violence-newsom-sanctuary-policies/,,,Belfast,c001496c-18d4-4c86-b94d-3513b20dbcd1,Newsom Stands Firm on Sanctuary Policies Amid Ireland Migrant Violence,,,2026-06-12T00:00:00
cbsnews,Maryland,arrest,-76.6104072,39.2905023,,1,"Baltimore, Maryland, USA",https://www.cbsnews.com/baltimore/video/ice-agents-arrest-2-adults-outside-baltimore-school/,,,Baltimore,89965f7d-7f21-4cab-bc38-bb62d341ef09,ICE agents arrest 2 adults outside Baltimore school,,,2026-06-12T00:00:00
mercurynj,New Jersey,arrest,-74.3786602,40.9155825,,1,"Montville Township, New Jersey, USA",https://www.mercurynews.com/2026/06/12/teresa-giudice-daughter-arrested-assault/?preview_id=12930686,,,Montville Township,db02de75-c7d1-437f-b0c6-0ba0899f8da7,‘RHONJ’ star Teresa Giudice’s daughter arrested for assault,,,2026-06-12T00:00:00
latimes,California,policy,-118.242643,34.0549076,,1,"Los Angeles, California, USA",https://www.latimes.com/california/story/2026-06-12/bass-carried-more-latino-neighborhoods-than-raman-pratt-combined-precinct-data-show,,,Los Angeles,e6daa0e2-1b30-41f0-89e0-fe641dd63c33,"Bass carried more Latino neighborhoods than Raman and Pratt combined, precinct data show",,,2026-06-12T00:00:00
chicagotribune,Illinois,protest,-87.6323879,41.88325,,1,"Chicago, Illinois, USA",https://www.chicagotribune.com/2026/06/12/una-mujer-iran-entre-los-migrantes-deportados-por-eeuu-a-repblica-centroafricana/,,,Chicago,3519b7a6-e811-4ff3-ae84-33af197aeb3e,"Una mujer iraní, entre los migrantes deportados por EEUU a República Centroafricana",,,2026-06-12T00:00:00
motherjones,Ohio,policy,-83.8098689,39.9234389,,1,"Springfield, Ohio, USA",https://www.motherjones.com/politics/2026/06/the-supreme-courts-pending-tps-decision-on-haitians-humanitarian-status-is-a-matter-of-life-and-death/,,,Springfield,1dc71fa2-409a-43ca-8154-dae260bcac58,The Supreme Court’s pending decision on Haitians’ humanitarian status is a matter of “life and death”,,,2026-06-12T00:00:00
courant.com,Oregon,protest,-122.6783853,45.515232,,1,"Portland, Oregon, USA",https://www.courant.com/2026/06/12/anti-ice-protester-portland-sentenced-assault/,,,Portland,cb03894a-c7c2-43fc-92b9-e34ef13d95fa,Anti-ICE protester in Portland sentenced to 30 months in prison for assaulting a federal officer,,,2026-06-12T00:00:00
cnn,Maryland,raid,-76.6104072,39.2905023,,1,"Baltimore, Maryland, USA",https://www.cnn.com/2026/06/11/us/baltimore-school-ice-arrest-maryland,,,Baltimore,49db4fda-ed59-4a7b-bff2-b09e6c2374e2,"Immigration agents detain 2 people on school grounds in Baltimore, sparking backlash",,,2026-06-11T00:00:00
inquirer,PA,policy,-75.1652215,39.9525839,,1,"Philadelphia, PA, USA",https://www.inquirer.com/opinion/world-cup-philadelphia-ecuador-france-brazil-haiti-20260612.html,,,Philadelphia,518896dd-9267-4ff9-ab02-4f6d6d4a5c9f,"With or without World Cup tickets, these Philly fans are ready for Sunday — and beyond",,,2026-06-12T00:00:00
latimes,California,policy,-118.242643,34.0549076,,1,"Los Angeles, California, USA",https://www.latimes.com/politics/story/2026-06-12/year-after-ice-swept-l-a-fewer-raids-but-harsher-rules-squeeze-immigrants-nationwide,,,Los Angeles,2e363a11-698f-4f5c-b801-db058dd1728c,"A year after ICE swept L.A., fewer raids but harsher rules squeeze immigrants nationwide",,,2026-06-12T00:00:00
latimes,DC,policy,-77.0369274,38.9072873,,1,"Washington, DC, USA",https://www.latimes.com/politics/story/2026-06-12/house-democrats-ask-new-ice-director-to-roll-back-policy-on-visits,,,Washington,28c40656-ffd6-4d4e-b430-296fad951e65,House Democrats ask new ICE director to roll back policy limiting oversight visits,,,2026-06-12T00:00:00
chron,Florida,arrest,-81.5157535,27.6648274,,1,"Florida, USA",https://www.chron.com/news/article/arrestos-migratorios-en-florida-aumentan-en-22301196.php,,,,738eb7ef-a039-4f2f-9e92-70848e188c03,"Arrestos migratorios en Florida aumentan en silencio, liderados por agencias estatales y locales",,,2026-06-11T00:00:00
chron,Michigan,protest,-83.0424533,42.32971819999999,,1,"Detroit, Michigan, USA",https://www.chron.com/news/article/mujer-de-detroit-acusa-a-agentes-del-ice-de-22301902.php,,,Detroit,131ec503-4d09-471d-a5ee-2b33a1582eb0,"Mujer de Detroit acusa a agentes del ICE de romperle la rodilla, contradiciendo la versión oficial",,,2026-06-11T00:00:00
chron,Michigan,detention,-83.0424533,42.32971819999999,,1,"Detroit, Michigan, USA",https://www.chron.com/news/article/detroiter-says-ice-agents-broke-her-knee-22301789.php,,,Detroit,a485869a-fcbe-44ba-85ee-b98cbfa0b50a,"Detroiter says ICE agents broke her knee, disputing agency’s account",,,2026-06-11T00:00:00
sfgate,Oregon,protest,-122.6783853,45.515232,,1,"Portland, Oregon, USA",https://www.sfgate.com/news/article/anti-ice-protester-in-portland-sentenced-to-30-22302027.php,,,Portland,9ffb66fa-8bfc-465a-9f45-35343ef720f0,Anti-ICE protester in Portland sentenced to 30 months in prison for assaulting a federal officer,,,2026-06-12T00:00:00
cbsnews,Florida,arrest,-80.1917902,25.7616798,,1,"Miami, Florida, USA",https://www.cbsnews.com/miami/news/human-trafficking-sting-ahead-of-world-cup-2026/,,,Miami,d54f3f27-4ec2-4da5-8ba2-4c2dd9a230cd,"Woman targeted by traffickers, retired federal agent react to human trafficking sting ahead of World Cup",,,2026-06-11T00:00:00
chron.com,Oregon,protest,-122.6783853,45.515232,,1,"Portland, Oregon, USA",https://www.chron.com/news/article/anti-ice-protester-in-portland-sentenced-to-30-22302027.php,,,Portland,6db39622-778b-4184-bb74-fc0f452533ba,Anti-ICE protester in Portland sentenced to 30 months in prison for assaulting a federal officer,,,2026-06-12T00:00:00
nypost,Oregon,protest,-122.6783853,45.515232,,1,"Portland, Oregon, USA",https://nypost.com/2026/06/12/us-news/portland-man-robert-jacob-hoopes-sentenced-to-30-months-in-prison-for-throwing-rock-at-ice-officer/,,,Portland,03ab9db0-c080-474c-a09d-ddffdabb5aed,Portland man sentenced to 30 months in prison for throwing rock at ICE officer during protest,,,2026-06-12T00:00:00
breitbart,Missouri,detention,-90.78836040000002,38.7809384,,1,"Lake Saint Louis, Missouri, USA",https://www.breitbart.com/border/2026/06/11/exclusive-illegal-alien-mom-deported-after-attempting-to-give-away-baby-for-smuggling-fees-says-ice/,,,Lake Saint Louis,87a590ee-5883-4108-8f87-c5a5a3bf398d,"EXCLUSIVE: Illegal Alien Mom Deported After Attempting to Give Away Baby for Smuggling Fees, Says ICE",,,2026-06-11T00:00:00
providencejournal,Rhode Island,policy,-71.4774291,41.5800945,,1,"Rhode Island, USA",https://www.providencejournal.com/story/news/politics/government/2026/06/11/ris-legislative-session-ends-june-11-heres-what-passed-and-died/90506189007/,,,Providence,113a6f52-c068-4a0c-8ee4-6fdecab5669b,"RI's legislative session ends June 11, here's what passed and died",,,2026-06-11T00:00:00
latimes,DC,policy,-77.0369274,38.9072873,,1,"Washington, DC, USA",https://www.latimes.com/entertainment-arts/story/2026-06-11/ariana-grande-tells-white-house-not-to-use-song-in-barbaric-tiktok,,,Washington,cc4ddd14-325c-4b91-8331-0e2a6988145f,"Ariana Grande tells the White House not to use her music in 'barbaric, inhumane' ICE post",,,2026-06-11T00:00:00
inquirer,Oregon,protest,-122.6783853,45.515232,,1,"Portland, Oregon, USA",https://www.inquirer.com/wires/ap/anti-ice-protester-portland-sentenced-30-months-prison-assaulting-federal-officer-20260611.html,,,Portland,efa0ea4b-37b0-46ea-b466-1505cd5d7c0a,Anti-ICE protester in Portland sentenced to 30 months in prison for assaulting a federal officer,,,2026-06-12T00:00:00
ajc.com,Georgia,policy,-84.3885209,33.7501275,,1,"Atlanta, Georgia, USA",https://www.ajc.com/sports/2026/06/with-ice-presence-some-atlanta-area-communities-wont-engage-in-world-cup/,,,Atlanta,753c1559-b218-4647-800e-cd24ba10d527,"With ICE presence, some Atlanta-area communities won’t engage in World Cup",,,2026-06-11T00:00:00
townhall.com,Utah,arrest,-111.8338359,41.7369803,,1,"Logan, Utah, USA",https://townhall.com/tipsheet/scott-mcclallen/2026/06/11/two-former-utah-court-clerks-arrested-for-allegedly-helping-illegal-alien-escape-ice-n2677636,,,Logan,a594b4c9-a927-431a-b9b4-a1261a48ca02,Two Former Utah Court Clerks Arrested for Allegedly Helping Illegal Alien Escape ICE,,,2026-06-11T00:00:00
cbsnews,NY,policy,-74.0059728,40.7127753,,1,"New York, NY, USA",https://www.cbsnews.com/newyork/news/kathy-hochul-border-czar-ice-threat/,,,New York,dc7c0a28-b487-4932-ae7c-2e388aaeb0af,"Gov. Hochul reacts to border czar's ICE surge threats: ""Not New York, not ever.""",,,2026-06-11T00:00:00
jezebel,California,protest,-118.144302,34.1476527,,1,"Pasadena, California, USA",https://www.jezebel.com/police-accidental-shootings-feds-unintended-discharge-horseplay-pasadena-officer-shot,,,Pasadena,7016b37b-5359-4bfe-9f56-f7e2df41636d,Never Doubt the Ability of Police or Feds to Accidentally Shoot Themselves or Others,,,2026-06-11T00:00:00
nypost,California,policy,-119.4179324,36.778261,,1,"California, USA",https://nypost.com/2026/06/11/us-news/california-7-year-old-left-with-half-a-skull-after-crash-involving-undocumented-truck-driver-shares-touching-moment-with-trumps-top-brass/,,,Los Angeles area (implied California),c5fe8cfe-ac67-4b07-b818-cdc4992b3ec2,California 7-year-old left with half a skull after crash involving undocumented truck driver shares touching moment with Trump’s top brass,,,2026-06-11T00:00:00
chicagotribune,Michigan,detention,-83.0424533,42.32971819999999,,1,"Detroit, Michigan, USA",https://www.chicagotribune.com/2026/06/11/mujer-de-detroit-acusa-a-agentes-del-ice-de-romperle-la-rodilla-contradiciendo-la-versin-oficial/,,,Detroit,91a4bb07-3461-43a7-abbb-b0eba2e3d135,"Mujer de Detroit acusa a agentes del ICE de romperle la rodilla, contradiciendo la versión oficial",,,2026-06-11T00:00:00
usmagazine,,policy,-77.0369274,38.9072873,,1,"Washington, DC, USA",https://www.usmagazine.com/celebrity-news/news/ariana-grande-slams-white-house-using-her-music-in-ice-video/,,,,f3ea061f-e3b2-43f0-a364-3aa7706c7379,Ariana Grande Slams White House for Using Her Music in Pro-ICE Video: ‘Heinous Nonsense’,,,2026-06-11T00:00:00
inquisitr,Illinois,protest,-87.6323879,41.88325,,1,"Chicago, IL, USA",https://www.inquisitr.com/grand-jurors-bombshell-remark-exposes-the-dojs-relentless-ice-protest-crackdown-i-thought-it-was-a-crock-of-s/,,,Chicago,bfe5a90d-0779-41b3-9d90-20d05211b0b4,Grand Juror’s Bombshell Remark Exposes the DOJ’s Relentless ICE Protest Crackdown—’I Thought It Was a Crock of S–‘,,,2026-06-11T00:00:00
nbcnews,Nebraska,raid,-95.9345034,41.2565369,,1,"Omaha, Nebraska, USA",https://www.nbcnews.com/news/us-news/omaha-nebraska-immigration-raids-year-later-business-impact-rcna349398,,,Omaha,5adf6307-1f45-44fc-9cfe-a6d7b1ae4448,"A Nebraska immigration raid shut businesses down a year ago. The fallout is ongoing, officials say.",,,2026-06-11T00:00:00
cbsnews.com,California,protest,-118.242643,34.0549076,,1,"Los Angeles, California, USA",https://www.cbsnews.com/losangeles/video/protesters-gather-one-year-after-immigration-enforcement-operations-begin-in-los-angeles-county/,,,Los Angeles,7d851819-f6a3-42cd-9ad8-1a8fe708f3a5,Protesters gather one year after immigration enforcement operations begin in Los Angeles County,,,2026-06-06T00:00:00
mercurynews,New Jersey,protest,-74.1744671,40.7315293,,1,"Newark, New Jersey, USA",https://www.mercurynews.com/2026/06/06/what-to-know-about-the-ongoing-protests-and-arrests-outside-a-new-jersey-detention-center/,,,Newark,1b4a4ae2-a59a-4290-9a9e-2589c3bc19f6,What to know about the ongoing protests and arrests outside a New Jersey detention center,,,2026-06-06T00:00:00
pbs.org,New Jersey,protest,-74.1744671,40.7315293,,1,"Newark, NJ, USA",https://www.pbs.org/newshour/nation/what-to-know-about-the-protests-and-arrests-outside-a-new-jersey-detention-center,,,Newark,10fa4dfd-d13b-42c6-babe-279766ed7bde,What to know about the protests and arrests outside a New Jersey detention center,,,2026-06-06T00:00:00
wired.com,,protest,-2.2426305,53.4807593,,1,"Manchester, England, United Kingdom",https://www.wired.com/story/palantir-protests-nhs-conference-uk/,,,Manchester,d94e3515-9900-42e3-a837-f0c815892c51,‘Hands Off Our NHS’: Anti-Palantir Protests Break Out in UK Over Deal With National Health Service,,,2026-06-11T00:00:00
inquirer,Pennsylvania,raid,-75.51491279999999,40.1303822,,1,"Phoenixville, Pennsylvania, USA",https://www.inquirer.com/politics/pennsylvania/ice-arrests-phoenixville-say-immigration-advocates-20260611.html,,,Phoenixville,94af60db-83cd-4481-a33a-52a29f94c885,"ICE arrests six in Phoenixville Thursday, say immigration advocates",,,2026-06-11T00:00:00
nypost.com,NY,protest,-74.0037546,40.7152635,,1,"New York, NY, USA, 26 Federal Plaza, Manhattan",https://nypost.com/2026/06/11/us-news/brad-lander-tears-up-after-judge-finds-him-not-guilty-in-nyc-ice-arrest-episode/,,,New York,1ed1ed6f-9734-4590-ab92-576450907c6d,Brad Lander tears up after judge finds him not guilty of federal ‘violation’ in ICE center arrest,,,2026-06-11T00:00:00
sfgate,Michigan,detention,-83.0424533,42.32971819999999,,1,"Detroit, Michigan, USA",https://www.sfgate.com/news/article/detroiter-says-ice-agents-broke-her-knee-22301789.php,,,Detroit,5a7c347a-a2dd-4dbb-a1e6-a4933903a738,"Detroiter says ICE agents broke her knee, disputing agency’s account",,,2026-06-11T00:00:00
cbsnews,California,arrest,-122.0405151,38.2491956,,1,"Fairfield, California, USA",https://www.cbsnews.com/sacramento/news/germany-attempted-murder-california-arrest-indian-national/,,,Fairfield,a9a05547-ed7d-4fca-87ed-76db3ec2f538,"Indian national illegally in U.S. arrested in California for alleged attempted murder in Germany, ICE says",,,2026-06-10T00:00:00
cbnews,Maryland,raid,-76.6104072,39.2905023,,1,"Baltimore, Maryland, USA",https://www.cbsnews.com/baltimore/news/ice-immigration-arrest-school-graduation-maryland/,,,Baltimore,492b6eea-6418-45c3-85fc-8dc8b398b309,ICE arrests 2 adults at Baltimore pre-school graduation,,,2026-06-11T00:00:00
dailykos.com,NY,policy,-74.0059728,40.7127753,,1,"New York, NY, USA",https://www.dailykos.com/stories/2026/6/11/800053648/videos/homeland-security-chief-is-sad-that-mamdani-wont-be-his-friend/,,,New York,af584b4d-5499-40b9-ad64-2cf8f2dc0530,Homeland Security chief is sad that Mamdani won’t be his friend,,,2026-06-11T00:00:00
cbsnews.com,California,policy,-121.5566373,37.0029828,,1,"Gilroy, California, USA",https://www.cbsnews.com/sanfrancisco/news/gilroy-ice-facility-lawsuit-california-attorney-general-santa-clara-county/,,,Gilroy,708d1f21-8f2e-44ac-a4d3-9e33b231a6eb,"California, Santa Clara County sue Trump administration to block Gilroy ICE facility",,,2026-06-10T00:00:00
theguardian,NY,policy,-74.0037546,40.7152635,,1,"New York, NY, USA (26 Federal Plaza, Manhattan)",https://www.theguardian.com/us-news/2026/jun/11/brad-lander-not-guilty-blocking-elevator-new-york-ice,,,New York,0a928395-cb8a-4a4a-9618-a0984c17b861,Brad Lander found not guilty of blocking elevator at New York ICE facility,,,2026-06-11T00:00:00
chicagotribune,Illinois,arrest,-87.6355995,41.506146,,1,"Chicago Heights, Illinois, USA",https://www.chicagotribune.com/2026/06/11/federal-enforcement-officers-chicago-heights-arrest/,,,Chicago Heights,8c8a4566-f6a4-4554-bc72-aa7f201cc0ca,"Federal enforcement officers return to Chicago Heights, residents and advocates respond",,,2026-06-11T00:00:00
sandiegouniontribune,Florida,policy,-81.5157535,27.6648274,,1,"Florida, USA",https://www.sandiegouniontribune.com/2026/06/11/florida-immigration-arrests-surge/,,,Bonita Springs,7b9a471a-1ff9-4295-af6c-fb36e59f495d,"Florida immigration arrests have quietly surged, with state and local agencies at the forefront",,,2026-06-11T00:00:00
inquirer,Texas,protest,-99.1705887,28.6674802,,1,"Dilley, Texas, USA",https://www.inquirer.com/politics/nation/ms-rachel-family-detention-children-ice-capitol-hill-20260611.html,,,Dilley,42c125b2-29a3-449c-8f53-05d63069f367,"Ms. Rachel goes to Washington, carrying letters from children in ICE custody",,,2026-06-11T00:00:00
newsday,New York,raid,-73.425676,40.8681539,,1,"Huntington, NY, USA",https://www.newsday.com/long-island/investigations/sex-massage-spa-erx3y7o0,,,Huntington,4a7a31f6-f480-42d7-9a3d-ffb827025910,Hundreds of Long Island massage spas sell sex. Neighbors complain. Police raid them. Business is booming.,,,2026-06-11T00:00:00
inquirer,PA,opinion,-75.1652215,39.9525839,,1,"Philadelphia, PA, USA",https://www.inquirer.com/opinion/tuan-van-bui-ice-custody-death-20260611.html,,,Philadelphia,99b41cbe-27c4-4a0d-a2a6-61af11958fc9,The U.S. welcomed this child of the Vietnam War. Why did he die in ICE custody?,,,2026-06-11T00:00:00
Newsday,Florida,policy,-81.80096759999999,26.3305585,,1,"Bonita Springs, Florida, USA",https://www.newsday.com/news/nation/florida-ice-trump-immigration-crackdown-r17735,,,Bonita Springs,94e127e9-e59d-47fb-b805-1940c6bc89c5,"Florida immigration arrests have quietly surged, with state and local agencies at the forefront",,,2026-06-11T00:00:00
dailysignal,,policy,-77.0369274,38.9072873,,1,"Washington, DC, USA",https://www.dailysignal.com/2026/06/11/were-going-to-find-you-doj-takes-decisive-action-against-criminals-who-smuggled-illegal-alien-children/,,,,5fcd298b-afc6-43a0-a661-e8d3aec186a6,We're Going to Find You': DOJ Takes Decisive Action Against Criminals Who Smuggled Illegal Alien Children,,,2026-06-11T00:00:00
pilotonline,Virginia,policy,-76.28587259999999,36.8507689,,1,"Norfolk, Virginia, USA",https://www.pilotonline.com/2026/06/11/norfolk-public-comment-flock-camera/,,,Norfolk,5e92c484-c2d2-4f43-97b9-c7dee3f6264e,Norfolk mayor limits ‘repetitive’ comments about surveillance at public meeting,,,2026-06-11T00:00:00
latimes,California,detention,-117.409215,34.5827699,,1,"Adelanto, California, USA",https://www.latimes.com/california/story/2026-06-11/ice-retaliated-against-adelanto-hunger-strikers-advocates-say,,,Adelanto,6fdf8975-3b2d-4120-acc7-bd9494d12f00,"ICE retaliated against hunger striking detainees at Adelanto facility, immigration advocates say",,,2026-06-11T00:00:00
nbcnews,New York,arrest,-74.0059728,40.7127753,,1,"New York, NY, USA",https://www.nbcnews.com/politics/politics-news/brad-lander-found-not-guilty-charges-incident-immigration-detention-ce-rcna349568,,,New York,5ac1f2a8-b1d2-478f-8e50-1d82919f6af1,Brad Lander found not guilty of charges in NYC immigration detention center incident,,,2026-06-11T00:00:00
Baltimore Sun,Maryland,raid,-76.6104072,39.2905023,,1,"Baltimore, Maryland, USA",https://www.baltimoresun.com/2026/06/11/ice-agents-baltimore-school-pre-k/,,,Baltimore,7cf33ca2-4de0-41a4-9449-1f227a6161ba,Federal agents detain individuals outside Baltimore school during pre-k graduation,,,2026-06-11T00:00:00
cbsnews.com,New York,policy,-74.0037546,40.7152635,,1,"New York, NY, USA; 26 Federal Plaza, New York, NY, USA",https://www.cbsnews.com/newyork/news/brad-lander-guilty-immigration-court-arrest/,,,New York,25d80f2a-1a8f-4ca8-b073-e97aa0e005e7,Brad Lander found not guilty in trial over immigration court arrest,,,2026-06-11T00:00:00
huffpost,Illinois,police,-87.85339309999999,41.8639201,,1,"Broadview, Illinois, USA",https://www.huffpost.com/entry/grand-jury-transcripts-show-skepticism-broadview-six_n_6a29e4f2e4b0a99062fb6929,,,Broadview,b3b34b1b-00c7-4d43-990c-ca7b0fbe4da7,‘A Crock Of S**t’: Grand Jury Transcripts Reveal Juror Skepticism Of Trump DOJ Case Against Protesters,,,2026-06-10T00:00:00
twincities,Florida,policy,-81.5157535,27.6648274,,1,"Florida, USA",https://www.twincities.com/2026/06/11/florida-immigration-arrests-surge/,,,,c7cba9ea-3bda-42af-a261-516dd82259cf,"Florida immigration arrests have quietly surged, with state and local agencies at the forefront",,,2026-06-11T00:00:00
chron,FL,detention,-81.80096759999999,26.3305585,,1,"Bonita Springs, FL, USA",https://www.chron.com/news/article/florida-immigration-arrests-have-quietly-surged-22300583.php,,,Bonita Springs,85639d1b-313f-4857-8423-1f2c3c31e441,"Florida immigration arrests have quietly surged, with state and local agencies at the forefront",,,2026-06-11T00:00:00
chicagotribune,FL,arrest,-81.5157535,27.6648274,,1,"Florida, USA",https://www.chicagotribune.com/2026/06/11/arrestos-migratorios-en-florida-aumentan-en-silencio-liderados-por-agencias-estatales-y-locales/,,,Florida,a4e15f14-dbf5-4163-aff9-17fcff889091,"Arrestos migratorios en Florida aumentan en silencio, liderados por agencias estatales y locales",,,2026-06-11T00:00:00
fortune,New York,policy,-73.7948516,41.1220194,,1,"Westchester County, New York, USA",https://fortune.com/2026/06/11/westchester-license-plate-reader-ice-surveillance-lawsuit/,,,Westchester,9f11f360-6d88-44e0-923b-e545fb855c8d,"Westchester County built a 600-camera plate reader network that shared 1.6 billion scans with ICE, lawsuit says",,,2026-06-11T00:00:00
dailycaller,Utah,raid,-111.8338359,41.7369803,,1,"Logan, Utah, USA",https://dailycaller.com/2026/06/11/court-clerks-utah-illegal-alien-evade-ice-arrest/,,,Logan,380ed6c9-3a0f-49f8-ad67-50a387b90ddf,Court Officials Charges With Conspiracy To Help Illegal Alien Evade ICE Arrest,,,2026-06-11T00:00:00
freep.com,Michigan,detention,-83.17631449999999,42.3222599,,1,"Dearborn, Michigan, USA",https://www.freep.com/story/news/immigration/2026/06/10/mohamd-salim-abdessamed-hospital-impaled-ice-immigration/90489816007/,,,Dearborn,ffe19e7b-1d78-4c2e-8896-70ba934dc0a9,"ICE can't remove man impaled by post from hospital, federal judge rules",,,2026-06-10T00:00:00
courant.com,Florida,policy,-81.5157535,27.6648274,,1,"Florida, USA",https://www.courant.com/2026/06/11/florida-immigration-arrests-surge/,,,Bonita Springs,3bf6da8a-6ea5-41a1-8b6a-61a570a39b9d,"Florida immigration arrests have quietly surged, with state and local agencies at the forefront",,,2026-06-11T00:00:00
ocregister,Florida,policy,-81.80096759999999,26.3305585,,1,"Bonita Springs, Florida, USA",https://www.ocregister.com/2026/06/11/florida-immigration-arrests-surge/,,,Bonita Springs,f1cb6b42-0675-4a22-b468-ac6466b1b03c,"Florida immigration arrests have quietly surged, with state and local agencies at the forefront",,,2026-06-11T00:00:00
pilotonline,Florida,detention,-81.80096759999999,26.3305585,,1,"Bonita Springs, Florida, USA",https://www.pilotonline.com/2026/06/11/florida-immigration-arrests-surge/,,,Bonita Springs,43e45170-fa2f-470c-9e93-e530d336ec1f,"Florida immigration arrests have quietly surged, with state and local agencies at the forefront",,,2026-06-11T00:00:00
baltimoresun,Florida,policy,-81.80096759999999,26.3305585,,1,"Bonita Springs, Florida, USA",https://www.baltimoresun.com/2026/06/11/florida-immigration-arrests-surge/,,,Bonita Springs,fcea5368-11f7-49a2-aa48-a87af5fa15b1,"Florida immigration arrests have quietly surged, with state and local agencies at the forefront",,,2026-06-11T00:00:00
sfgate,Illinois,protest,-87.6323879,41.88325,,1,"Chicago, Illinois, USA",https://www.sfgate.com/news/article/transcripts-show-grand-jurors-dismissed-for-22299633.php,,,Chicago,28f91ac4-9c6b-4833-a112-3a7f73290671,Transcripts show grand jurors dismissed for disagreeing with case against ‘Broadview Six’,,,2026-06-10T00:00:00
denverpost,Colorado,policy,-105.7820674,39.5500507,,1,"Colorado, USA",https://www.denverpost.com/2026/06/11/colorado-primary-candidates-attorney-general/,,,Denver,229a5ab2-801b-4713-9f78-3fc4ca064ef3,Who’s running for Colorado attorney general? A look at the Democratic and Republican primary candidates.,,,2026-06-11T00:00:00
sfgate,Florida,policy,-81.5157535,27.6648274,,1,"Florida, USA",https://www.sfgate.com/news/article/florida-immigration-arrests-have-quietly-surged-22300583.php,,,Bonita Springs,4a763bda-c240-4cae-a401-e038b97b8c1c,"Florida immigration arrests have quietly surged, with state and local agencies at the forefront",,,2026-06-11T00:00:00
Baltimore Sun,Maryland,policy,-76.6104072,39.2905023,,1,"Baltimore, Maryland, USA",https://www.baltimoresun.com/2026/06/11/maryland-welcomes-immigrants/,,,Baltimore,a6afb333-6586-4d07-8fa7-6df319883c99,Maryland welcomes immigrants,,,2026-06-11T00:00:00
townhall.com,NJ,protest,-74.1744671,40.7315293,,1,"Newark, NJ, USA",https://townhall.com/tipsheet/julia-cassidy/2026/06/11/ms-rachel-sings-with-children-to-bring-the-walls-down-outside-nj-ice-facility-n2677570,,,Newark,59838009-ddb1-49bf-a6fc-bbce4a279ac4,Children's YouTube Star Ms. Rachel Sings With Kids for Illegal Aliens Outside Newark ICE Facility,,,2026-06-11T00:00:00
sun-sentinel,Florida,policy,-81.80096759999999,26.3305585,,1,"Bonita Springs, Florida, USA",https://www.sun-sentinel.com/2026/06/11/florida-immigration-arrests-have-quietly-surged-with-state-and-local-agencies-at-the-forefront/,,,Bonita Springs,f3dcb8ac-c591-4747-82f8-f36b40cac9b9,"Florida immigration arrests have quietly surged, with state and local agencies at the forefront",,,2026-06-11T00:00:00
nypost.com,New Jersey,protest,-74.1744671,40.7315293,,1,"Newark, New Jersey, USA",https://nypost.com/2026/06/11/media/ms-rachel-visits-delaney-hall-laments-trump-admin-terrorizing-children/,,,Newark,5b7425cd-7864-421a-a79c-a3b25f5efbcf,"Ms. Rachel visits Delaney Hall, laments Trump admin ‘terrorizing children’",,,2026-06-11T00:00:00
azcentral,Arizona,policy,-112.0725488,33.4482948,,1,"Phoenix, AZ, USA",https://www.azcentral.com/story/news/politics/arizona/2026/06/10/how-arizona-house-members-voted-on-ice-border-patrol-funding/90484813007/?gca-cat=p&gnt-cfr=1&gnt-djm=1,,,Phoenix,26910bae-c1d5-45b2-9404-596945bdec31,"How Arizona House members voted on ICE, Border Patrol funding",,,2026-06-10T00:00:00
nypost,Utah,arrest,-111.8338359,41.7369803,,1,"Logan, Utah, USA",https://nypost.com/2026/06/11/us-news/two-utah-court-clerks-allegedly-helped-illegal-migrant-avoid-ice-arrest-court-docs/,,,Logan,5745294d-35a8-4556-ad90-1db767d573f8,Two Utah court clerks allegedly helped illegal migrant avoid ICE arrest: court docs,,,2026-06-11T00:00:00
Orlando Sentinel,Florida,policy,-80.1917902,25.7616798,,1,"Miami, FL, USA",https://www.orlandosentinel.com/2026/06/11/florida-immigration-arrests-have-quietly-surged-with-state-and-local-agencies-at-the-forefront/,,,Miami,e8bf9fdf-edb5-4427-88fe-eb00caa5768e,"Florida immigration arrests have quietly surged, with state and local agencies at the forefront",,,2026-06-11T00:00:00
cbsnews.com,Texas,arrest,-96.79698789999999,32.7766642,,1,"Dallas, Texas, USA",https://www.cbsnews.com/news/jake-lang-far-right-influencer-arrested-texas-charge-terroristic-threats/,,,Dallas,0d9e06ee-25ac-4ce1-89ac-466db7c67ce9,"Far-right influencer Jake Lang, pardoned for Jan. 6 Capitol riot, arrested in Texas on charge of making terroristic threats",,,2026-06-10T00:00:00
deadspin,Virginia,unknown,-77.0435257,38.804693,,1,"Alexandria, Virginia, USA",https://deadspin.com/ex-nfl-wide-receiver-lance-rentzel-dies-at-82/,,,Alexandria,72c5dfff-8980-4484-9d5c-d83d7bd1741e,Ex-NFL wide receiver Lance Rentzel dies at 82,,,2026-06-10T00:00:00
cbsnews,Texas,arrest,-96.79698789999999,32.7766642,,1,"Dallas, Texas, USA",https://www.cbsnews.com/texas/news/jake-lang-far-right-influencer-arrested-texas-charge-terroristic-threats/,,,Dallas,e426c296-4b6b-4d9f-9ed8-9cb45a331460,"Far-right influencer Jake Lang, pardoned for Jan. 6 Capitol riot, arrested in Texas on charge of making terroristic threats",,,2026-06-10T00:00:00
theintercept,Louisiana,protest,-91.5697646,30.9484024,,1,"Angola, Louisiana, USA",https://theintercept.com/2026/06/10/ice-deport-elderly-palestinian-immigrant/,,,Angola,6b2ba35a-84a1-42d6-b581-debb67fc8c19,ICE Rushes to Deport Palestinian Grandpa Despite Judge’s Order to Free Him,,,2026-06-10T00:00:00
latimes,California,detention,-118.242643,34.0549076,,1,"Los Angeles, California, USA",https://www.latimes.com/california/story/2026-06-06/year-after-la-worksite-immigration-raid-at-fashion-company-former-workers-still-struggling,,,Los Angeles,a5489c4a-ebde-4150-9c0c-20dfd2956219,"A year after L.A. worksite immigration raid at fashion company, former workers still struggling",,,2026-06-06T00:00:00
bostonglobe.com,Florida,policy,-80.1917902,25.7616798,,1,"Miami, Florida, USA",https://www.bostonglobe.com/2026/06/10/nation/world-cup-players-officials-are-being-detained-or-barred-entry-into-us/,,,Miami,234c5810-068f-424a-a652-958b422c8847,World Cup players and officials are being detained or barred entry into US,,,2026-06-10T00:00:00
msnow,Nevada,opinion,-115.1391009,36.171563,,1,"Las Vegas, Nevada, USA",https://www.ms.now/opinion/ice-elections-trump-nevada,,,Las Vegas,36f1fc34-dda9-480e-aa43-febb7bc18a4d,Trump is threatening to send ICE to polling places. Officials like me won’t let him,,,2026-06-06T00:00:00
bostonglobe.com,MA,protest,-71.0772917,42.3504073,,1,"Boston, MA, USA; Citizens Bank, Boylston Street, Boston, MA",https://www.bostonglobe.com/2026/06/10/business/citizens-bank-gbio-protest-ice/,,,Boston,abf24762-0491-4703-a69c-69fc70cec13f,"In latest anti-ICE protest, faith group withdraws $2 million from Citizens Bank",,,2026-06-10T00:00:00
mercurynews,California,protest,-121.9096158,37.70491080000001,,1,"Napa, California, USA; Dublin, California, USA",https://www.mercurynews.com/2026/06/06/fourth-annual-caminata-for-immigrant-rights-starts-in-napa/,,,Napa,8ad8c2d3-6374-4e01-bd9c-bdc32a704ba6,50-mile march for immigrant rights starts in Napa,,,2026-06-06T00:00:00
chron,Illinois,protest,-87.6323879,41.88325,,1,"Chicago, Illinois, USA",https://www.chron.com/news/article/transcripts-show-grand-jurors-dismissed-for-22299633.php,,,Chicago,273b8e38-894e-4731-bf06-74dbe8d4e4f7,Transcripts show grand jurors dismissed for disagreeing with case against ‘Broadview Six’,,,2026-06-10T00:00:00
Boston Globe,Maine,policy,-69.4454689,45.253783,,1,"Maine, USA",https://www.bostonglobe.com/2026/06/10/nation/maine-2nd-congressional-district-congress/,,,Lewiston,7f1dd5d5-0794-495d-aa1c-207b8119dd85,Could control of Congress run through northern Maine?,,,2026-06-10T00:00:00
cbsnews,NY,arrest,-74.0059728,40.7127753,,1,"New York, NY, USA",https://www.cbsnews.com/newyork/video/brad-landers-bench-trial-for-fall-ice-arrest-begins-in-manhattan/,,,New York,805a1b5a-e523-497a-b95a-346076ea5e71,Brad Lander's bench trial for fall ICE arrest begins in Manhattan,,,2026-06-10T00:00:00
latimes,California,policy,-121.5566373,37.0029828,,1,"Gilroy, California, USA",https://www.latimes.com/california/story/2026-06-10/california-sues-trump-administration-over-planned-ice-facility-near-gilroy,,,Gilroy,aac54f0f-d66a-49fb-a5d4-47c60d00df0b,California sues Trump administration over planned ICE facility near Gilroy,,,2026-06-10T00:00:00
cbsnews,DC,policy,-77.0369274,38.9072873,,1,"Washington, DC, USA",https://www.cbsnews.com/sanfrancisco/news/trump-immigration-funding-bill-ice/,,,Washington,cbe36027-2fe8-4615-b408-dcc1c497ef1c,"Trump signs $70 billion immigration bill, capping lengthy fight over ICE funding",,,2026-06-10T00:00:00
huffpost,California,policy,-118.3533544,33.9617977,,1,"Inglewood, California, USA",https://www.huffpost.com/entry/sofi-stadium-workers-world-cup-ice_n_6a29b16ee4b0a99062fb21bd,,,Inglewood,91db945d-7cfb-4c96-8d09-dfce4f4b438d,"If ICE Goes Rogue At The World Cup, They're Ready To Strike",,,2026-06-10T00:00:00
huffpost.com,New York,policy,-74.0059728,40.7127753,,1,"New York, NY, USA",https://www.huffpost.com/entry/jesse-watters-trump-boos-knicks-game-attack-democrats_n_6a293552e4b02d9edc7eaa34,,,New York,4f6902eb-e076-44bf-8e12-5b6cbf0b0ba2,Jesse Watters Turns Trump's Knicks Boos Into Weirdest Attack On Dems,,,2026-06-10T00:00:00
breitbart.com,New Jersey,policy,-74.1744671,40.7315293,,1,"Newark, New Jersey, USA",https://www.breitbart.com/entertainment/2026/06/10/youtuber-ms-rachel-visits-traumatized-children-at-delaney-ice-facility-week-after-antifa-rioters-attacked-agents-there/,,,Newark,04e623fd-fb18-453e-a5e5-9325f5f482eb,YouTuber Ms. Rachel Visits 'Traumatized' Children at Delaney ICE Facility Week After Antifa Rioters Attacked Agents There,,,2026-06-10T00:00:00
breitbart.com,DC,policy,-77.0369274,38.9072873,,1,"Washington, DC, USA",https://www.breitbart.com/politics/2026/06/10/watch-live-donald-trump-signs-ice-border-patrol-funding-bill-into-law/,,,Washington,da25e3ce-2757-4fd6-984e-05eb78f00d91,"Watch Live: Donald Trump Signs ICE, Border Patrol Funding Bill into Law",,,2026-06-10T00:00:00
breitbart.com,,policy,-77.0369274,38.9072873,,1,"Washington, DC, USA",https://www.breitbart.com/politics/2026/06/10/poll-majority-support-deporting-all-illegal-immigrants/,,,,705bfa5f-716d-425e-a281-d641f3fee0f2,Poll: Majority Support Deporting All Illegal Immigrants,,,2026-06-10T00:00:00
motherjones,,detention,-74.12849729999999,40.7181313,,1,"Delaney Hall, unspecified location, USA",https://www.motherjones.com/politics/2026/06/delaney-hall-ice-protests-dhs-congress-video/,,,,4ae9d0f4-18b9-47d7-ba2b-2e63098511e1,How Delaney Hall went from rehab center to national ICE flashpoint.,,,2026-06-10T00:00:00
breitbart.com,DC,policy,-77.0369274,38.9072873,,1,"Washington, DC, USA",https://www.breitbart.com/politics/2026/06/10/exclusive-sen-bill-hagerty-republicans-introduce-joint-resolutions-disapproving-d-c-council-anti-law-enforcement-legislation/,,,Washington,b1825d1e-f8ab-4818-be97-2d17b0a85e2f,"Exclusive: Sen. Bill Hagerty, Republicans Introduce Joint Resolutions Disapproving of D.C. Council for Anti-Law Enforcement Legislation",,,2026-06-10T00:00:00
usatoday,Texas,policy,-106.4850217,31.7618778,,1,"El Paso, Texas, USA",https://www.usatoday.com/story/news/nation/2026/06/10/el-paso-camp-east-montana-ice-facility-report-finds-deaths-waste/90488284007/,,,El Paso,492b0fe2-b122-403b-b94e-bed6a23e8972,"El Paso Camp East Montana ICE facility report finds deaths, waste",,,2026-06-10T00:00:00
wired,Texas,detention,-106.4850217,31.7618778,,1,"El Paso, Texas, USA",https://www.wired.com/story/meta-layoffs-immigration-customs-enforcement/,,,El Paso,7e049a87-1736-487e-b200-a983f050f184,A Meta Employee Who Just Lost Their Job Was Detained by Immigration Agents,,,2026-06-10T00:00:00
npr.org,Texas,detention,-106.4850217,31.7618778,,1,"El Paso, Texas, USA",https://www.npr.org/2026/06/10/nx-s1-5853534/report-ice-wasted-millions-endangered-detainees-in-largest-immigration-facility,,,El Paso,7641a3a2-6b8b-4059-b125-b8d50f529635,"Report: ICE wasted millions, endangered detainees in largest immigration facility",,,2026-06-10T00:00:00
cnbc,DC,policy,-77.0369274,38.9072873,,1,"Washington, DC, USA",https://www.cnbc.com/2026/06/10/trump-ice-70-billion-immigration-funding.html,,,Washington,2b69732e-b0d7-4cf4-94b1-b5b72bab9177,Trump signs $70 billion immigration funding bill after months of delay,,,2026-06-10T00:00:00
cbsnews.com,Minnesota,policy,-93.2650108,44.977753,,1,"Minneapolis, Minnesota, USA",https://www.cbsnews.com/minnesota/news/operation-metro-surge-economic-impact-update/,,,Minneapolis,c2885adf-7773-462b-8e98-c81a9e9b6a3a,"Operation Metro Surge cost Minneapolis $700 million, city leaders say",,,2026-06-10T00:00:00
newsweek,North Carolina,protest,-77.8931156,34.19946400000001,,1,"Hoggard High School, Wilmington, North Carolina, USA",https://www.newsweek.com/student-protests-valedictorian-apparently-quoting-kanye-west-speech-12052438,,,Wilmington,8a6cba32-2487-4ed8-9bd1-8421c8d025ae,Student protests valedictorian apparently quoting Kanye West during speech,,,2026-06-10T00:00:00
theguardian,New York,protest,-74.0037546,40.7152635,,1,"New York, NY, USA, 26 Federal Plaza, New York, NY 10278",https://www.theguardian.com/us-news/2026/jun/10/brad-lander-trial-immigration-court,,,New York,c550263e-03e5-4863-b544-30bfb82c8b4a,Trial under way for ex-NYC comptroller Brad Lander after immigration court arrest,,,2026-06-10T00:00:00
univision.com,Texas,detention,-106.4850217,31.7618778,,1,"El Paso, Texas, USA",https://www.univision.com/noticias/estados-unidos/informe-federal-revela-muertes-fallas-medicas-y-millones-desperdiciados-en-el-centro-de-detencion-de-ice-en-el-paso,,,El Paso,477a1007-ed1c-4986-a5c0-557a80283a55,"Informe federal revela muertes, fallas médicas y millones de dólares desperdiciados en centro de detención de ICE en El Paso",,,2026-06-10T00:00:00
univision,,policy,-77.0369274,38.9072873,,1,"Washington, DC, USA",https://www.univision.com/noticias/politica/dhs-ordena-al-ice-deportar-a-extranjeros-que-voten-ilegalmente-incluso-si-estan-legalmente-en-el-pais,,,,1a0415f0-d61a-4912-a0a1-9fc5aed2bf6c,"DHS ordena al ICE deportar a extranjeros que voten ilegalmente, incluso si están legalmente en el país",,,2026-06-10T00:00:00
gazettenet.com,Massachusetts,policy,-72.5198537,42.3756919,,1,"Amherst, Massachusetts, USA",https://gazettenet.com/2026/06/10/amherst-wont-intervene-in-ice-operations-despite-calls-for-stronger-protections/,,,Amherst,6ded7c7c-2d75-4300-97d8-694095f863f4,"Amherst won't intervene in ICE operations, despite calls for stronger protections",,,2026-06-10T00:00:00
mercurynews,California,policy,-121.5566373,37.0029828,,1,"Gilroy, California, USA",https://www.mercurynews.com/2026/06/10/california-santa-clara-county-sue-to-block-ice-detention-facility-near-gilroy/,,,Gilroy,5c094617-23a5-454f-9382-e4db6e6c1bb4,"California, Santa Clara County sue to block ICE detention facility near Gilroy",,,2026-06-10T00:00:00
wired,,policy,-99.133208,19.4326077,,1,"Mexico City, Mexico",https://www.wired.com/story/amnesty-international-world-cup-human-rights/,,,Mexico City,87b70098-d0b7-4f63-a0be-9b7b11a544aa,Amnesty International Warns That World Cup Fans Face Potential Human Rights Violations,,,2026-06-10T00:00:00
nbcnews,NY,detention,-73.98219379999999,40.7685167,,1,"Manhattan, New York, USA",https://www.nbcnews.com/politics/politics-news/brad-lander-stands-trial-new-york-september-arrest-ice-facility-rcna348432,,,New York,72d74bbc-47d8-4f0b-9420-e0b98b5c4188,Brad Lander stands trial in New York over September arrest at ICE facility,,,2026-06-10T00:00:00
newsday,Illinois,protest,-87.6323879,41.88325,,1,"Chicago, Illinois, USA",https://www.newsday.com/news/nation/chicago-prosecutor-immigration-protest-case-grand-jury-b67106,,,Chicago,5434af61-d5bd-424b-9786-e50c3e2a25ee,Transcripts show grand jurors dismissed for disagreeing with case against 'Broadview Six',,,2026-06-10T00:00:00
dallasnews,Texas,policy,-96.79698789999999,32.7766642,,1,"Dallas, Texas, USA",https://www.dallasnews.com/news/politics/article/ice-texas-public-records-states-rights-secrecy-22291873.php,,,Dallas,0eca6e41-1830-4e87-9a5f-9b50152f7789,"‘Fairly unprecedented’: ICE memos to Texas police aim to evade state transparency laws, experts say",,,2026-06-10T00:00:00
theweek,TX,detention,-106.2981181,31.811927,,1,"Camp East Montana, Texas, USA",https://theweek.com/politics/audit-ice-wasted-millions-camp,,,El Paso,6b491aa8-731d-47b1-91dc-7e7d18b4aae4,"Audit: ICE wasted millions, imperiled camp detainees",,,2026-06-10T00:00:00
sandiegouniontribune,,policy,-77.0369274,38.9072873,,1,"Washington, DC, USA",https://www.sandiegouniontribune.com/2026/06/10/trump-signs-70-billion-immigration-enforcement-bill/,,,,ec82622d-d346-4134-8063-1afd2da6b9eb,Trump signs bill giving nearly $70B to his immigration enforcement agenda through end of his term,,,2026-06-10T00:00:00
cbsnews.com,DC,policy,-77.0369274,38.9072873,,1,"Washington, DC, USA",https://www.cbsnews.com/news/trump-immigration-funding-bill-ice/,,,Washington,484b1084-8419-4143-9d48-bdb85b169f83,"Trump signs $70 billion immigration bill, capping lengthy fight over ICE funding",,,2026-06-10T00:00:00
the daily beast,Illinois,protest,-87.6323879,41.88325,,1,"Chicago, IL, USA",https://www.thedailybeast.com/trump-doj-attorney-humiliated-to-her-face-in-crock-of-st-broadview-six-case/,,,Chicago,c1f227d1-9a0e-4768-aeb4-7e09e050e923,Trump DOJ Attorney Humiliated to Her Face in ‘Crock of S**t’ Case,,,2026-06-10T00:00:00
latimes,DC,policy,-77.0369274,38.9072873,,1,"Washington, DC, USA",https://www.latimes.com/world-nation/story/2026-06-10/trump-signs-bill-giving-nearly-70b-to-his-immigration-enforcement-agenda-through-end-of-his-term,,,Washington,24ee9ca8-abba-46ee-9834-23836d22d427,Trump signs bill giving nearly $70B to his immigration enforcement agenda through end of his term,,,2026-06-10T00:00:00
newsday,New York,policy,-73.7948516,41.1220194,,1,"Westchester County, New York, USA",https://www.newsday.com/news/nation/license-plate-readers-surveillance-westchester-new-york-t38894,,,White Plains,fde4f2bc-fda4-4823-ad83-d726a324bca0,Motorists sue Westchester County over 1.6 billion license plate scans,,,2026-06-09T00:00:00
ocregister,DC,policy,-77.0369274,38.9072873,,1,"Washington, DC, USA",https://www.ocregister.com/2026/06/10/trump-signs-70-billion-immigration-enforcement-bill/,,,Washington,95511c94-069e-4e30-ba23-63f16724a8b1,Trump signs bill giving nearly $70B to his immigration enforcement agenda through end of his term,,,2026-06-10T00:00:00
townhall.com,California,detention,-118.4915504,34.0118828,,1,"Santa Monica, California, USA",https://townhall.com/tipsheet/scott-mcclallen/2026/06/05/santa-monica-man-pleads-guilty-to-doxxing-ice-attorney-urging-others-to-swat-her-n2677333,,,Santa Monica,48e7471d-be60-4279-b9dd-2dcccb92bf30,"Santa Monica Man Pleads Guilty to Doxxing ICE Attorney, Urging Others to ‘Swat’ Her",,,2026-06-05T00:00:00
newsday,Texas,policy,-106.4213208,31.812438,,1,"Fort Bliss, El Paso, Texas, USA",https://www.newsday.com/news/nation/ice-immigration-crackdown-texas-camp-montana-report-r25876,,,El Paso,4eb6455d-bc96-4373-934e-9fb254be8e87,"Largest ICE detention facility wasted millions and put detainees at risk, report finds",,,2026-06-09T00:00:00
denverpost,Iowa,policy,-91.53461689999999,41.6578257,,1,"Iowa City, Iowa, USA",https://www.denverpost.com/2026/06/05/immigration-detainee-deaths/,,,Iowa City,55ac82f8-79bb-4de0-8bd0-5c0e5a1f04db,ICE will no longer report deaths of detainees who have recently been released from custody,,,2026-06-05T00:00:00
theguardian,,policy,-0.1275862,51.5072178,,1,"London, England, United Kingdom",https://www.theguardian.com/uk-news/2026/jun/05/botched-deportation-home-office-taxpayer-bill,,,London,34d9444b-3432-4314-a8df-1e9f532009c2,"Inside one man’s botched deportation: seven flights, two swallowed batteries and a staggering bill for the UK taxpayer",,,2026-06-05T00:00:00
breitbart.com,Texas,raid,-100.4995214,28.7091433,,1,"Eagle Pass, Texas, USA",https://www.breitbart.com/border/2026/06/05/human-smuggling-stash-house-busted-illegal-alien-fugitive-arrested/,,,Eagle Pass,45fd7284-eaa9-4ef3-b059-fd2d9692a4a9,"Human Smuggling Stash House Busted, Illegal Alien Fugitive Arrested",,,2026-06-05T00:00:00
npr.org,DC,policy,-77.0369274,38.9072873,,1,"Washington, DC, USA",https://www.npr.org/2026/06/05/g-s1-126290/up-first-newsletter-immigration-fund-save-act-john-bolton-artificial-intelligence-teachers-brady-atf-doj,,,Washington,cd5a6246-54d5-4271-b977-9b0892bfe970,"Senate passes immigration bill. And, Jill Biden discusses her husband's 2024 campaign",,,2026-06-05T00:00:00
breitbart,,raid,-71.8126946,21.7198161,,1,"Turks and Caicos Islands (near Atlantic Ocean), 65 miles south of the Turks and Caicos Islands",https://www.breitbart.com/border/2026/06/05/240-migrants-rescued-from-sinking-overcrowded-boat-in-atlantic-ocean/,,,,d6c6117f-ae08-4fe5-b9ed-ef92279695d0,"240 Migrants Rescued from Sinking, Overcrowded Boat in Atlantic Ocean",,,2026-06-05T00:00:00
breitbart.com,South Carolina,raid,-82.3790147,34.1781719,,1,"Abbeville, South Carolina, USA",https://www.breitbart.com/border/2026/06/05/south-carolina-busts-illegal%E2%80%91immigrant-hiring-network-managers-charged-after-factory-raid/,,,Abbeville,c8be6f99-45a7-4938-bac0-9a579e3e6406,South Carolina Busts Illegal‑Immigrant Hiring Network; Managers Charged After Factory Raid,,,2026-06-05T00:00:00
redstate,California,policy,-120.9970014,37.6392595,,1,"Modesto, California, USA",https://redstate.com/wardclark/2026/06/05/sanctuary-outrage-in-modesto-illegal-immigrant-stabs-baby-mom-and-grandma-after-quick-release-n2203076,,,Modesto,16715aad-f51d-4a89-8f06-8181a73979df,"Sanctuary Outrage in Modesto: Illegal Immigrant Stabs Baby, Mom and Grandma After Quick Release",,,2026-06-05T00:00:00
dailycaller.com,South Carolina,policy,-81.035147,34.0008322,,1,"Columbia, SC, USA",https://dailycaller.com/2026/06/05/pamela-evette-south-carolina-state-university-commencement-melissa-oremus/,,,Columbia,2fd6ba0a-c90b-46b2-9425-ff1dd16b32b3,EXCLUSIVE: Canceled Candidate Vows To Stop Leftist Mob From Icing Out Conservatives,,,2026-06-05T00:00:00
townhall.com,New Jersey,detention,-74.1744671,40.7315293,,1,"Newark, New Jersey, USA",https://townhall.com/tipsheet/mattvespa/2026/06/05/so-the-menu-for-those-on-hunger-strike-inside-delaney-hall-is-quite-bougie-n2677291,,,Newark,7a8e7a21-175f-4c28-a5f2-42b344182b6d,"So, the Menu for Those on Hunger Strike at Delaney Hall Is Quite Bougie",,,2026-06-05T00:00:00
cbsnews.com,California,protest,-118.242643,34.0549076,,1,"Los Angeles, California, USA",https://www.cbsnews.com/news/sofi-stadium-workers-strik-2026-fifa-world-cup-los-angeles/,,,Los Angeles,69aaa569-2302-4437-b84b-84a53af3f4be,SoFi Stadium workers authorize strike ahead of 2026 FIFA World Cup in Los Angeles,,,2026-06-05T00:00:00
twincities,DC,policy,-77.0369274,38.9072873,,1,"Washington, DC, USA",https://www.twincities.com/2026/06/05/senate-immigration-bill-approval/,,,Washington,b4a98dd1-6d1c-4797-924a-0ba29f704327,Senate OKs $70B immigration bill after rejecting efforts to permanently ban Trump’s settlement fund,,,2026-06-05T00:00:00
redstate.com,,policy,-77.0369274,38.9072873,,1,"Washington, DC, USA",https://redstate.com/ben-smith/2026/06/05/democrats-spent-months-trying-to-rein-in-ice-they-have-nothing-to-show-for-it-n2203082,,,,9544a9e7-e0e6-4bb8-b16d-faa59ba9cca8,Democrats Spent Months Trying to Rein In ICE,,,2026-06-05T00:00:00
ocregister,California,detention,-117.409215,34.5827699,,1,"Adelanto, California, USA",https://www.ocregister.com/2026/06/05/3-detainees-who-recently-spoke-to-congressional-visitors-at-adelanto-ice-facility-reportedly-sent-to-solitary-confinement/,,,Adelanto,df0d9756-3fae-4f57-a7fd-42d3ab03d940,3 detainees who recently spoke to congressional visitors at Adelanto ICE facility reportedly sent to solitary confinement,,,2026-06-05T00:00:00
baltimoresun,MD,policy,-76.6104072,39.2905023,,1,"Baltimore, MD, USA",https://www.baltimoresun.com/2026/06/05/congress-nears-70b-boost-for-deportation-effort/,,,Baltimore,33442147-6ce0-4624-b369-4866d386df96,Congress nears $70B boost for deportation effort,,,2026-06-05T00:00:00
townhall.com,New Mexico,policy,-105.517031,32.8021809,,1,"Weed, New Mexico, USA",https://townhall.com/tipsheet/scott-mcclallen/2026/06/05/fugitive-who-stole-dead-mans-identity-for-40-years-pleads-guilty-to-federal-crimes-n2677327,,,Weed,d8a08aba-adb5-4b1a-abad-f4161b61ecee,Fugitive Who Stole Dead Man’s Identity for 40 Years Pleads Guilty to Federal Crimes,,,2026-06-05T00:00:00
newsday,New Jersey,policy,-74.1744671,40.7315293,,1,"Newark, New Jersey, USA",https://www.newsday.com/news/nation/ice-homeland-security-immigration-congress-q58097,,,Newark,09161e6d-12ce-43d5-b4a4-c76a0ec0dc58,Trump's deportation agenda is about to get a $70B infusion from Congress,,,2026-06-05T00:00:00
cbsnews,MI,policy,-83.0424533,42.32971819999999,,1,"Detroit, MI, USA",https://www.cbsnews.com/detroit/video/senate-passes-bill-to-fund-ice-for-3-years/,,,Detroit,24ad08cc-b240-41d6-aec4-4063bcee04c7,Senate passes bill to fund ICE for 3 years,,,2026-06-05T00:00:00
Baltimore Sun,,policy,15.827659,-0.228021,,1,"Congo (Kinshasa) or Republic of the Congo, Africa",https://www.baltimoresun.com/2026/06/05/congo-deportations/,,,,db8ed6c1-fc13-48d4-849e-d97326f99211,More than half of Latin Americans deported from US to Congo are now back home,,,2026-06-05T00:00:00
Orlando Sentinel,Iowa,policy,-91.53461689999999,41.6578257,,1,"Iowa City, Iowa, USA",https://www.orlandosentinel.com/2026/06/05/immigration-detainee-deaths/,,,Iowa City,a690cc84-0b1d-45e0-b034-1ab4f6d31067,ICE will no longer report deaths of detainees who have recently been released from custody,,,2026-06-05T00:00:00
sun-sentinel,Iowa,policy,-91.53461689999999,41.6578257,,1,"Iowa City, Iowa, USA",https://www.sun-sentinel.com/2026/06/05/immigration-detainee-deaths/,,,Iowa City,ab222377-187f-4f85-b001-1bb4fa192b42,ICE will no longer report deaths of detainees who have recently been released from custody,,,2026-06-05T00:00:00
theguardian,,detention,-81.5157535,27.6648274,,1,"Florida, USA",https://www.theguardian.com/us-news/2026/jun/05/alligator-alcatraz-detainees-denied-food-water,,,Florida,4cc6ea59-1027-45d4-b7b8-1570de9ac072,‘Alligator Alcatraz’ detainees say guards deny them food and clean water until they sign English documents,,,2026-06-05T00:00:00
cbsnews.com,Maryland,policy,-76.7625073,39.1978788,,1,"Elkridge, Maryland, USA",https://www.cbsnews.com/baltimore/news/maryland-howard-county-ice-facility-lawsuit/,,,Elkridge,3c3acf2c-41fc-4973-b2b0-f4d93878d97c,Part of lawsuit over Howard County ICE facility thrown out,,,2026-06-05T00:00:00
baltimoresun,Iowa,policy,-91.53461689999999,41.6578257,,1,"Iowa City, Iowa, USA",https://www.baltimoresun.com/2026/06/05/immigration-detainee-deaths/,,,Iowa City,ff73e0fb-2123-49b0-bbe0-bfb93de68ac9,ICE will no longer report deaths of detainees who have recently been released from custody,,,2026-06-05T00:00:00
latimes,California,policy,-118.242643,34.0549076,,1,"Los Angeles, CA, USA",https://www.latimes.com/delos/newsletter/2026-06-05/ice-raids-la-one-year-anniversary-trump-dhs-chicago-charlotte-minneapolis,,,Los Angeles,588b5483-edad-423d-9d92-93c2733548f0,"Commentary: ICE wanted a war. A year in, it's flailing",,,2026-06-05T00:00:00
inquirer,DC,policy,-77.0369274,38.9072873,,1,"Washington, DC, USA",https://www.inquirer.com/wires/ap/senate-oks-70b-immigration-bill-after-rejecting-efforts-permanently-ban-trumps-settlement-fund-20260605.html,,,Washington,fbcd5c55-f89c-4339-8204-02d90ba34d44,Senate OKs $70B immigration bill after rejecting efforts to permanently ban Trump's settlement fund,,,2026-06-05T00:00:00
theguardian,,policy,-77.0369274,38.9072873,,1,"Washington, DC, USA",https://www.theguardian.com/us-news/2026/jun/05/senate-immigration-bill-funding,,,,3fc762af-bdc4-4c60-9384-78173bcc8498,Senate approves $70bn for immigration crackdown amid splits over Trump fund,,,2026-06-05T00:00:00
hotair,New Jersey,protest,-74.1744671,40.7315293,,1,"Newark, New Jersey, USA",https://hotair.com/david-strom/2026/06/05/police-leaving-newark-ice-facility-exposed-to-riots-tonight-n3815658,,,Newark,3763601e-6c15-4fb6-bc40-3008b4bde41d,Police Leaving Newark ICE Facility Exposed to Riots Tonight,,,2026-06-05T00:00:00
cbsnews,New Jersey,protest,-74.12849729999999,40.7181313,,1,"Delaney Hall, 4000 Route 1 & 9, Elizabeth, New Jersey, USA",https://www.cbsnews.com/news/homan-new-jersey-ice-detention-center-delaney-hall-protests-interview/,,,Elizabeth,fb0a0ed8-70cb-4da7-b0f3-df906e95b987,"Homan denies substandard conditions at N.J. ICE detention center, says he ate there: ""The spaghetti was good""",,,2026-06-05T00:00:00
sfgate,Florida,policy,-81.3789269,28.5383832,,1,"Orlando, Florida, USA",https://www.sfgate.com/news/article/4-years-running-southern-baptists-weigh-22292398.php,,,Orlando,8ef509a1-03c4-44ca-bfe7-f3daba888706,"4 years running, Southern Baptists weigh tightening ban on churches with women pastors",,,2026-06-05T00:00:00
nypost,California,policy,-118.242643,34.0549076,,1,"Los Angeles, California, USA",https://nypost.com/2026/06/05/us-news/sofi-stadium-workers-authorize-strike-days-ahead-of-world-cup/,,,Los Angeles,f2a941ec-172a-4cf3-b626-d2f74387befb,SoFi Stadium workers authorize strike days ahead of World Cup,,,2026-06-05T00:00:00
townhall.com,Wisconsin,policy,-88.7878678,43.7844397,,1,"Wisconsin, USA",https://townhall.com/tipsheet/amy-curtis/2026/06/05/francesca-hong-ice-opposition-n2677211,,,,10ff0c68-1fee-402e-8ceb-0dba84965ccc,Francesca Hong Will Turn Wisconsin Into a Sanctuary State,,,2026-06-05T00:00:00
huffpost,DC,policy,-77.0369274,38.9072873,,1,"Washington, DC, USA",https://www.huffpost.com/entry/senate-passes-immigration-enforcement-bill_n_6a228f92e4b0ed55359e3175,,,Washington,c055ef32-9544-419e-ba36-831d777f518a,Senate Passes $70 Billion Immigration Enforcement Bill Without Limits On Trump Slush Fund,,,2026-06-05T00:00:00
nbcnews,DC,policy,-77.0369274,38.9072873,,1,"Washington, DC, USA",https://www.nbcnews.com/politics/congress/senate-votes-immigration-enforcement-trump-anti-weaponization-fund-rcna348611,,,Washington,5bad0dc3-80dd-4ec3-9a79-625d7411942e,"Senate passes $70B bill to fund immigration enforcement, without limits on Trump ‘anti-weaponization’ fund",,,2026-06-05T00:00:00
univision,Texas,detention,-100.4370375,31.4637723,,1,"San Angelo, Texas, USA",https://www.univision.com/noticias/estados-unidos/desmantelan-red-de-narcotrafico-en-texas-48-detenidos-tras-operativo-contra-metanfetamina-quienes-son-los-acusados,,,San Angelo,4a997619-1277-4c6b-ab83-1df8cbc645e8,Operativo masivo en Texas termina con 48 detenidos y el decomiso de casi 80 libras de metanfetamina y armas de fuego,,,2026-06-05T00:00:00
dailycaller.com,DC,policy,-77.0369274,38.9072873,,1,"Washington, DC, USA",https://dailycaller.com/2026/06/05/senate-passes-reconciliation-bill-immigration-enforcement/,,,Washington,632aac7a-c1d4-477a-aa3f-37c103d97ea8,Senate Passes Major Immigration Enforcement Bill After Weaponization Fund Threw Wrench In Process,,,2026-06-05T00:00:00
univision,Ohio,detention,-83.0032218,39.9625112,,1,"Columbus, Ohio, USA",https://www.univision.com/noticias/inmigracion/columbus-se-convierte-en-el-epicentro-de-las-detenciones-de-inmigrantes-en-ohio-mas-de-500-arrestos-en-un-ano,,,Columbus,e40a18be-7d1f-4054-8ba8-2bd883b336c4,Columbus se convierte en el epicentro de las detenciones de inmigrantes en Ohio: más de 500 arrestos en un año,,,2026-06-05T00:00:00
baltimoresun.com,DC,policy,-77.0369274,38.9072873,,1,"Washington, DC, USA",https://www.baltimoresun.com/2026/06/05/senate-immigration-bill-approval/,,,Washington,95ef7631-d8ff-40b4-bfdf-71c4d578b5a5,Senate OKs $70B immigration bill after rejecting efforts to permanently ban Trump’s settlement fund,,,2026-06-05T00:00:00
sun-sentinel,,policy,21.758664,-4.038333,,1,"Congo, Africa",https://www.sun-sentinel.com/2026/06/05/congo-deportations/,,,,cc66cf37-4009-4a58-909f-a81c91f65651,More than half of Latin Americans deported from US to Congo are now back home,,,2026-06-05T00:00:00
ocregister,,policy,21.758664,-4.038333,,1,"Congo, Democratic Republic of the Congo",https://www.ocregister.com/2026/06/05/congo-deportations/,,,,3fdbac1d-eeba-49dc-9247-b5d8b0fb8252,More than half of Latin Americans deported from US to Congo are now back home,,,2026-06-05T00:00:00
postandcourier,SC,detention,-82.3790147,34.1781719,,1,"Abbeville, SC, USA",https://www.postandcourier.com/columbia/news/abbeville-sc-immigration-enforcement-ice-sled/article_b5a7af80-d3b6-44ee-b024-0401ae02f126.html,,,Abbeville,eb24015a-7247-49d4-ae6b-2b5014d1e977,50 rounded up in SC immigration raid that AG said targeted supervisors at manufacturing plant,,,2026-06-04T00:00:00
msnow,Florida,detention,-81.5157535,27.6648274,,1,"Florida, USA",https://www.ms.now/news/trump-administration-family-separations-children-second-term,,,Miami,0fe805b1-48c4-4e03-a74d-8e66f4ffa499,"Trump administration has separated dozens of children from their parents again, AP finds",,,2026-06-04T00:00:00
cbsnews.com,DC,policy,-77.0369274,38.9072873,,1,"Washington, DC, USA",https://www.cbsnews.com/news/senate-vote-a-rama-ice-funding-reconciliation/,,,Washington,edcc51b6-dede-4d12-9470-60d0c55fede3,"Watch Live: Senate holds ""vote-a-rama"" on ICE funding ahead of final passage",,,2026-06-04T00:00:00
npr.org,New York,detention,-74.0059728,40.7127753,,1,"New York, NY, USA",https://www.npr.org/2026/06/04/nx-s1-5837643/mahmoud-khalil-takes-deportation-case-to-the-supreme-court,,,New York,685de3bc-7b67-4893-8c93-6e3b89967533,Mahmoud Khalil takes deportation case to the Supreme Court,,,2026-06-04T00:00:00
cincinnati.com,Ohio,policy,-84.5120196,39.1031182,,1,"Cincinnati, Ohio, USA",https://www.cincinnati.com/story/news/education/2026/06/04/lawsuit-over-cincinnati-area-school-districts-ice-plan-goes-forward/90390273007/?gca-cat=p&gnt-cfr=1&gnt-djm=1,,,Cincinnati,79fb7456-6f51-4d2a-9535-ad32d8160a9c,Lawsuit over Cincinnati-area school district's ICE plan goes forward,,,2026-06-04T00:00:00
newsday,Minnesota,protest,-93.0899578,44.9537029,,1,"Saint Paul, Minnesota, USA",https://www.newsday.com/news/nation/don-lemon-immigration-cities-church-ice-q34550,,,St. Paul,a5024118-430a-4d6c-b708-f231e49b7b21,"ICE protesters who interrupted Minnesota church service won't face state charges, prosecutor says",,,2026-06-04T00:00:00
newsday,Florida,policy,-80.1917902,25.7616798,,1,"Miami, Florida, USA",https://www.newsday.com/news/nation/immigration-trump-family-separation-ice-x80911,,,Miami,8c682d8b-8646-46b7-a83b-65f5ce86ea4c,"Trump administration has separated dozens of children from their parents for a second time, AP finds",,,2026-06-04T00:00:00
talkingpointsmemo,,opinion,-8.629105299999999,41.1579438,,1,"Porto, Portugal",https://talkingpointsmemo.com/cafe/greg-bovinos-retirement-plan-go-full-fascist,,,Porto,28428333-9c47-4fbd-9437-217eed466d32,Greg Bovino’s Retirement Plan? Go Full Fascist,,,2026-06-04T00:00:00
dispatch,OH,policy,-83.0032218,39.9625112,,1,"Columbus, Ohio, USA",https://www.dispatch.com/story/news/local/2026/06/04/white-house-data-shows-columbus-leads-ohio-in-ice-arrests/90390571007/?gca-cat=p&gnt-cfr=1&gnt-djm=1,,,Columbus,3d95ce98-cdef-4143-80d1-5016abbbe37d,White House data shows Columbus leads Ohio in ICE arrests,,,2026-06-04T00:00:00
sandiegouniontribune,Florida,policy,-80.1917902,25.7616798,,1,"Miami, Florida, USA",https://www.sandiegouniontribune.com/2026/06/04/immigration-children-separated/,,,Miami,08741652-d681-4f6d-8c80-c7706b22d5a8,"Trump administration has separated dozens of children from their parents for a second time, AP finds",,,2026-06-04T00:00:00
pressrepublican,NY,raid,-73.9798713,44.2794911,,1,"Lake Placid, NY, USA",https://www.pressrepublican.com/news/ice-detains-21-people-in-lake-placid-saranac-lake/article_5b87034b-5251-4b9c-806a-b4cf5fde70a4.html,,,Lake Placid,32fbeab5-4e6a-4908-93e5-c89d36128b85,"ICE detains 21 people in Lake Placid, Saranac Lake",,,2026-06-04T00:00:00
redstate.com,Minnesota,protest,-93.0899578,44.9537029,,1,"St. Paul, Minnesota, USA",https://redstate.com/bobhoge/2026/06/04/minnesota-gonna-minnesota-prosecutors-say-no-evidence-against-church-protesters-despite-the-videotape-n2203038,,,St. Paul,88b742e5-9cbf-4dcd-a49c-7a011cd2a8e2,Minnesota Gonna Minnesota: Prosecutors Say No Evidence Against Church Protesters Despite the Videotape,,,2026-06-04T00:00:00
cbsnews.com,CA,policy,-118.242643,34.0549076,,1,"Los Angeles, CA, USA",https://www.cbsnews.com/losangeles/news/sofi-stadium-workers-vote-on-potential-strike-during-2026-fifa-world-cup-in-la/,,,Los Angeles,6e9cf84b-4e20-47cd-bbf4-635f83055cd8,SoFi Stadium workers vote on potential strike during 2026 FIFA World Cup in LA,,,2026-06-04T00:00:00
huffpost,California,policy,-118.242643,34.0549076,,1,"Los Angeles, California, USA",https://www.huffpost.com/entry/olivia-rodrigo-music-deportation-propaganda_n_6a21e1d2e4b0a18aef0ae766,,,Los Angeles,4de7658c-b64a-448d-b2e1-5a887f8f5343,Pop Star Found Her Music Was In Trump 'Propaganda' In The Most Jarring Way,,,2026-06-04T00:00:00
newsweek,Louisiana,detention,-92.80345319999999,31.9231098,,1,"Louisiana, Winnfield, Winn Correctional Center",https://www.newsweek.com/ice-agents-force-violations-chokehold-pen-stab-12030852,,,Winnfield,9db33099-5897-44d3-9086-3326abd9dcbe,"ICE agents force violations revealed: chokehold, pen stab, more",,,2026-06-04T00:00:00
chron,DC,policy,-77.0369274,38.9072873,,1,"Washington, DC, USA",https://www.chron.com/news/politics/article/senate-begins-voting-on-bill-to-fund-ice-border-22291085.php,,,Washington,2eeb8933-56d3-46e0-8f31-d41d171e57c7,Senate rejects first effort to bar Trump from creating $1.8B settlement fund,,,2026-06-04T00:00:00
pjmedia.com,,policy,-155.6658568,19.8986819,,1,"Hawaii, USA",https://pjmedia.com/catherinesalgado/2026/06/04/feds-decertify-hawaii-for-medicaid-money-over-failure-to-target-fraud-n4953580,,,Hawaii,b2cab675-50f5-4a58-934c-7eefaf0a20db,Feds Decertify Hawaii for Medicaid Funding Over Failure to Address Fraud,,,2026-06-04T00:00:00
nbcnews,Minnesota,protest,-93.1650709,44.9409411,,1,"Cities Church, St. Paul, Minnesota, USA",https://www.nbcnews.com/news/us-news/ice-protesters-interrupted-minnesota-church-service-wont-face-state-ch-rcna348492,,,St. Paul,b3618d79-a72b-4acf-8fa5-8bae707ee45c,"ICE protesters who interrupted Minnesota church service won’t face state charges, prosecutor says",,,2026-06-04T00:00:00
chicagotribune,South Carolina,detention,-81.1637245,33.836081,,1,"South Carolina, USA",https://www.chicagotribune.com/2026/06/04/el-ice-detiene-a-48-inmigrantes-en-carolina-del-sur-por-uso-de-documentos-de-identidad-falsos/,,,Charleston,45d1b834-9785-4ac4-ac82-886db4345750,El ICE detiene a 48 inmigrantes en Carolina del Sur por uso de documentos de identidad falsos,,,2026-06-04T00:00:00
cbsnews,New York,detention,-74.0059728,40.7127753,,1,"New York, NY, USA",https://www.cbsnews.com/newyork/video/white-house-border-czar-defends-conditions-inside-delaney-hall/,,,New York,77d67d34-9d39-49d2-aa32-875e3c1ef02a,White House border czar defends conditions inside Delaney Hall,,,2026-06-04T00:00:00
newsweek,,policy,-106.5348379,38.7945952,,1,United States,https://www.newsweek.com/dhs-work-permit-change-immigration-us-visa-update-12032269,,,,edc55dbf-2b75-4b1a-8331-8eb2531215f7,Trump admin makes another move to restrict immigrant workers,,,2026-06-04T00:00:00
vox.com,NJ,detention,-74.1744671,40.7315293,,1,"Newark, NJ, USA",https://www.vox.com/politics/490959/todd-blanche-attorney-general-trump-goon,,,Newark,255bb061-3de4-46a2-acb4-ea50172f6c4b,Trump’s attorney general pick has exactly one qualification,,,2026-06-04T00:00:00
latimes,California,opinion,-119.4179324,36.778261,,1,"California, USA",https://www.latimes.com/california/story/2026-06-04/chabria-column-steve-hilton-trump-california-election-fraud-claims,,,,5fcc6783-079b-4361-a9ad-bf8fceaf55d4,"Commentary: No, Mr. Hilton, our elections are not 'a joke.' It's time for you to stand up to Trump",,,2026-06-04T00:00:00
salon,Tennessee,policy,-86.7816016,36.1626638,,1,"Nashville, Tennessee, USA",https://www.salon.com/2026/06/04/noem-faces-new-legal-trouble-over-jet-use/,,,Nashville,1c2dad13-4fb0-4c20-8569-247c8fdf531a,Noem faces new legal trouble over jet use,,,2026-06-04T00:00:00
latimes,DC,policy,-77.0369274,38.9072873,,1,"Washington, DC, USA",https://www.latimes.com/world-nation/story/2026-06-04/senate-begins-voting-on-bill-to-fund-ice-border-patrol-as-democrats-try-to-derail-it,,,Washington,5c3feb10-84d6-4816-b5ce-9efeb047e267,"Senate begins voting on bill to fund ICE, Border Patrol as Democrats try to derail it",,,2026-06-04T00:00:00
azcentral,Arizona,protest,-110.9741769,32.2539787,,1,"Tucson, Arizona, USA",https://www.azcentral.com/story/news/politics/immigration/2026/06/04/deportation-case-dismissed-for-tucson-daca-recipient/90390806007/?gca-cat=p&gnt-cfr=1&gnt-djm=1,,,Tucson,93ea0669-9d18-457f-9816-60e76e844f21,Deportation case dismissed for Tucson DACA recipient,,,2026-06-04T00:00:00
nypost.com,Minnesota,protest,-93.0899578,44.9537029,,1,"Saint Paul, Minnesota, USA",https://nypost.com/2026/06/04/us-news/anti-ice-mob-that-stormed-minnesota-church-service-with-don-lemon-wont-face-state-charges/,,,Saint Paul,37b77be9-b13b-4197-b6e5-6c480382244a,Anti-ICE protesters who stormed Minnesota church service with Don Lemon won’t face state charges,,,2026-06-04T00:00:00
inquirer,,policy,-77.0369274,38.9072873,,1,"Washington, DC, USA",https://www.inquirer.com/politics/nation/abrego-garcia-costa-rica-markwayne-mullin-20260604.html,,,,9dbfa51d-fd9d-45de-8e2a-92dd4f91d6d1,"In apparent reversal, Mullin says Abrego Garcia could be deported to Costa Rica",,,2026-06-04T00:00:00
orlandosentinel,DC,policy,-77.0369274,38.9072873,,1,"Washington, DC, USA",https://www.orlandosentinel.com/2026/06/04/congress-homeland-security-funding-bill/,,,Washington,443d4553-b25e-4b73-a2c5-03fb4c6505e1,"Senate begins voting on bill to fund ICE, Border Patrol as Democrats try to derail it",,,2026-06-04T00:00:00
sun-sentinel,Florida,policy,-80.1917902,25.7616798,,1,"Miami, Florida, USA",https://www.sun-sentinel.com/2026/06/04/trump-administration-has-separated-dozens-of-children-from-their-parents-for-a-second-time-ap-finds/,,,Miami,994e99b7-3221-4c86-9715-f2bf9bd830e4,"Trump administration has separated dozens of children from their parents for a second time, AP finds",,,2026-06-04T00:00:00
inquirer,New Jersey,protest,-74.12849729999999,40.7181313,,1,"Newark, NJ, USA, Delaney Hall detention center",https://www.inquirer.com/politics/new-jersey/new-jersey-governor-mikie-sherrill-delaney-hall-20260604.html,,,Newark,3df19461-25ca-4bf4-b0b3-767925e0bcf0,Gov. Sherrill says immigration officials won’t let her visit detention center,,,2026-06-04T00:00:00
mercurynews,California,policy,-117.1610838,32.715738,,1,"San Diego, CA, USA",https://www.mercurynews.com/2026/06/04/san-diego-judge-orders-dhs-to-allow-county-inspection-of-otay-mesa-immigrant-detention-center/,,,San Diego,60e24e3d-2283-4289-8f2b-66a450861458,Judge orders DHS to allow inspection of Southern California immigrant detention center,,,2026-06-04T00:00:00
ms.now,CA,policy,-118.242643,34.0549076,,1,"Los Angeles, California, USA",https://www.ms.now/news/karen-bass-los-angeles-mayor-race-spencer-pratt,,,Los Angeles,0df1d1b1-899a-4581-9be6-76f75de21516,Karen Bass advances to general election in Los Angeles mayoral contest,,,2026-06-03T00:00:00
inquirer,DC,policy,-77.0369274,38.9072873,,1,"Washington, DC, USA",https://www.inquirer.com/wires/ap/senate-will-begin-voting-funding-immigration-enforcement-after-trumps-settlement-fund-is-dropped-20260603.html,,,Washington,8de6458f-cf96-4470-8f69-abdec04816b9,Senate begins voting on funding immigration enforcement after Trump's settlement fund is dropped,,,2026-06-03T00:00:00
breitbart.com,Illinois,raid,-87.6323879,41.88325,,1,"Chicago, Illinois, USA",https://www.breitbart.com/border/2026/06/03/exclusive-ice-nabs-violent-criminal-illegal-alien-after-sanctuary-chicago-authorities-set-him-free/,,,Chicago,6f9ece17-6787-4f32-a3c7-e0ea8da077a2,Exclusive: ICE Nabs Violent Criminal Illegal Alien After Sanctuary Chicago Authorities Set Him Free,,,2026-06-03T00:00:00
dailycaller,New Jersey,protest,-74.1744671,40.7315293,,1,"Newark, New Jersey, USA",https://dailycaller.com/2026/06/03/democrat-lamonica-mciver-dhs-markwayne-mullin-white-people/,,,Newark,cce21bb9-2cf2-4d3d-a973-f39c44bc20a2,Democrat Lawmaker Is Mad DHS Isn't Locking Up Enough White Illegal Immigrants,,,2026-06-03T00:00:00
theguardian,,policy,166.9308159,-0.5406599,,1,"Australia, Nauru",https://www.theguardian.com/australia-news/audio/2026/jun/03/a-daughters-plea-to-halt-her-fathers-deportation-to-nauru-full-story-podcast,,,,be9db4ab-7ddf-4e0f-9a5f-7e5cfcabb9b1,A daughter’s plea to halt her father’s deportation to Nauru – podcast,,,2026-06-03T00:00:00
dailysignal,,policy,-77.0369274,38.9072873,,1,"Washington, DC, USA",https://www.dailysignal.com/2026/06/03/senate-seeks-pathway-to-deportation-for-naturalized-criminals/,,,,096aa002-dc77-492f-b2a6-fb1d3f5fd186,Senate Seeks Pathway to Deportation for Naturalized Criminals,,,2026-06-03T00:00:00
townhall.com,New Jersey,policy,-74.1744671,40.7315293,,1,"Newark, NJ, USA",https://townhall.com/tipsheet/amy-curtis/2026/06/03/ras-baraka-shut-down-delaney-hall-n2677151,,,Newark,6882c0e5-f5a3-4f8f-876d-c18ab45f4a8a,New Jersey Mayor Ras Baraka Says What Democrats Really Want to Do With ICE,,,2026-06-03T00:00:00
breitbart.com,,protest,22.1243871,-34.1836263,,1,"Mossel Bay, South Africa",https://www.breitbart.com/africa/2026/06/03/malawi-citizens-home-deadly-south-african-anti-immigrant-riots/,,,Mossel Bay,847cbc62-9af7-4fef-92d1-99be73d1e7d4,Malawi to Bring Citizens Home After Deadly South African Anti-Immigrant Riots,,,2026-06-03T00:00:00
cbsnews.com,,policy,-88.7878678,43.7844397,,1,"Wisconsin, USA",https://www.cbsnews.com/minnesota/news/hannah-dugan-obstruction-conviction-ruling-wisconsin/,,,Wisconsin,72338905-c7ce-4bb0-8c35-f1de48e27c34,Federal judge weighs whether to overturn former Wisconsin judge Hannah Dugan's obstruction conviction,,,2026-06-03T00:00:00
chicagotribune,Illinois,policy,-87.6323879,41.88325,,1,"Chicago, Illinois, USA",https://www.chicagotribune.com/2026/06/03/afternoon-briefing-new-chicago-fires-police-chief-after-gun-charges/,,,Chicago,d33e4178-7c5b-499e-9977-22fc47ffbd15,Afternoon Briefing: New Chicago fires police chief after gun charges,,,2026-06-03T00:00:00
wired,,policy,-8.857583,40.1521398,,1,"Figueira da Foz, Portugal",https://www.wired.com/story/greg-bovino-was-the-star-at-a-european-remigration-conference/,,,Figueira da Foz,d710eb5a-df49-4509-b784-0e1b635d8e97,Greg Bovino Was the Star at a European Remigration Conference,,,2026-06-03T00:00:00
dailysignal,New Jersey,protest,-74.1744671,40.7315293,,1,"Newark, New Jersey, USA",https://www.dailysignal.com/2026/06/03/anti-ice-protest-delaney-hall/,,,Newark,b980fc56-e08b-4f83-ad77-0f42b804f535,Trump Derangement Goes to Newark: The Anti-ICE Protest Industry,,,2026-06-03T00:00:00
latimes,Wisconsin,policy,-87.9096783,43.0410344,,1,"Milwaukee, Wisconsin, USA",https://www.latimes.com/world-nation/story/2026-06-03/federal-judge-pauses-sentencing-to-weigh-argument-in-wisconsin-judges-immigration-case-conviction,,,Milwaukee,a2ddfbcb-94f6-46e1-a102-be70e4b2b5f7,Federal judge pauses sentencing to weigh argument in Wisconsin judge's immigration case conviction,,,2026-06-03T00:00:00
breitbart.com,,policy,-107.2902839,43.0759678,,1,"Wyoming, USA",https://www.breitbart.com/politics/2026/06/03/wyoming-gop-gubernatorial-candidate-voted-against-maga-illegal-immigration-crackdown/,,,Wyoming,a44557a6-d860-47e5-b125-551277662fe4,Wyoming GOP Gubernatorial Candidate Voted Against MAGA's Illegal Immigration Crackdown,,,2026-06-03T00:00:00
inquirer.com,PA,policy,-75.1652215,39.9525839,,1,"Philadelphia, PA, USA",https://www.inquirer.com/news/philadelphia/ice-world-cup-philadelphia-brooks-landau-20260603.html,,,Philadelphia,a2458fea-67b9-4bb4-9fb0-6cce7edf99d6,"Councilmembers Kendra Brooks, Rue Landau, and Nicolas O’Rourke call on World Cup party hosts to prepare for ICE activity",,,2026-06-03T00:00:00
jezebel,North Carolina,policy,-80.84089329999999,35.2270768,,1,"Charlotte, North Carolina, USA",https://www.jezebel.com/immigration-judge-calls-to-deport-teen-boy-whos-been-dead-for-more-than-a-year,,,Charlotte,8d1d7c0e-84fa-4ac2-a018-4c9e52831ff4,Immigration Judge Calls to Deport Teen Boy... Who’s Been Dead for More Than a Year,,,2026-06-03T00:00:00
usatoday.com,Michigan,policy,-83.0424533,42.32971819999999,,1,"Detroit, Michigan, USA",https://www.usatoday.com/story/news/crime/2026/06/03/nih-monkeypox-detroit-scientists-africa/90384319007/,,,Detroit,9ef6a6c5-2350-4a4f-a38d-13889db7a150,NIH scientists charged with smuggling deactivated mpox into US,,,2026-06-03T00:00:00
townhall.com,Michigan,policy,-83.0424533,42.32971819999999,,1,"Detroit, Michigan, USA",https://townhall.com/tipsheet/scott-mcclallen/2026/06/03/two-nih-researchers-charged-in-alleged-monkeypox-smuggling-scheme-n2677192,,,Detroit,c7d0982d-2be8-4e00-90c6-d1718d1dcf2b,Two Foreign NIH Researchers Charged With Smuggling Monkeypox Into U.S.,,,2026-06-03T00:00:00
chicagotribune,Wisconsin,detention,-87.9096783,43.0410344,,1,"Milwaukee, Wisconsin, USA",https://www.chicagotribune.com/2026/06/03/salah-sarsour-immigration-detention/,,,Milwaukee,eba6af23-e0fe-44fd-a934-aeccd33fa639,"Wisconsin Muslim community leader in immigration detention due to pro-Palestinian speech, attorneys allege",,,2026-06-03T00:00:00
Baltimore Sun,DC,policy,-77.0369274,38.9072873,,1,"Washington, DC, USA",https://www.baltimoresun.com/2026/06/03/senate-vote-starts-on-immigration-funding-bill/,,,Washington,fc2fd68c-79fa-43a1-8434-f4708f4b5402,Senate will begin voting on funding immigration enforcement after Trump’s settlement fund is dropped,,,2026-06-03T00:00:00
sandiegouniontribune,Wisconsin,policy,-87.9096783,43.0410344,,1,"Milwaukee, Wisconsin, USA",https://www.sandiegouniontribune.com/2026/06/03/immigration-judge-arrested-sentencing-paused/,,,Milwaukee,45258ae3-fcbf-471e-9b4e-210d829e13fe,Federal judge pauses sentencing to weigh argument in Wisconsin judge’s immigration case conviction,,,2026-06-03T00:00:00
denverpost.com,Colorado,policy,-104.990251,39.7392358,,1,"Denver, Colorado, USA",https://www.denverpost.com/2026/06/03/jared-polis-vetoes-immigration-lawsuits-swipe-fees/,,,Denver,1a09e272-78eb-496f-97b2-7aa503dde08a,"Polis vetoes bills that would allow Coloradans to sue federal immigration officials, ban swipe fees",,,2026-06-03T00:00:00
chicagotribune,Illinois,policy,-87.6323879,41.88325,,1,"Chicago, Illinois, USA",https://www.chicagotribune.com/2026/06/03/el-senado-votar-sobre-fondos-para-control-migratorio-tras-retiro-de-fondo-de-trump/,,,Chicago,3fb471bb-2dd6-47d1-bee8-1eabe790d380,El Senado votará sobre fondos para control migratorio tras retiro de fondo de Trump,,,2026-06-03T00:00:00
orlandosentinel,Florida,policy,-81.3789269,28.5383832,,1,"Orlando, Florida, USA",https://www.orlandosentinel.com/2026/06/03/uncle-lous-owner-to-self-deport-after-immigration-judge-orders-removal/,,,Orlando,8396ef50-c714-4b74-ba2e-21f1dff6baf7,Orlando’s Uncle Lou to ‘self-deport’ after immigration judge orders removal,,,2026-06-03T00:00:00
univision,New York,policy,-74.0059728,40.7127753,,1,"New York, NY, USA",https://www.univision.com/noticias/estados-unidos/si-tocan-a-mi-puerta-les-disparo-un-hombre-amenaza-a-la-policia-de-nueva-york-con-atacar-a-agentes-de-ice,,,White Plains,0f595524-dca2-45a4-bf8e-40bcdece43b2,"""Si tocan a mi puerta, les disparo"": un hombre amenaza a la policía de Nueva York con atacar a agentes de ICE",,,2026-06-03T00:00:00
townhall.com,NC,policy,-79.01929969999999,35.7595731,,1,"North Carolina, USA",https://townhall.com/tipsheet/dmitri-bolt/2026/06/03/roy-cooper-illegal-alien-n2677169,,,Charlotte,88f64013-b494-465c-a514-985ac37d16b3,Roy Cooper Has a Terrible Record on Public Safety and Illegal Immigration,,,2026-06-03T00:00:00
nbcnews,,detention,-91.5208624,30.5190775,,1,"Louisiana, USA",https://www.nbcnews.com/news/us-news/dhs-watchdog-finds-use-force-issues-safety-sanitation-concerns-louisia-rcna348367,,,Louisiana,e0e1022c-b948-4b48-be47-3cf251fbc971,DHS watchdog finds use-of-force issues and safety and sanitation concerns at Louisiana ICE center,,,2026-06-03T00:00:00
inquirer,,detention,-119.4179324,36.778261,,1,"California, USA",https://www.inquirer.com/wires/ap/ap-top-headlines-724-pm-edt-20260603.html,,,California,7061773c-5d45-46ab-a249-c0653483b33e,AP Top Headlines at 7:47 p.m. EDT,,,2026-06-03T00:00:00
theguardian,North Carolina,policy,-80.84089329999999,35.2270768,,1,"Charlotte, North Carolina, USA",https://www.theguardian.com/us-news/2026/jun/03/north-carolina-judge-deport-teen-murder-victim,,,Charlotte,82f3696d-f12e-494f-a540-f99ccf649396,Dead but deportable: US immigration judge signed order to eject teen murder victim,,,2026-06-03T00:00:00
twincities,DC,policy,-77.0369274,38.9072873,,1,"Washington, DC, USA",https://www.twincities.com/2026/06/03/senate-vote-starts-on-immigration-funding-bill/,,,Washington,57d48f1e-2894-4665-8c24-e32d3f18534e,Senate will begin voting on funding immigration enforcement after Trump’s settlement fund is dropped,,,2026-06-03T00:00:00
chicagotribune,Illinois,policy,-87.85339309999999,41.8639201,,1,"Broadview, Illinois, USA",https://www.chicagotribune.com/2026/06/03/illinois-legislative-bill-roundup-2026/,,,Broadview,fa75fbde-40eb-4482-bd12-100ec20afde1,Illinois OKs immigration detention limits and e-bike rules while prescriptions board and police bill stall,,,2026-06-03T00:00:00
inquirer.com,DC,policy,-77.0369274,38.9072873,,1,"Washington, DC, USA",https://www.inquirer.com/wires/ap/senate-begins-voting-funding-immigration-enforcement-after-trumps-settlement-fund-is-dropped-20260603.html,,,Washington,94750039-a36c-4816-b63a-c92d5184577a,Senate begins voting on funding immigration enforcement after Trump's settlement fund is dropped,,,2026-06-03T00:00:00
newsday,DC,policy,-77.0369274,38.9072873,,1,"Washington, DC, USA",https://www.newsday.com/news/nation/senate-ice-border-patrol-trump-settlement-ballroom-a73939,,,Washington,412afb72-3803-4ce3-b987-f73d2d3a5b1f,Senate will begin voting on funding immigration enforcement after Trump's settlement fund is dropped,,,2026-06-03T00:00:00
postandcourier,South Carolina,arrest,-81.035147,34.0008322,,1,"Columbia, South Carolina, USA",https://www.postandcourier.com/columbia/news/ice-sled-south-carolina-highway-arrests/article_42304526-68d2-42aa-913c-7becba8aa6ee.html,,,Columbia,2b05aa4d-6ba0-492d-8e30-8b54c17503b2,ICE arrests 114 in SC in ‘major highway enforcement operation’ along I-26 and I-85,,,2026-06-03T00:00:00
usatoday,Georgia,policy,-83.718231,33.656228,,1,"Social Circle, Georgia, USA",https://www.usatoday.com/story/news/2026/06/02/where-are-the-data-centers-in-georgia-more-on-the-way-brockovich-says/90366846007/,,,Social Circle,262efa03-e28c-4b72-b279-5a1342759a0d,"Where are the data centers in Georgia? More on the way, Brockovich says",,,2026-06-02T00:00:00
mercurynews,DC,policy,-77.0369274,38.9072873,,1,"Washington, DC, USA",https://www.mercurynews.com/2026/06/03/senate-vote-starts-on-immigration-funding-bill/,,,Washington,699fb789-af54-48cb-899a-c99ff28e51aa,Senate will begin voting on funding immigration enforcement after Trump’s settlement fund is dropped,,,2026-06-03T00:00:00
breitbart.com,Virginia,detention,-77.6077865,38.7838939,,1,"Prince William County, Virginia, USA",https://www.breitbart.com/immigration/2026/06/02/ice-pleads-with-virginia-abigail-spanberger-locked-up-illegal-alien-rape/,,,Prince William County,9c475800-cc85-4b12-af70-5455c798e445,ICE Urges Gov. Spanberger Not to Release Alien Accused of Raping Girl,,,2026-06-02T00:00:00
PilotOnline,DC,policy,-77.0369274,38.9072873,,1,"Washington, DC, USA",https://www.pilotonline.com/2026/06/02/republican-senators-trump-settlement-fund/,,,Washington,efcc7fdb-75ea-432d-9166-a3fd09a920f8,Republican senators want more answers on $1.8 billion settlement fund as Trump considers its future,,,2026-06-02T00:00:00
newsweek,Michigan,policy,-83.0424533,42.32971819999999,,1,"Detroit, Michigan, USA",https://www.newsweek.com/nih-scientists-charged-smuggling-monkeypox-us-false-statements-12023701,,,Detroit,b5c0cbef-5d87-4562-8ee8-c52129445bc4,Why two federal virus researchers just got arrested by the FBI,,,2026-06-02T00:00:00
ocregister,Massachusetts,policy,-71.0565364,42.3555076,,1,"Boston, Massachusetts, USA",https://www.ocregister.com/2026/06/02/trump-elections-mail-in-eo/,,,Boston,95f5186e-6368-4485-9169-b568bc13d24d,Federal court hears arguments over efforts to halt Trump’s mail-in executive order,,,2026-06-02T00:00:00
ms.now,New Jersey,inspection,-74.1744671,40.7315293,,1,"Newark, NJ, USA",https://www.ms.now/deadline-white-house/deadline-legal-blog/delaney-hall-new-jersey-lawsuit-access-geo-group-davenport,,,Newark,4de8d9ac-b144-4924-b9a3-1093d02db754,‘Significant concerns’: New Jersey sues for full access to Delaney Hall detention center,,,2026-06-02T00:00:00
sfgate,DC,policy,-77.0369274,38.9072873,,1,"Washington, DC, USA",https://www.sfgate.com/news/article/mullin-to-face-senate-grilling-on-dhs-budget-22287490.php,,,Washington,76b7025d-d7f6-4a79-9c8b-ae5dbc92a387,"Mullin faces Senate grilling on DHS budget, immigration crackdown and World Cup worries",,,2026-06-02T00:00:00
chicagotribune,Illinois,policy,-87.6323879,41.88325,,1,"Chicago, Illinois, USA",https://www.chicagotribune.com/2026/06/02/andrew-boutros-broadview-six-grand-jury/,,,Chicago,58498500-896f-44dc-86a9-bd913996aa38,US Attorney Andrew Boutros acknowledges contact with ‘Broadview Six’ grand jury,,,2026-06-02T00:00:00
theguardian,California,policy,-117.1610838,32.715738,,1,"San Diego, California, USA",https://www.theguardian.com/us-news/2026/jun/02/san-diego-drug-tunnel,,,San Diego,64c8e24c-2a74-44dd-a9b9-d04fac2cc773,One-ton cocaine bust reveals secret US-Mexico tunnel,,,2026-06-02T00:00:00
breitbart.com,New Jersey,protest,-74.1744671,40.7315293,,1,"Newark, New Jersey, USA",https://www.breitbart.com/politics/2026/06/02/nj-anti-ice-protester-who-allegedly-bit-officer-also-accused-of-distributing-child-porn/,,,Newark,b6c71973-06ea-4899-952a-6d81aa9ebe7c,Protester Who Allegedly Bit ICE Officer Accused of Distributing Child Porn,,,2026-06-02T00:00:00
pbs.org,DC,policy,-77.0369274,38.9072873,,1,"Washington, DC, USA",https://www.pbs.org/newshour/politics/watch-live-senate-gop-leaders-hold-news-conference-as-trump-weighs-dropping-weaponization-fund,,,Washington,cc82756f-2ecb-4248-9871-bc6c77eb82b6,WATCH LIVE: Senate GOP leaders hold news conference as Trump weighs dropping weaponization fund,,,2026-06-02T00:00:00
cbsnews.com,NJ,protest,-74.1744671,40.7315293,,1,"Newark, NJ, USA",https://www.cbsnews.com/newyork/news/delaney-hall-newark-nj-ice/,,,Newark,60bb5e30-41e5-455b-b347-989dffb67c4f,Delaney Hall ICE detention facility target of new lawsuit as Newark Mayor Ras Baraka calls for its closure,,,2026-06-02T00:00:00
nypost,,protest,-6.7740852,62.01072479999999,,1,"Faroe Islands, Torshavn, Faroe Islands, Denmark",https://nypost.com/2026/06/02/world-news/faroe-islands-locals-massacre-over-700-porpoises-in-gory-grindagrap-tradition/,,,Torshavn,c344bb87-c385-4377-98eb-d314288cfebc,Faroe Islands locals massacre over 700 porpoises in gory ‘grindagrap’ tradition,,,2026-06-02T00:00:00
cbnews,Michigan,policy,-83.0424533,42.32971819999999,,1,"Detroit, Michigan, USA",https://www.cbsnews.com/detroit/news/researchers-charged-smuggling-mpox-detroit-metro-airport/,,,Detroit,0490a40b-65d3-4bc5-9580-6c5473348dba,Two researchers charged with allegedly trying to smuggle mpox through Detroit Metro Airport,,,2026-06-02T00:00:00
orlandosentinel,Florida,policy,-81.2518833,28.4844995,,1,"Orange County, Florida, USA",https://www.orlandosentinel.com/2026/06/02/orange-county-formalizes-new-arrangement-for-ice-at-its-jail/,,,Orlando,5db68e8e-cb72-4924-8a2d-e4a2ff8c95f5,Orange County formalizes new arrangement for ICE at its jail,,,2026-06-02T00:00:00
dailysignal.com,California,policy,-117.1610838,32.715738,,1,"San Diego, California, USA; San Francisco, California, USA",https://www.dailysignal.com/2026/06/02/hit-and-run-homicide-assault-robbery-congress-probes-effects-of-california-sanctuary-policies/,,,San Diego,5b90d3f6-d3e5-4435-ac5e-bd829099e13d,"Hit-and-Run, Homicide, Assault, Robbery: Congress Probes Effects of California Sanctuary Policies",,,2026-06-02T00:00:00
cbsnews,Minnesota,protest,-94.6858998,46.729553,,1,"Minnesota, USA",https://www.cbsnews.com/minnesota/news/pardon-minnesota-board-backlash-dhs-republicans/,,,Minneapolis,c5695315-d00f-405a-ac29-6a9baf95da0e,Minnesota commission's pardon of man convicted of robbery 30+ years ago draws backlash from DHS,,,2026-06-02T00:00:00
theguardian,New Jersey,policy,-74.1744671,40.7315293,,1,"Newark, NJ, USA",https://www.theguardian.com/us-news/2026/jun/02/new-jersey-lawsuit-geo-group-delaney-hall-ice,,,Newark,2590d8c5-ea5d-4ffd-adef-1ab5ebd1c405,"New Jersey sues Geo Group, private operator of Delaney Hall ICE facility",,,2026-06-02T00:00:00
usatoday,New Jersey,detention,-74.12849729999999,40.7181313,,1,"Newark, NJ, USA; Delaney Hall, Newark, New Jersey",https://www.usatoday.com/story/news/nation/2026/06/02/geo-group-lawsuit-delaney-hall-detention-new-jersey/90377098007/,,,Newark,59702612-430b-43e9-ab38-3666fa42f1c1,GEO Group sued over controversial Delaney Hall ICE detention center,,,2026-06-02T00:00:00
nypost,New York,policy,-74.0059728,40.7127753,,1,"New York, NY, USA",https://nypost.com/2026/06/02/us-news/sen-chuck-schumer-thrown-under-the-bus-during-goldman-lander-house-debate/,,,New York,4c9ceb67-7af1-49f1-84a4-0f840f4b46b3,Sen. Chuck Schumer thrown under the bus during House debate between Dan Goldman and Brad Lander,,,2026-06-02T00:00:00
huffpost,CA,policy,-118.242643,34.0549076,,1,"Los Angeles, CA, USA",https://www.huffpost.com/entry/ice-world-cup-los-angeles-shefriff_n_6a1e71f6e4b08a03cfbc1fc2,,,Los Angeles,d2ccad5e-d31c-4685-901d-13a75e9e58a0,Los Angeles Sheriff Shares Big Update Over ICE World Cup Fears,,,2026-06-02T00:00:00
thenation,Minnesota,policy,-92.45883270000002,44.0193287,,1,"Rochester, Minnesota, USA",https://www.thenation.com/article/politics/peggy-flanagan-dfl-minnesota-senate/,,,Rochester,34c30c73-823d-49df-a6fa-c70c7072b0a0,Minnesota’s Peggy Flanagan Wins the DFL Nomination for a Senate Seat,,,2026-06-02T00:00:00
dailysignal.com,New Jersey,arrest,-74.1744671,40.7315293,,1,"Newark, New Jersey, USA",https://www.dailysignal.com/2026/06/02/fake-gay-mauritanian-arrested-after-getting-asylum-under-false-pretenses/,,,Newark,15fcfe6e-f23c-4bfc-a96a-6e9e25d9f8a8,Mauritanian Man Used Fake Gay Identity to Gain Asylum: ICE,,,2026-06-02T00:00:00
breitbart,New Jersey,policy,-74.1744671,40.7315293,,1,"Newark, New Jersey, USA",https://www.breitbart.com/politics/2026/06/02/watch-live-dhs-secretary-markwayne-mullin-testifies-before-senate/,,,Newark,b4f0a6dd-6140-4301-bc47-8a0cd3505698,Watch Live: DHS Secretary Markwayne Mullin Testifies Before Senate,,,2026-06-02T00:00:00
motherjones.com,New Jersey,protest,-74.1744671,40.7315293,,1,"Newark, NJ, USA",https://www.motherjones.com/politics/2026/06/ice-dhs-delaney-hall-baraka-sherrill-lawsuit-shutdown-strike-detainees/,,,Newark,c204669a-c2e6-46d5-bc58-fb0e51db0def,ICE's Delaney Hall is being slammed with lawsuits,,,2026-06-02T00:00:00
usatoday,North Carolina,policy,-78.4563914,35.650711,,1,"Clayton, North Carolina, USA",https://www.usatoday.com/story/news/nation/2026/06/02/valedictorian-graduation-speech-interrupted-clayton-north-carolina/90370678007/,,,Clayton,a7e26171-4830-4fda-af86-3042280ef928,North Carolina school cuts valedictorian's speech after ICE comment,,,2026-06-02T00:00:00
pjmedia.com,Virginia,detention,-77.6077865,38.7838939,,1,"Prince William County, Virginia, USA",https://pjmedia.com/david-manney/2026/06/02/ice-begs-virginia-to-use-common-sense-n4953512,,,Prince William County,d581994f-10ca-44a4-97dd-3773cf5197f4,ICE Begs Virginia to Use Common Sense,,,2026-06-02T00:00:00
cbsnews.com,Illinois,policy,-87.6323879,41.88325,,1,"Chicago, Illinois, USA",https://www.cbsnews.com/chicago/news/andrew-boutros-report-grand-jury-broadview-six-transcripts/,,,Chicago,e0144f53-de5d-4203-8ad3-68efa51370c6,U.S. attorney acknowledges speech to 'Broadview 6' grand jury as calls for his resignation mount,,,2026-06-02T00:00:00
nypost,North Carolina,protest,-78.4563914,35.650711,,1,"Clayton, North Carolina, USA",https://nypost.com/2026/06/02/us-news/north-carolina-hs-valedictorians-anti-israel-rant-dramatically-cut-off-by-principal-after-she-blasts-ice/,,,Clayton,0bd454fc-a723-467b-8d9d-9a5a979d6447,"High school valedictorian yanked from stage after hijacking speech to rant against Israel, ICE",,,2026-06-02T00:00:00
dailycaller,DC,policy,-77.0369274,38.9072873,,1,"Washington, DC, USA",https://dailycaller.com/2026/06/02/todd-blanche-weaponization-fund-reconciliation-package/,,,Washington,cdcff1a0-3671-47ce-a695-bec1e4d66305,Trump's Acting AG Says Administration Is Ditching Weaponization Fund,,,2026-06-02T00:00:00
redstate,Wisconsin,policy,-89.4007501,43.0721661,,1,"Madison, Wisconsin, USA",https://redstate.com/beckynoble/2026/06/02/dems-continue-to-welcome-socialist-candidates-out-from-under-their-rock-this-time-in-wisconsin-n2202957,,,Madison,039d6a73-6e8c-4570-be46-0741e30aa1da,Dems Continue to Welcome Socialist Candidates Out From Under Their Rock,,,2026-06-02T00:00:00
orlandosentinel,DC,policy,-77.0369274,38.9072873,,1,"Washington, DC, USA",https://www.orlandosentinel.com/2026/06/02/republican-senators-trump-settlement-fund/,,,Washington,b76950fd-ac2a-425c-bb3a-c3aaca3bee3c,Republican senators want more answers on $1.8 billion settlement fund as Trump considers its future,,,2026-06-02T00:00:00
nbcnews,New Jersey,protest,-74.1744671,40.7315293,,1,"Newark, NJ, USA",https://www.nbcnews.com/news/us-news/nj-delaney-immigration-detention-lawsuit-geo-group-rcna348022,,,Newark,d082f2f2-0248-4fb9-8fa5-e81a1f912e7b,N.J. targets prison company running immigration detention center in lawsuits over conditions,,,2026-06-02T00:00:00
patriotpost.us,New Jersey,protest,-74.1744671,40.7315293,,1,"Newark, New Jersey, USA",https://patriotpost.us/articles/128031-new-jerseys-anti-ice-rabble-rousers-2026-06-02,,,Newark,0df668a2-c648-40ce-aeb4-dca86c612f70,New Jersey's Anti-ICE Rabble-Rousers,,,2026-06-02T00:00:00
denverpost,Colorado,policy,-104.990251,39.7392358,,1,"Colorado, Denver, USA",https://www.denverpost.com/2026/06/02/colorado-jared-polis-ice-subpoena/,,,Denver,efd537a5-2390-445e-8a8f-f5eba5785be6,Gov. Jared Polis moves to appeal Denver judge’s order blocking compliance with ICE subpoena,,,2026-06-02T00:00:00
inquisitr,New York,policy,-74.0059728,40.7127753,,1,"New York, NY, USA",https://www.inquisitr.com/melania-trumps-official-love-story-challenged-by-leaked-audio-and-jeffrey-epsteins-name-is-at-the-center-of-it/,,,New York,80522043-e3de-4144-8115-c670fe568f35,Melania Trump's 'Official' Love Story Challenged by Leaked Audio—and Jeffrey Epstein's Name Is at the Center of It,,,2026-06-02T00:00:00
townhall.com,Indiana,detention,-84.9777455,40.43448950000001,,1,"Portland, Indiana, USA",https://townhall.com/tipsheet/amy-curtis/2026/06/02/trump-admin-to-deport-mauritanian-who-claimed-he-was-gay-for-asylum-n2677069,,,Portland,41938131-d792-40aa-8418-78e436aaa35e,One Migrant Learned the Trump Administration Is Serious About Ending Fraudulent Asylum Claims,,,2026-06-02T00:00:00
chicagotribune.com,Illinois,detention,-87.6323879,41.88325,,1,"Chicago, IL, USA",https://www.chicagotribune.com/2026/06/02/chicago-street-vendors-arrests/,,,Chicago,74c55ed7-8601-4640-93d5-f5f692082592,A new wave of enforcement leaves Chicago street vendors fearful and struggling,,,2026-06-02T00:00:00
courant.com,DC,policy,-77.0369274,38.9072873,,1,"Washington, DC, USA",https://www.courant.com/2026/06/02/republican-senators-trump-settlement-fund/,,,Washington,326c497a-f925-4dc3-8e73-a5ac2a18bec6,Republican senators want more answers on $1.8 billion settlement fund as Trump considers its future,,,2026-06-02T00:00:00
inquirer,New Jersey,detention,-74.1744671,40.7315293,,1,"Newark, NJ, USA",https://www.inquirer.com/news/delaney-hall-ice-detention-center-newark-mayor-ras-baraka-health-lawsuit-20260602.html,,,Newark,b2ded9e7-f485-4bd6-bb63-5c7362375242,New Jersey attorney general sues to gain health-inspector access to Delaney Hall ICE detention center,,,2026-06-02T00:00:00
univision,Iowa,detention,-93.61639629999999,41.5896139,,1,"Des Moines, Iowa, USA",https://www.univision.com/noticias/inmigracion/exdirector-de-un-distrito-escolar-de-iowa-condenado-a-dos-anos-de-prision-por-afirmar-falsamente-ser-ciudadano-estadounidense,,,Des Moines,930002d0-f44a-4312-bf19-799bc1fbc4a2,El exdirector de un distrito escolar de Iowa condenado a dos años de prisión por afirmar falsamente ser ciudadano estadounidense,,,2026-06-02T00:00:00
wired,New York,policy,-74.0059728,40.7127753,,1,"New York, NY, USA",https://www.wired.com/story/the-manhattan-institute-helped-kill-dei-now-its-coming-for-protests/,,,New York,e0942728-9bb4-4615-badd-31c1370b61bc,The Manhattan Institute Helped Kill DEI. Now It’s Coming for Protests,,,2026-06-02T00:00:00
dailycaller,California,detention,-120.9970014,37.6392595,,1,"Modesto, California, USA",https://dailycaller.com/2026/06/01/joaquin-escoto-deported-illegal-alien-alleged-murder-women-baby-child-victim/,,,Modesto,fd19cb0a-8a67-4273-a19b-7f36cf5e43e5,Illegal Alien Who Allegedly Killed Three Generations Of Family May Have Fathered Child With One Of The Victims,,,2026-06-01T00:00:00
newsday,,policy,-66.91110619999999,10.5017026,,1,"Caracas, Venezuela",https://www.newsday.com/news/nation/venezuela-chavez-maduro-rodriguez-chavismo-us-trump-c42147,,,Caracas,0cfebe79-69d0-4c01-9245-b8766ebe1bcb,Venezuela's ruling party unity cracks as Delcy Rodríguez shifts Chávez-era policies,,,2026-06-01T00:00:00
ms.now,,protest,-74.12849729999999,40.7181313,,1,"Delaney Hall ICE facility, New Jersey, USA",https://www.ms.now/opinion/bovino-courts-controversy-with-salute-as-he-criticizes-trump-team-at-far-right-meeting,,,New Jersey,02aeaffb-1307-4c29-912e-eec491f58c77,Bovino courts controversy with salute as he criticizes Trump team at far-right meeting,,,2026-06-01T00:00:00
dailycaller,New Jersey,protest,-74.1744671,40.7315293,,1,"Newark, New Jersey, USA",https://dailycaller.com/2026/06/01/relentless-rioters-at-ice-facility-accomplish-little-besides-getting-arrested/,,,Newark,aab1388f-12ab-4095-80eb-1e8d5ee90086,Relentless Rioters At ICE Facility Accomplish Little Besides Getting Arrested,,,2026-06-01T00:00:00
npr.org,New Jersey,protest,-74.1744671,40.7315293,,1,"Newark, NJ, USA",https://www.npr.org/2026/06/01/nx-s1-5838841/sen-cory-booker-on-newark-ice-detention-center-protest-and-congress-return-to-d-c,,,Newark,3195fea3-f7b6-4ac1-a108-c0f7ea5b42a3,Sen. Cory Booker on Newark ICE detention center protest and Congress' return to D.C.,,,2026-06-01T00:00:00
chicagotribune,Illinois,policy,-87.6323879,41.88325,,1,"Chicago, IL, USA",https://www.chicagotribune.com/2026/06/01/persisten-tensiones-entre-republicanos-y-la-casa-blanca-por-el-fondo-antipolitizacin/,,,Chicago,6d8c8749-d411-4aff-a800-83fbe52cd2e3,Persisten tensiones entre republicanos y la Casa Blanca por el “Fondo Antipolitización”,,,2026-06-01T00:00:00
breitbart.com,California,policy,-120.9970014,37.6392595,,1,"Modesto, California, USA",https://www.breitbart.com/politics/2026/06/01/exclusive-ice-urges-californias-gavin-newsom-drop-sanctuary-policy-after-illegal-alien-allegedly-murders-infant-mother-grandmother/,,,Modesto,b83e534c-e418-4fd0-82f4-a2020375c1e8,"ICE Urges Gavin Newsom to Drop Sanctuary Policy After Illegal Alien Allegedly Murders Infant, His Mother and His Grandmother",,,2026-06-01T00:00:00
redstate,New Jersey,detention,-74.1744671,40.7315293,,1,"Newark, NJ, USA",https://redstate.com/sister-toldjah/2026/06/01/doj-releases-more-info-on-nj-rioter-who-allegedly-threatened-ice-agents-as-find-out-phase-gets-underway-n2202940,,,Newark,fd589c45-02a2-42e0-a2ca-4cfff43d9261,DOJ Shares Details on NJ Agitator Charged With Threatening to Kill ICE Agent As 'Find Out' Phase Begins,,,2026-06-01T00:00:00
dallasnews.com,Texas,policy,-96.79698789999999,32.7766642,,1,"Dallas, Texas, USA",https://www.dallasnews.com/news/immigration/article/dhs-secretary-markwayne-mullin-honors-ice-22284313.php,,,Dallas,05ec6534-60f1-4c97-b960-306c30c8cfda,DHS Secretary Markwayne Mullin honors ICE employees from 2025 Dallas sniper attack,,,2026-06-01T00:00:00
sun-sentinel,New Jersey,protest,-74.1744671,40.7315293,,1,"Newark, NJ, USA",https://www.sun-sentinel.com/2026/06/01/newark-curfew-delaney-hall-immigration-detention-center/,,,Newark,83527e29-df55-4407-bfd0-d33c9a67c0b6,Newark mayor imposes curfew around Delaney Hall after clashes over immigration detention center,,,2026-06-01T00:00:00
sun-sentinel,Florida,protest,-80.5549561,25.745929,,1,"Everglades, Florida, USA",https://www.sun-sentinel.com/2026/06/01/determined-and-driven-the-people-who-show-up-each-sunday-to-demand-closure-of-alligator-alcatraz/,,,Naples/Fort Myers,affd1dc1-d286-4c72-bf82-116ffe7e8185,Determined and driven: The people who show up each Sunday to demand closure of Alligator Alcatraz,,,2026-06-01T00:00:00
inquirer,NJ,policy,-74.1744671,40.7315293,,1,"Newark, NJ, USA",https://www.inquirer.com/wires/ap/ap-top-us-news-929-pm-edt-20260531.html,,,Newark,9986e679-f04b-4553-8fb2-a1df196bb595,AP Top U.S. News at 10:06 p.m. EDT,,,2026-06-01T00:00:00
townhall,,protest,-74.4056612,40.0583238,,1,"New Jersey, USA",https://townhall.com/tipsheet/julia-cassidy/2026/06/01/illegal-alien-accused-of-killing-loyola-chicago-student-found-with-handmade-weapon-n2677043,,,,f544b659-0ec6-4729-aef3-650e1e55b332,Slain Student's Family Blasts Chicago's Sanctuary Policies After Killer Found With Weapon in Jail,,,2026-06-01T00:00:00
usatoday,CA,raid,-118.242643,34.0549076,,1,"Los Angeles, CA, USA",https://www.usatoday.com/story/news/california/2026/06/01/los-angeles-sheriff-says-ice-enforcement-not-expected-at-world-cup/90359772007/,,,Los Angeles,cc6e7c36-2293-4f44-a2ed-87300bdf7aca,Los Angeles sheriff says ICE enforcement not expected at World Cup,,,2026-06-01T00:00:00
theguardian,Georgia,policy,-83.718231,33.656228,,1,"Social Circle, Georgia, USA",https://www.theguardian.com/us-news/2026/jun/01/trump-news-at-a-glance-latest-updates-today,,,Social Circle,7f1fd25e-0222-4314-9409-610fbc140abb,Trump news at a glance: how small town’s fight against ICE mega jail could rewrite legal playbook,,,2026-06-01T00:00:00
inquirer,NJ,protest,-74.1744671,40.7315293,,1,"Newark, NJ, USA",https://www.inquirer.com/news/delaney-hall-ice-detention-center-newark-nj-protests-arrest-20260601.html,,,Newark,43ef2e3c-72de-4dde-aa41-c0140b66bd58,More demonstrators arrested outside Delaney Hall ICE detention center in Newark,,,2026-06-01T00:00:00
courant,DC,policy,-77.0369274,38.9072873,,1,"Washington, DC, USA",https://www.courant.com/2026/06/01/justice-department-fund/,,,Washington,0a08076a-fad7-41db-a143-db202609f9f2,"Trump reconsidering $1.8 billion fund, AP source says, as Justice Department temporarily pauses it",,,2026-06-01T00:00:00
pitchfork,New York,protest,-73.9934387,40.7505045,,1,"Madison Square Garden, New York, NY, USA",https://pitchfork.com/news/phoebe-bridgers-announces-surprise-madison-square-garden-show/,,,New York,56e45f04-4e5f-4c92-9fe8-e8bb34e03fdb,Phoebe Bridgers to Play Surprise Madison Square Garden Show,,,2026-06-01T00:00:00
theguardian,New Jersey,protest,-74.7642295,40.2201787,,1,"Trenton, NJ, USA",https://www.theguardian.com/us-news/2026/jun/01/new-jersey-ice-detention-center-protests,,,Trenton,bba5ecd4-81b9-4a00-8347-aeef78d0c59c,Several protesters arrested at New Jersey ICE facility as clashes continue,,,2026-06-01T00:00:00
cbsnews.com,Florida,detention,-81.3034103,25.9014871,,1,"Ochopee, Florida, USA",https://www.cbsnews.com/news/florida-alligator-alcatraz-ron-desantis-immigration/,,,Ochopee,0c9fbfc4-bbc0-45fe-966b-fc49625e3aaa,"Gov. DeSantis confirms Florida's ""Alligator Alcatraz"" shutting down operations, all detainees relocated",,,2026-06-25T00:00:00
dispatch,Ohio,policy,-83.8098689,39.9234389,,1,"Springfield, Ohio, USA",https://www.dispatch.com/story/news/politics/2026/06/25/haitian-immigrants-in-ohio-fearful-in-wake-of-supreme-court-tps-ruling/90692268007/,,,Springfield,281d00b4-374d-4e7a-94ae-d6891a743135,Haitian immigrants in Ohio fearful in wake of Supreme Court TPS ruling,,,2026-06-25T00:00:00
centralmaine,,detention,-69.4454689,45.253783,,1,"Maine, USA",https://www.centralmaine.com/2026/06/25/immigrant-led-residential-care-businesses-in-maine-launch-new-coalition/,,,Maine,03a1560b-6054-48f8-8151-bde727e69e42,Immigrant-led residential care businesses in Maine launch new coalition,,,2026-06-25T00:00:00
dailysignal,New Jersey,protest,-74.1744671,40.7315293,,1,"Newark, New Jersey, USA",https://www.dailysignal.com/2026/06/01/new-jersey-democrats-stoke-anti-ice-chaos-then-claim-credit-for-restoring-order-ice/,,,Newark,f0bfd665-a622-45e8-b26f-86b7087e527b,"New Jersey Democrats Stoke Anti‑ICE Chaos, Then Claim Credit for Restoring Order",,,2026-06-01T00:00:00
usatoday,DC,policy,-77.0369274,38.9072873,,1,"Washington, DC, USA",https://www.usatoday.com/story/news/politics/2026/06/25/supreme-court-rules-asylum-border-trump-metering-us-mexico/90033040007/,,,Washington,ae80bc1a-e081-4077-a175-00b862c11b83,Supreme Court rules asylum seekers can be turned back at US border,,,2026-06-25T00:00:00
breitbart.com,New Jersey,raid,-74.1744671,40.7315293,,1,"Newark, NJ, USA",https://www.breitbart.com/immigration/2026/06/01/new-jersey-police-arrest-antifas-rioters-at-ices-delaney-hall/,,,Newark,399cba26-8364-42a8-95c4-556cc1128ee6,New Jersey Police Arrest Antifa Rioters at ICE's Delaney Hall,,,2026-06-01T00:00:00
baltimoresun,MD,protest,-76.6104072,39.2905023,,1,"Baltimore, MD, USA",https://www.baltimoresun.com/2026/06/01/nj-governor-says-out-of-state-protesters-caused-detention-center-violence/,,,Baltimore,906dd4a9-8533-42a3-a061-b5d88a62e646,NJ governor says out-of-state protesters caused detention center violence,,,2026-06-01T00:00:00
nbcnews.com,New Jersey,raid,-74.1744671,40.7315293,,1,"Newark, NJ, USA",https://www.nbcnews.com/news/us-news/united-airlines-flight-spain-turns-back-newark-possible-security-threa-rcna347877,,,Newark,24dfcfc3-ba40-48c7-9ff1-f0581d996eed,A United Airlines flight to Spain turns back to Newark after a possible security threat,,,2026-06-01T00:00:00
pbs.org,DC,policy,-77.0369274,38.9072873,,1,"Washington, DC, USA",https://www.pbs.org/newshour/politics/watch-live-mullin-testifies-on-dhs-budget-before-senate-appropriations-subcommittee,,,Washington,4ef0d88c-f79d-4c35-96a1-2275b98bac49,WATCH LIVE: Mullin testifies on DHS budget before Senate Appropriations subcommittee,,,2026-06-01T00:00:00
breitbart,Iowa,detention,-93.61639629999999,41.5896139,,1,"Des Moines, Iowa, USA",https://www.breitbart.com/politics/2026/06/01/illegal-alien-gets-two-years-prison-gun-charges-after-serving-as-des-moines-iowa-school-superintendent/,,,Des Moines,c5b7a8c5-dc99-4d4f-9327-ca2cdf867874,"Illegal Gets 2 Years in Prison for Gun Charges After Serving as Des Moines, Iowa, School Superintendent",,,2026-06-01T00:00:00
usatoday,Texas,detention,-106.4850217,31.7618778,,1,"El Paso, Texas, USA",https://www.usatoday.com/story/news/2026/06/01/four-detainees-sue-ice-over-conditions-at-camp-east-montana-in-texas/90350551007/,,,El Paso,e3ed97e7-25fc-407a-afa1-641a6d49ca9f,Four detainees sue ICE over conditions at Camp East Montana in Texas,,,2026-06-01T00:00:00
redstate,New Jersey,protest,-74.1744671,40.7315293,,1,"Newark, New Jersey, USA",https://redstate.com/sister-toldjah/2026/06/01/dhs-sec-mullin-reveals-where-arrested-nj-agitators-came-from-and-it-surprises-absolutely-no-one-n2202941,,,Newark,71a1f8b2-07f5-4ce2-913b-0a045ff4b4fc,DHS Sec. Mullin Provides a Telling Detail About Arrested NJ Agitators Which Explains a Lot,,,2026-06-01T00:00:00
ictnews.org,Minnesota,policy,-92.45883270000002,44.0193287,,1,"Rochester, Minnesota, USA",https://ictnews.org/news/peggy-flanagan-wins-dfl-endorsement-for-u-s-senate-seat/,,,Rochester,7593a10f-c47a-481f-8d10-d1ce812543d9,Peggy Flanagan wins DFL endorsement for U.S. Senate seat,,,2026-06-01T00:00:00
univision,New Jersey,protest,-74.1744671,40.7315293,,1,"Newark, NJ, USA",https://www.univision.com/noticias/inmigracion/gobernadora-de-nueva-jersey-llama-a-reducir-la-tension-en-protestas-contra-ice-y-exige-derechos-para-detenidos-en-delaney-hall,,,Newark,f330d8ef-a2b9-43a9-9a02-3a3105bf9519,La gobernadora de Nueva Jersey llama a reducir la tensión en protestas contra ICE y exige derechos para detenidos en Delaney Hall,,,2026-05-31T00:00:00
cbsnews,New Jersey,protest,-74.1744671,40.7315293,,1,"Newark, NJ, USA",https://www.cbsnews.com/newyork/video/delaney-hall-protests-escalate-for-2nd-straight-night/,,,Newark,353764f2-b782-41eb-a758-44e7f9552667,Delaney Hall protests escalate for 2nd straight night,,,2026-05-31T00:00:00
inquirer,DC,policy,-77.0369274,38.9072873,,1,"Washington, DC, USA",https://www.inquirer.com/news/nation-world/airport-customs-agents-sanctuary-cities-homeland-security-markwayne-mullin-trump-world-cup-20260531.html,,,Washington,ca04d8da-756e-47ee-933a-202d07ac8f54,"Pulling customs from ‘sanctuary’ city airports would cause chaos, business groups say",,,2026-05-31T00:00:00
cbsnews.com,Texas,detention,-99.1705887,28.6674802,,1,"Dilley, Texas, USA",https://www.cbsnews.com/news/children-held-like-criminals-inside-ice-detention-center/,,,Dilley,da077ea8-a0e5-4acc-8a79-28cf2e16eda2,"Children ""held like criminals"" inside ICE detention center",,,2026-05-31T00:00:00
cbsnews,NY,protest,-74.0059728,40.7127753,,1,"New York, NY, USA",https://www.cbsnews.com/newyork/video/despite-curfew-protesters-police-again-clash-near-delaney-hall/,,,New York,429ba798-ff6f-4f93-9784-d1557c9ce792,"Despite curfew, protesters, police again clash near Delaney Hall",,,2026-05-31T00:00:00
nypost,New Jersey,policy,-74.1744671,40.7315293,,1,"Newark, NJ, USA",https://nypost.com/2026/05/31/us-news/united-airlines-flight-diverts-back-to-newark-after-bluetooth-devices-name-sparks-security-scare/,,,Newark,5124b5da-f076-413f-9e20-b148bba66e5e,United Airlines flight diverts back to Newark after Bluetooth device’s name sparks security scare,,,2026-05-31T00:00:00
inquirer.com,New Jersey,policy,-74.1744671,40.7315293,,1,"Newark, NJ, USA",https://www.inquirer.com/wires/ap/ap-top-us-news-402-pm-edt-20260531.html,,,Newark,62fde997-1749-4b84-8fd3-acb118c38681,AP Top U.S. News at 4:46 p.m. EDT,,,2026-05-31T00:00:00
courant,Florida,detention,-80.1917902,25.7616798,,1,"Miami, Florida, USA",https://www.courant.com/2026/05/31/trump-administration-deported-florida-man-with-tps-to-haiti-hes-back-in-the-us-2/,,,Miami,d9aadd33-52c2-4a50-bf21-417d465b66bb,Trump administration deported Florida man with TPS to Haiti. He’s back in the US,,,2026-05-31T00:00:00
nbcnews,,opinion,-69.4454689,45.253783,,1,"Maine, USA",https://www.nbcnews.com/nightly-news/video/maine-democratic-senate-candidate-under-scrutiny-over-explicit-texts-264244805847,,,Maine,8274ab8f-d60f-41f0-aaf0-a3f8dea79824,Maine Democratic Senate candidate under scrutiny over explicit texts,,,2026-05-31T00:00:00
redstate,New Jersey,protest,-74.1744671,40.7315293,,1,"Newark, New Jersey, USA",https://redstate.com/sister-toldjah/2026/05/31/when-a-media-split-screen-absolutely-crushes-it-n2202891,,,Newark,a4ee7b6a-3795-4a04-9cfa-5546378c8438,Watch: Media Split Screen Just Crushes It on NJ Situation As Mikie Sherrill Spins Like a Top,,,2026-05-31T00:00:00
the-daily-beast,DC,policy,-77.0369274,38.9072873,,1,"Washington, District of Columbia, USA",https://www.thedailybeast.com/trump-says-lives-are-at-stake-in-renovation-project/,,,Washington,6c80eb8a-25a5-4e9f-9f6b-abbbb51967aa,Trump Says Lives are at Stake in Renovation Project,,,2026-05-31T00:00:00
ms NOW,,protest,-74.4056612,40.0583238,,1,"New Jersey, USA",https://www.ms.now/news/protests-n-j-ice-detention-delaney-hall,,,New Jersey,13432bba-5a72-4dc1-94c2-3e72fd98f4c9,Political firestorm heats up after unrest at ICE detention center Delaney Hall,,,2026-05-31T00:00:00
gazettenet,Massachusetts,policy,-72.6162009,42.2042586,,1,"Holyoke, MA, USA",https://gazettenet.com/2026/05/31/as-ice-activity-rises-valley-advocates-mobilize/,,,Holyoke,97120d56-19b9-45c2-821b-1acd190a67dd,"As ICE activity rises, Valley advocates mobilize",,,2026-05-31T00:00:00
cbsnews.com,New Jersey,protest,-74.1744671,40.7315293,,1,"Newark, New Jersey, USA",https://www.cbsnews.com/newyork/news/delaney-hall-ice-protests-dhs-restores-family-visitation/,,,Newark,ca987d19-5e81-47c1-9153-106db3107358,"Sherrill says DHS to restore Delaney Hall family visitation amid protests, warns outside agitators to stay home",,,2026-05-31T00:00:00
breitbart.com,New Jersey,detention,-74.1744671,40.7315293,,1,"Newark, New Jersey, USA",https://www.breitbart.com/immigration/2026/05/31/democrat-senator-prioritizes-illegal-aliens-north-star/,,,Newark,280c86ad-8e38-45ab-873b-6cc0e312a910,Democrat Senator Prioritizes Illegal Aliens: They Are 'Our North Star',,,2026-05-31T00:00:00
breitbart,New Jersey,raid,-74.1744671,40.7315293,,1,"Newark, New Jersey, USA",https://www.breitbart.com/immigration/2026/05/31/watch-dhs-officers-clear-antifa-rioters-from-new-jersey-ice-facility-perimeter/,,,Newark,24fdbc65-2442-4fcc-81ca-4d1e3b854e5b,Officers Clear Antifa from New Jersey ICE Facility Perimeter,,,2026-05-31T00:00:00
usatoday,New Jersey,protest,-74.1744671,40.7315293,,1,"Newark, NJ, USA",https://www.usatoday.com/story/news/politics/2026/05/31/new-jersey-delaney-hall-mikie-sherrill-department-of-homeland-security/90346769007/,,,Newark,b35e0fa6-55a1-490d-98ee-89f82e0dda09,New Jersey's Delaney Hall to resume regular visitations after protests,,,2026-05-31T00:00:00
redstate.com,New Jersey,protest,-74.1744671,40.7315293,,1,"Newark, New Jersey, USA",https://redstate.com/sister-toldjah/2026/05/30/fafo-blanche-shares-an-update-on-rioter-who-allegedly-threatened-to-kill-ice-n2202861,,,Newark,06d15330-b7a2-4843-8c60-7899cfe67813,'FAFO': Todd Blanche Shares Satisfying Update on NJ Agitator Seen Threatening to Kill ICE Agents,,,2026-05-30T00:00:00
pjmedia.com,New Jersey,protest,-74.1744671,40.7315293,,1,"Newark, NJ, USA",https://pjmedia.com/catherinesalgado/2026/05/30/fbi-arrests-man-who-threatened-to-kill-ice-officer-and-family-n4953405,,,Newark,a15ed046-332f-468b-ae9f-9eab85a77710,FBI Arrests Man Who Threatened to Kill ICE Officer and Family,,,2026-05-30T00:00:00
mercurynews,,policy,-122.4131656,37.7792951,,1,"San Francisco, CA, USA; or more generally: unspecified location in liberal sanctuary cities; national policy",https://www.mercurynews.com/2026/05/31/pulling-customs-from-sanctuary-city-airports-would-cause-chaos-business-groups-say/,,,,c099bedb-9969-46a2-9107-db44850734a6,"Pulling customs from ‘Sanctuary’ city airports would cause chaos, business groups say",,,2026-05-31T00:00:00
recorder,Massachusetts,policy,-72.6162009,42.2042586,,1,"Holyoke, MA, USA",https://recorder.com/2026/05/30/organizing-immigrants-rights-massachusetts/,,,Holyoke,ac187d8a-09fa-4f1c-8818-34f14f37a548,"As ICE activity rises, Pioneer Valley advocates mobilize",,,2026-05-30T00:00:00
npr.org,Texas,detention,-106.4850217,31.7618778,,1,"El Paso, Texas, USA",https://www.npr.org/2026/05/30/nx-s1-5841359/immigrant-detainees-sue-texas-camp-east-montana,,,El Paso,81d3e145-5b7c-4eb5-8de3-0fba39fd0679,Immigrant detainees sue over 'horrific' conditions at Texas ICE facility,,,2026-05-30T00:00:00
pjmedia.com,New Jersey,arrest,-74.1744671,40.7315293,,1,"Newark, New Jersey, USA",https://pjmedia.com/catherinesalgado/2026/05/30/new-jersey-man-in-handcuffs-after-biting-kicking-ice-officers-drawing-blood-n4953407,,,Newark,40e471c9-248f-4138-81dc-7aedb02cd943,"New Jersey Man in Handcuffs After Biting, Kicking ICE Officers, Drawing Blood",,,2026-05-30T00:00:00
usatoday,New Jersey,protest,-74.1744671,40.7315293,,1,"Newark, New Jersey, USA",https://www.usatoday.com/story/news/nation/2026/05/30/delaney-hall-protests-ice-new-jersey-police/90330145007/,,,Newark,c3f66fc1-e1be-4269-9474-73a1ffaf26a2,Delaney Hall protests updates. Clashes grow at ICE detention center,,,2026-05-30T00:00:00
redstate.com,New Jersey,protest,-74.1744671,40.7315293,,1,"Newark, NJ, USA",https://redstate.com/nick-arama/2026/05/30/priceless-nj-state-police-take-down-the-anti-ice-crew-and-their-camp-in-newark-n2202860,,,Newark,0580014a-b3d1-41cc-b67a-9d32600c821e,"This Is the Way: Watch NJ State Police, Feds Take Down the Newark Anti-ICE Crew and Their Camp",,,2026-05-30T00:00:00
fortune,DC,policy,-77.0369274,38.9072873,,1,"Washington, DC, USA",https://fortune.com/2026/05/30/trump-ice-raids-economic-impact-668000-lost-jobs-american-born-workers/,,,Washington,75c720f9-0936-474a-98f9-cbb50a5ee206,"Trump’s ICE surge cost 668,000 jobs, Brookings report says",,,2026-05-30T00:00:00
nbcnews,,unknown,-71.3824374,42.4072107,,1,"Massachusetts, USA",https://www.nbcnews.com/nightly-news/video/mysterious-loud-boom-rattles-new-england-region-264230469709,,,Massachusetts,27e2f6ef-b48f-428b-8e78-17a84a6a5dc7,Mysterious loud boom rattles New England region,,,2026-05-30T00:00:00
salon,New Jersey,protest,-74.1744671,40.7315293,,1,"Newark, NJ, USA",https://www.salon.com/2026/05/30/escalating-tensions-at-newark-migrant-prison-draws-ire-of-lawmakers/,,,Newark,86543726-6242-4435-8cf7-dc7355c599d0,Escalating tensions at Newark migrant prison draws ire of lawmakers,,,2026-05-30T00:00:00
nbcnews,New Jersey,protest,-74.1744671,40.7315293,,1,"Newark, New Jersey, USA",https://www.nbcnews.com/nightly-news/video/dueling-protests-face-off-at-new-jersey-ice-detention-center-over-detainee-conditions-264230469751,,,Newark,08630361-8871-4a36-bb52-101c63753828,Dueling protests face off at New Jersey ICE detention center over detainee conditions,,,2026-05-30T00:00:00
breitbart.com,Washington,protest,-117.4235319,47.6579711,,1,"Spokane, Washington, USA",https://www.breitbart.com/immigration/2026/05/30/protesters-washington-state-convicted-conspiracy-impede-ice-transport/,,,Spokane,a4de89fd-78c9-4a31-bcef-340d59131981,Protesters In WA Convicted of Conspiracy to Impede ICE Transport,,,2026-05-30T00:00:00
azcentral,AZ,policy,-111.0937311,34.0489281,,1,"Arizona, USA",https://www.azcentral.com/story/news/politics/arizona/2026/05/30/donald-trumps-approval-rating/90320586007/,,,Phoenix,e83e5015-1c6e-49de-b86c-1958f81732b8,Donald Trump's approval rating in the latest polls,,,2026-05-30T00:00:00
inquirer,Florida,detention,-87.2189746,30.4076647,,1,"Pensacola, Florida, USA",https://www.inquirer.com/wires/wp/ice-separation-mother-deported-child-killed-pensacola-return-funeral-20260530.html,,,Pensacola,b21998f9-87fb-4959-b5d1-da3a647c58b5,A deported mother returned to the United States to bury her slain toddler,,,2026-05-30T00:00:00
usatoday,Iowa,detention,-93.61639629999999,41.5896139,,1,"Des Moines, IA, USA",https://www.usatoday.com/story/news/nation/2026/05/30/ian-roberts-citizenship-des-moines-schools/90329572007/,,,Des Moines,7fd77bf8-36d5-47b6-8d5a-eef266be5661,Ex-Des Moines superintendent gets 2 years in prison for false citizenship claim,,,2026-05-30T00:00:00
mercurynews,,protest,-121.5566373,37.0029828,,1,"San Jose, CA, USA; Gilroy, CA, USA",https://www.mercurynews.com/2026/05/30/san-jose-protest-gilroy-ice-facility/,,,,49b56b6f-3671-44ae-ab9d-ccaa7ed61e3a,Demonstrators gather in San Jose to protest planned Gilroy ICE facility,,,2026-05-30T00:00:00
breitbart.com,New Jersey,protest,-74.1744671,40.7315293,,1,"Newark, New Jersey, USA",https://www.breitbart.com/immigration/2026/05/30/dhs-chief-markwayne-mullin-wins-battle-for-delaney-hall-with-state-police-clearing-out-protesters/,,,Newark,12151cf3-7748-43dd-bd07-ab05370ddc24,DHS Chief Markwayne Mullin Wins Battle for ICE's Delaney Hall with State Police Clearing Out Protesters,,,2026-05-30T00:00:00
nbcnews,DC,policy,-77.0369274,38.9072873,,1,"Washington, DC, USA",https://www.nbcnews.com/politics/immigration/ice-eyes-selling-mega-warehouses-purchased-mass-detention-rcna347592,,,Washington,a215ac31-dd55-422c-ba51-29ec16163919,ICE eyes selling mega-warehouses purchased for mass detention,,,2026-05-30T00:00:00
inquirer.com,Minnesota,arrest,-93.2650108,44.977753,,1,"Minneapolis, Minnesota, USA",https://www.inquirer.com/news/nation-world/ice-agent-arrested-shooting-minneapolis-castro-sosa-celis-operation-metro-surge-trump-20260529.html,,,Minneapolis,df952d69-7e83-4951-a327-45da2ef8eb2e,ICE officer wanted for shooting a man during the Minneapolis crackdown is arrested in Texas,,,2026-05-29T00:00:00
newsday,Minnesota,detention,-93.2650108,44.977753,,1,"Minneapolis, Minnesota, USA",https://www.newsday.com/news/nation/minneapolis-immigration-crackdown-arrest-sosacelis-m45069,,,Minneapolis,2061d54b-a988-4a8e-aca3-9843126cc9d9,ICE officer wanted in the shooting of a man during the Minneapolis crackdown is arrested in Texas,,,2026-05-29T00:00:00
dailycaller,Minnesota,arrest,-94.6858998,46.729553,,1,"Minnesota, USA",https://dailycaller.com/2026/05/29/ice-agent-arrested-non-fatal-shooting-minnesota-tim-walz/,,,Minneapolis,edc62b5c-b326-4e2c-8329-2ff7c1910733,ICE Agent Arrested Over Non-Fatal Shooting In Tim Walz's Minnesota,,,2026-05-29T00:00:00
Orlando Sentinel,Minnesota,arrest,-93.2650108,44.977753,,1,"Minneapolis, Minnesota, USA",https://www.orlandosentinel.com/2026/05/29/ice-agent-arrested-texas-minneapolis-shooting/,,,Minneapolis,a1580328-19f8-47a2-9fb5-f59c18952f1d,"ICE agent arrested in Texas on Minnesota shooting charge, accused of shooting Minneapolis immigrant through door",,,2026-05-29T00:00:00
baltimoresun,DC,detention,-77.45788859999999,38.9522483,,1,"Washington Dulles International Airport, Washington, DC, USA",https://www.baltimoresun.com/2026/05/29/ghanian-mother-child-detained-valid-visas/,,,Washington,bc5d50d3-4a61-442d-ae18-cab11f78a173,"Ghanaian mother and child detained at airport for days after arriving on valid visas, lawyers say",,,2026-05-29T00:00:00
sandiegouniontribune,Iowa,detention,-93.61639629999999,41.5896139,,1,"Des Moines, Iowa, USA",https://www.sandiegouniontribune.com/2026/05/29/immigration-iowa-superintendent-sentencing/,,,Des Moines,9ffe48cc-1c85-4997-9d5c-51f9646b6358,Former head of Iowa school district sentenced to 2 years for falsely claiming to be a US citizen,,,2026-05-29T00:00:00
ocregister,Iowa,detention,-93.61639629999999,41.5896139,,1,"Des Moines, Iowa, USA",https://www.ocregister.com/2026/05/29/immigration-iowa-superintendent-sentencing/,,,Des Moines,c0ad189b-81f2-4bcb-b610-b55e33e427c8,Former head of Iowa’s largest school district to be sentenced for claiming to be a US citizen,,,2026-05-29T00:00:00
breitbart.com,Virginia,policy,-77.09098089999999,38.8816208,,1,"Arlington, Virginia, USA",https://www.breitbart.com/politics/2026/05/29/illegal-alien-accused-of-sexually-assaulting-woman-in-stairwell-in-virginia/,,,Arlington,1c2aa95e-b0b2-4f99-8dc3-328a54108d23,Illegal Alien Accused of Sexually Assaulting Woman in Stairwell in Virginia,,,2026-05-29T00:00:00
CBS News,New Jersey,protest,-74.1744671,40.7315293,,1,"Newark, New Jersey, USA",https://www.cbsnews.com/newyork/video/gov-mikie-sherrill-establishes-protest-zone-outside-delaney-hall/,,,Newark,b738aede-eaf9-495b-a7dd-64cd736ea0f6,Gov. Mikie Sherrill establishes protest zone outside Delaney Hall,,,2026-05-29T00:00:00
theguardian,,policy,-77.0369274,38.9072873,,1,"Washington, DC, USA",https://www.theguardian.com/us-news/2026/may/29/trump-administration-lebanon-temporary-protected-status,,,,13d01519-2522-4923-8e90-68b23efc6242,Trump administration extends deportation protections for Lebanese people,,,2026-05-29T00:00:00
msnow,New Jersey,raid,-74.1744671,40.7315293,,1,"Newark, New Jersey, USA",https://www.ms.now/news/delaney-hall-newark-new-jersey-ice-facility-immigration-trump-cory-booker,,,Newark,8430b506-8ef6-4d07-bbdd-34cd8966accf,Making a profit off ‘misery’: Cory Booker calls for closure of New Jersey ICE facility,,,2026-05-29T00:00:00
nbcnews,Iowa,detention,-93.61639629999999,41.5896139,,1,"Des Moines, Iowa, USA",https://www.nbcnews.com/news/us-news/ex-head-des-moines-schools-sentenced-2-years-prison-misrepresenting-us-rcna347514,,,Des Moines,b820dc4c-f5ac-402c-96ba-fac4ece235ab,Ex-head of Des Moines schools sentenced to 2 years in prison for misrepresenting U.S. citizenship,,,2026-05-29T00:00:00
spectator.org,Ohio,policy,-83.67739279999999,41.34784579999999,,1,"Wood County, Ohio, USA",https://spectator.org/when-grown-men-enter-high-school-as-children/,,,Perrysburg,3377d30c-be45-451e-9777-f0219c6453d4,When Grown Men Enter High School as Children – The American Spectator,,,2026-05-29T00:00:00
Mother Jones,Washington,protest,-117.4235319,47.6579711,,1,"Spokane, Washington, USA",https://www.motherjones.com/politics/2026/05/spokane-3-washington-ice-conspiracy-conviction-court-rally-dhs-protest/,,,Spokane,247dc3b4-1837-4a17-b736-37ac86dba0fe,"Washington protesters convicted of ""conspiracy to impede"" ICE agents",,,2026-05-29T00:00:00
inquirer.com,New Jersey,opinion,-74.1744671,40.7315293,,1,"Newark, New Jersey, USA",https://www.inquirer.com/opinion/letters/letters-editor-may-29-2026-andy-kim-ice-iran-war-trump-slush-fund-20260529.html,,,Newark,9e893eda-07ce-4cb4-be4e-9dbed203cbd3,Letters to the Editor,,,2026-05-29T00:00:00
townhall,NJ,arrest,-74.1744671,40.7315293,,1,"Newark, NJ, USA",https://townhall.com/tipsheet/scott-mcclallen/2026/05/29/fbi-arrests-man-accused-of-threatening-to-kill-ice-agents-and-their-families-in-newark-n2676948,,,Newark,ec4d89af-1ed1-41a8-b79b-494b6229ac89,FBI Arrests Man Accused of Threatening to Kill ICE Agents and Their Families in Newark,,,2026-05-29T00:00:00
breitbart.com,Florida,raid,-81.5157535,27.6648274,,1,"Florida, USA",https://www.breitbart.com/crime/2026/05/29/florida-partners-feds-nab-nearly-250-illegal-aliens-many-them-ghosts/,,,,477d2391-a2ec-4e12-b33d-99de69526ec9,"Florida Partners with Feds to Nab Nearly 250 Illegal Aliens, Many of Them 'Ghosts'",,,2026-05-29T00:00:00
breitbart.com,Illinois,policy,-87.697554,41.7376587,,1,"Cook County, Illinois, USA",https://www.breitbart.com/politics/2026/05/29/biden-released-illegal-alien-accused-of-murdering-sheridan-gorman-caught-with-shank-in-jail/,,,Chicago,96d4d73a-d554-46dc-9aea-a9fcf442ea57,"Biden-Released Illegal Alien, Accused of Murdering Sheridan Gorman, Caught with Shank in Chicago Jail",,,2026-05-29T00:00:00
cbsnews.com,Illinois,detention,-87.6323879,41.88325,,1,"Chicago, Illinois, USA",https://www.cbsnews.com/news/teen-soccer-player-released-ice-cbs-news-interview/,,,Chicago,be7ab0dd-8003-46cc-bb07-086faf9106f8,"Teen soccer player released by ICE asks for chance to stay in U.S.: ""I'm doing the right things""",,,2026-05-29T00:00:00
univision.com,Minnesota,detention,-93.2650108,44.977753,,1,"Minneapolis, MN, USA",https://www.univision.com/noticias/inmigracion/christian-castro-ice-minnesota-armas-detencion-migracion,,,Minneapolis,74c04c90-4b41-4718-8e5c-ba8f3fbcbaf0,Agente de ICE es arrestado en Texas por disparar durante operativo en Minnesota,,,2026-05-29T00:00:00
breitbart,Texas,raid,-100.4995214,28.7091433,,1,"Eagle Pass, Texas, USA",https://www.breitbart.com/border/2026/05/29/six-chinese-nationals-busted-on-remote-texas-ranch-in-failed-border-crossing/,,,Eagle Pass,897d396a-a4f2-43de-830f-94a4b5158ff2,Six Chinese Nationals Busted on Remote Texas Ranch in Failed Border Crossing,,,2026-05-29T00:00:00
azcentral,Arizona,detention,-111.554844,32.7558962,,1,"Eloy, Arizona, USA",https://www.azcentral.com/story/news/politics/immigration/2026/05/29/maria-cristina-tapia-cornejo-released-ice-detention-arizona/90314043007/?gca-cat=p&gnt-cfr=1&gnt-djm=1,,,Eloy,a3e0c4e1-52fb-4c67-98e8-d2c171e8cbfc,71-year-old great-grandma out after 10-month ICE detention,,,2026-05-29T00:00:00
cbsnews.com,Colorado,protest,-104.8319195,39.7294319,,1,"Aurora, Colorado, USA",https://www.cbsnews.com/colorado/video/immigrant-rights-groups-demand-changes-to-how-vulnerable-detainees-are-released-from-federal-custody/,,,Aurora,35a78746-8f64-4f59-b77f-fbbe1fa3c9d9,Immigrant rights groups demand changes to how vulnerable detainees are released from federal custody,,,2026-05-29T00:00:00
newsday,DC,detention,-77.0369274,38.9072873,,1,"Washington, DC, USA",https://www.newsday.com/news/nation/ghana-mother-son-detained-f77254,,,Washington,abe9800e-ceef-42ae-ad58-89154f32a2b8,"Ghanaian mother and child detained at airport for days after arriving on valid visas, lawyers say",,,2026-05-29T00:00:00
dailycaller,Virginia,policy,-77.09098089999999,38.8816208,,1,"Arlington, Virginia, USA",https://dailycaller.com/2026/05/29/dc-suburb-arlington-virginia-released-criminal-illegal-immigrant-sexual-battery-sancutary-policies/,,,Arlington,14b1d636-f068-4c2b-97eb-b430c3a65eb5,DC Suburb Previously Released Criminal Illegal Immigrant Now Accused Of Sexual Battery,,,2026-05-29T00:00:00
usatoday,Illinois,policy,-87.6323879,41.88325,,1,"Chicago, Illinois, USA",https://www.usatoday.com/story/sports/soccer/worldcup/2026/05/29/mexico-brian-gutierrez-obed-vargas-ice-el-tri/90314804007/,,,Chicago,c66f4aea-4530-4d4d-832c-8fecbeac34e4,"Mexico players Brian Gutiérrez, Obed Vargas speak on ICE raids",,,2026-05-29T00:00:00
dailycaller,Iowa,police,-93.61639629999999,41.5896139,,1,"Des Moines, Iowa, USA",https://dailycaller.com/2026/05/29/ian-roberts-des-moines-superintendent-sentenced-two-years-guyana-rebecca-goodgame-ebinger/,,,Des Moines,888b2604-5429-4a83-a139-dcada9019068,"Former Superintendent Arrested By ICE Sentenced To 2 Years, May Face Deportation",,,2026-05-29T00:00:00
sun-sentinel,Minnesota,arrest,-93.2650108,44.977753,,1,"Minneapolis, Minnesota, USA",https://www.sun-sentinel.com/2026/05/29/ice-agent-arrested-texas-minneapolis-shooting/,,,Minneapolis,9e161b5a-a836-400e-8def-d1717f25b9ca,"ICE agent arrested in Texas on Minnesota shooting charge, accused of shooting Minneapolis immigrant through door",,,2026-05-29T00:00:00
sfgate,VA,detention,-77.45788859999999,38.9522483,,1,"Washington Dulles International Airport, 1 Saarinen Cir, Dulles, VA 20166, USA",https://www.sfgate.com/news/article/ghanaian-mother-and-child-detained-at-airport-for-22281588.php,,,Washington,846094a5-c570-474b-b292-ba3b0aa0d15b,"Ghanaian mother and child detained at airport for days after arriving on valid visas, lawyers say",,,2026-05-29T00:00:00
dispatch,Ohio,policy,-83.8098689,39.9234389,,1,"Springfield, Ohio, USA",https://www.dispatch.com/story/opinion/columns/guest/2026/05/29/turner-carey-ohio-haitians-tps-sprngfield-ohio-temporary-protection/89818088007/,,,Springfield,add557cc-6d17-403a-a9d3-340842274ccc,"Turner, Carey protected Ohio Haitians. That should be applauded",,,2026-05-29T00:00:00
latimes,California,policy,-119.4179324,36.778261,,1,"California, USA",https://www.latimes.com/delos/newsletter/2026-05-29/latino-vote-california-primary-governor-mayor-race-pratt-bass-raman-hilton-steyer-becerra,,,,9328f409-f614-4836-8981-406ad1f9b79e,How will the Latino vote swing in the California governor and mayoral races?,,,2026-05-29T00:00:00
theconversation,,policy,-77.0369274,38.9072873,,1,"Washington, DC, USA",https://theconversation.com/when-ice-ramped-up-enforcement-us-born-workers-didnt-see-any-economic-gains-283011,,,,ff1740e2-7b2d-4840-b110-1cf81af6195f,"When ICE ramped up enforcement, US-born workers didn’t see any economic gains",,,2026-05-29T00:00:00
cbsnews,New York,policy,-74.0059728,40.7127753,,1,"New York, NY, USA",https://www.cbsnews.com/newyork/news/hochul-ice-overreach-laws/,,,New York,44409a4a-c33f-44ba-b53e-d0122809b3c5,Gov. Kathy Hochul signs new laws aiming to protect New Yorkers from ICE overreach,,,2026-05-29T00:00:00
redstate,New Jersey,protest,-74.1744671,40.7315293,,1,"Newark, NJ, USA",https://redstate.com/sister-toldjah/2026/05/29/nj-gov-mikie-sherrill-announcement-on-delaney-hall-security-n2202845,,,Newark,26d47126-c73a-4a62-b0a6-4e342cc2e099,"Mikie Sherrill Tries a Desperate Pivot After Coddling NJ Anti-ICE Rioters, and No One Is Buying It",,,2026-05-29T00:00:00
redstate.com,New Jersey,protest,-74.1744671,40.7315293,,1,"Newark, New Jersey, USA",https://redstate.com/nick-arama/2026/05/29/food-at-newark-ice-facility-n2202844,,,Newark,c90ff899-45d2-4a0d-a8ba-9da5d364ad06,Whoops: Two New Reports Level Dems' Claims About Newark ICE Facility,,,2026-05-29T00:00:00
redstate,Virginia,policy,-77.0435257,38.804693,,1,"Alexandria, Virginia, USA",https://redstate.com/beccalower/2026/05/29/judge-puts-temporary-pause-on-trump-doj-anti-weaponization-fund-n2202854,,,Alexandria,757ddd26-1636-4a08-9fcb-c98360f11c65,Judge Places Temp. Pause on Disbursement of DOJ Anti-Weaponization Fund,,,2026-05-29T00:00:00
theguardian,Minnesota,policy,-93.2650108,44.977753,,1,"Minneapolis, Minnesota, USA",https://www.theguardian.com/us-news/2026/may/29/ice-agent-arrest-minnesota-venezuelan-man-shot,,,Minneapolis,abbb41e5-0c74-410e-aed9-1d2379f19fb7,ICE agent arrested over shooting of Venezuelan man in Minnesota,,,2026-05-29T00:00:00
ms.now,Minnesota,arrest,-93.2650108,44.977753,,1,"Minneapolis, Minnesota, USA",https://www.ms.now/news/ice-agent-sought-in-minneapolis-shooting-arrested-in-texas,,,Minneapolis,87e9ad5f-8741-474c-b105-3b17d1699421,ICE agent sought in Minneapolis shooting arrested in Texas,,,2026-05-29T00:00:00
courant,Iowa,detention,-93.61639629999999,41.5896139,,1,"Des Moines, Iowa, USA",https://www.courant.com/2026/05/29/immigration-iowa-superintendent-sentencing/,,,Des Moines,ac2daf9d-8cee-4159-8633-63510730e5d0,Former head of Iowa’s largest school district to be sentenced for claiming to be a US citizen,,,2026-05-29T00:00:00
breitbart,,policy,-106.5348379,38.7945952,,1,United States,https://www.breitbart.com/politics/2026/05/29/white-house-launches-aliens-gov-website-so-americans-can-track-arrests-of-illegal-aliens-in-their-neighborhood/,,,,404cb361-96f4-413e-8b03-3f8fc496b6e4,WH Launches 'Aliens.Gov' Website: Americans Can Track Arrests of Nearby illegal Aliens,,,2026-05-29T00:00:00
breitbart,,policy,103.819836,1.352083,,1,Singapore,https://www.breitbart.com/asia/2026/05/29/china-keeps-low-profile-major-asian-defense-summit/,,,Singapore,81de1f8e-6846-4c95-9429-aeff74f216ab,China Keeps a Low Profile at Major Asian Defense Summit,,,2026-05-29T00:00:00
inquirer,Iowa,policy,-93.61639629999999,41.5896139,,1,"Des Moines, Iowa, USA",https://www.inquirer.com/wires/ap/former-head-iowa-school-district-sentenced-2-years-falsely-claiming-be-us-citizen-20260529.html,,,Des Moines,5ad2b309-5178-4257-b535-c7a2ffb12f32,Former head of Iowa school district sentenced to 2 years for falsely claiming to be a US citizen,,,2026-05-29T00:00:00
azcentral,Arizona,detention,-105.3522338,31.166481,,1,"Tempe, Arizona, USA; Texas (detention facility)",https://www.azcentral.com/story/news/politics/immigration/2026/05/29/arizona-lawmaker-fights-to-free-student-from-ice-detention/90302404007/?gca-cat=p&gnt-cfr=1&gnt-djm=1,,,Tempe,8683bb65-1cdd-4f49-bddd-dd65e6f02fba,Arizona Democratic lawmaker fights to free student from ICE detention,,,2026-05-29T00:00:00
dailycaller,Virginia,policy,-77.0435257,38.804693,,1,"Alexandria, Virginia, USA",https://dailycaller.com/2026/05/29/irs-weaponization-fund-immigration-enforcement-funding-senate-republicans/,,,Alexandria,c7de1c14-b76b-4a38-bb06-5587ef6c63a4,IRS Weaponization Fund Talks Gumming Up Works To Passing Immigration Enforcement Funding,,,2026-05-29T00:00:00
latimes,DC,detention,-77.0369274,38.9072873,,1,"Washington, DC, USA",https://www.latimes.com/world-nation/story/2026-05-29/ghanaian-mother-child-detained-at-airport-for-days-after-arriving-on-valid-visas-lawyers-say,,,Washington,29947b4d-2518-4716-9577-fa5d0b723b5c,"Ghanaian mother and child detained at airport for days after arriving on valid visas, lawyers say",,,2026-05-29T00:00:00
breitbart,Texas,raid,-97.9504358,26.0598994,,1,"Progreso, Tamaulipas, Mexico; Progreso International Bridge, Progreso, TX, USA",https://www.breitbart.com/border/2026/05/29/exclusive-cbp-foils-1-million-cartel-cocaine-trafficking-attempt-at-texas-border/,,,Progreso,b14cfd46-35c1-41d5-915a-373d8408e7fc,Exclusive: CBP Foils $1 Million Cartel Cocaine Trafficking Attempt at Texas Border,,,2026-05-29T00:00:00
cincinnati.com,Ohio,news,-84.52717109999999,39.6478321,,1,"Gratis, Ohio, USA",https://www.cincinnati.com/story/news/2026/05/29/gratis-police-chief-who-made-ice-checks-at-cincinnati-schools-is-fired/90310166007/,,,Gratis,f7b51488-c5b5-4732-9524-be7855437bdd,Gratis police chief who made ICE checks at Cincinnati schools is fired,,,2026-05-29T00:00:00
inquirer.com,New Jersey,protest,-74.1744671,40.7315293,,1,"Newark, NJ, USA",https://www.inquirer.com/news/peaceful-zone-protestesters-delaney-hall-sherrill-20260529.html,,,Newark,2c11fc49-4126-48e6-9d1b-3d82d303a173,Gov. Sherrill creates ‘protected protest’ zones amid ongoing Delaney Hall clashes with ICE,,,2026-05-29T00:00:00
redstate,New Jersey,protest,-74.1744671,40.7315293,,1,"Newark, New Jersey, USA",https://redstate.com/nick-arama/2026/05/29/anti-ice-agitators-wild-night-in-newark-n2202829,,,Newark,4882dac6-f2c8-4386-8917-e65906077c68,Watch: Things Are Getting Way Out of Hand With Anti-ICE Agitators in Newark,,,2026-05-29T00:00:00
inquirer.com,Pennsylvania,detention,-75.9289046,40.402297,,1,"Muhlenberg Township, PA, USA",https://www.inquirer.com/news/zavala-almanza-ice-detention-release-judge-order-20260529.html,,,Muhlenberg Township,70e7b351-6abe-4f68-ae4d-db91867984dc,Judge orders immediate release from ICE detention of Mexican man who helped police investigate his daughter’s shooting death,,,2026-05-29T00:00:00
sun-sentinel,Florida,policy,-80.1917902,25.7616798,,1,"Miami, Florida, USA",https://www.sun-sentinel.com/2026/05/29/immigration-tps-lebanon/,,,Miami,b3f6bd4d-8ea3-41a1-b698-7eab915f93a4,"Trump administration grants rare TPS reprieve, extending protections for 11,000 Lebanese",,,2026-05-29T00:00:00
providencejournal,RI,policy,-71.4127462,41.8244836,,1,"Providence, RI, USA",https://www.providencejournal.com/story/news/politics/courts/2026/05/29/ri-uber-driver-held-by-ice-after-wrongful-arrest-sues-cranston-sunglass-hut/90293642007/?gca-cat=p&gnt-cfr=1&gnt-djm=1,,,Providence,40d147c8-2b1a-4c61-a2b1-6dc41d39a987,RI Uber driver held by ICE after 'wrongful' arrest sues Cranston Sunglass Hut,,,2026-05-29T00:00:00
motherjones,New Jersey,protest,-74.1744671,40.7315293,,1,"Newark, NJ, USA",https://www.motherjones.com/politics/2026/05/ice-delaney-hall-newark-new-jersey/,,,Newark,8c4d2ad1-7a97-4ed0-b1b6-aea366aba6a0,Watch: The violent ICE crackdown comes to New Jersey,,,2026-05-29T00:00:00
chron,DC,detention,-77.45788859999999,38.9522483,,1,"Washington Dulles International Airport, Dulles, Virginia, USA",https://www.chron.com/news/article/ghanaian-mother-and-child-detained-at-airport-for-22281588.php,,,Washington,bf87aac1-a486-4a58-aea9-2cb2d7d60562,"Ghanaian mother and child detained at airport for days after arriving on valid visas, lawyers say",,,2026-05-29T00:00:00
salon.com,DC,policy,-77.0369274,38.9072873,,1,"Washington, DC, USA",https://www.salon.com/2026/05/29/tom-suozzi-lives-at-c-street-controversial-christian-center-behind-national-prayer-breakfasts/,,,Washington,6927cf2d-c4d5-4049-9555-fc4cedf268aa,"Tom Suozzi lives at C Street, controversial Christian center behind National Prayer Breakfasts",,,2026-05-29T00:00:00
nypost,New Jersey,detention,-74.1744671,40.7315293,,1,"Newark, New Jersey, USA",https://nypost.com/2026/05/29/us-news/at-least-3-anti-ice-agitators-detained-at-newarks-delaney-hall/,,,Newark,935cbbbd-1449-419e-88eb-7962fd9ade56,9 anti-ICE agitators detained during another wild night outside Newark’s Delaney Hall,,,2026-05-29T00:00:00
latimes,,policy,-118.242643,34.0549076,,1,"Los Angeles, CA, USA",https://www.latimes.com/world-nation/story/2026-05-29/trump-administration-grants-rare-tps-reprieve-extending-protections-for-11-000-lebanese,,,,be137a57-b806-46d6-9b67-bea374c8bf61,"Trump administration grants rare TPS reprieve, extending protections for 11,000 Lebanese",,,2026-05-29T00:00:00
theguardian,Queensland,policy,150.514763,-23.3823464,,1,"Australia, Queensland, Rockhampton",https://www.theguardian.com/australia-news/2026/may/29/racially-motivated-attack-against-biloela-family-man-jailed-ntwnfb,,,Rockhampton,7fc2bf04-a6fe-42f2-83f6-f5fe076268c3,Man jailed over ‘racially motivated attack’ against Queensland’s Biloela family,,,2026-05-29T00:00:00
latimes,California,policy,-118.242643,34.0549076,,1,"Los Ángeles, California, USA",https://www.latimes.com/espanol/eeuu/articulo/2026-05-29/revision-del-departamento-de-estado-amenaza-con-cerrar-consulados-mexicanos-en-eeuu,,,Los Ángeles,2079e060-0252-46da-9989-6a50f1f9131b,Revisión del Departamento de Estado amenaza con cerrar consulados mexicanos en EEUU,,,2026-05-29T00:00:00
breitbart.com,,policy,-76.64127119999999,39.0457549,,1,"Maryland, USA",https://www.breitbart.com/politics/2026/05/28/activists-in-swing-district-ask-for-candidates-who-put-immigrants-first/,,,Maryland,ace450ff-80a8-4638-911c-ecf7ec5dc006,Activists in Swing District Ask for Candidates Who 'Put Immigrants First',,,2026-05-28T00:00:00
cbsnews.com,NJ,protest,-74.1744671,40.7315293,,1,"Newark, NJ, USA",https://www.cbsnews.com/newyork/news/delaney-hall-protests-ice-facility-newark-nj/,,,Newark,6e2710de-6c09-45a4-9028-ef28388f9a9a,Protests over inhumane conditions at ICE facility Delaney Hall in Newark become violent,,,2026-05-28T00:00:00
courant,Minnesota,protest,-93.2650108,44.977753,,1,"Minneapolis, Minnesota, USA",https://www.courant.com/2026/05/28/las-redadas-migratorias-en-minneapolis-terminaron-hace-meses-para-estos-nios-el-trauma-persiste/,,,Minneapolis,6170b89f-d998-4dca-8ca3-789faf510293,"Las redadas migratorias en Minneapolis terminaron hace meses. Para estos niños, el trauma persiste",,,2026-05-28T00:00:00
ocregister,California,policy,-118.242643,34.0549076,,1,"Los Angeles, CA, USA",https://www.ocregister.com/2026/05/28/us-mexican-consulates/,,,Los Angeles,8403b265-b745-4f42-ba78-6a1221cd4caa,Trump review that could shutter Mexican consulates stokes worries,,,2026-05-28T00:00:00
pjmedia.com,Texas,arrest,-98.4945922,29.4251905,,1,"San Antonio, Texas, USA",https://pjmedia.com/catherinesalgado/2026/05/28/police-arrest-man-who-said-hed-kill-erika-kirk-in-san-antonio-n4953342,,,San Antonio,2f870eab-b2ac-473c-94b6-bec9b4e4a67a,Police Arrest Texas Man Who Said He’d Kill Erika Kirk and 'Christian Nationalist' Supporters,,,2026-05-28T00:00:00
redstate,Minnesota,policy,-93.2650108,44.977753,,1,"Minneapolis, MN, USA",https://redstate.com/wardclark/2026/05/28/outrage-tim-walz-pardons-illegal-alien-facing-deportation-to-laos-n2202805,,,Minneapolis,6c70398d-8e55-402e-9b3c-e746c84b817a,Outrage: Tim Walz Pardons Illegal Alien Facing Deportation to Laos,,,2026-05-28T00:00:00
newsday,,policy,8.7821344,3.7549606,,1,"Equatorial Guinea, Malabo",https://www.newsday.com/news/nation/asylum-seekers-deported-africa-a08443,,,Malabo,7da5a1e5-a048-4098-aabd-b79809b99541,Exclusive: Inside an African hotel where asylum seekers deported by the US are imprisoned,,,2026-05-28T00:00:00
inquirer,PA,policy,-75.1652215,39.9525839,,1,"Philadelphia, PA, USA",https://www.inquirer.com/news/philadelphia/trump-justice-department-new-immigration-court-judges-philly-20260528.html,,,Philadelphia,530e7401-98dd-4ad8-8908-ba7bfb23fd16,"The Trump administration installed dozens of new immigration court judges this month, including three in Philly",,,2026-05-28T00:00:00
twincities,,policy,-77.0369274,38.9072873,,1,"Washington, DC, USA",https://www.twincities.com/2026/05/28/trump-doj-democratic-states-lawsuit-undercover-license-plates/,,,Multiple states,fb4ba302-6474-4ccd-9d0c-ea80bd01001d,Trump’s DOJ sues 4 Democratic-run states over denying undercover license plates for federal agents,,,2026-05-28T00:00:00
courant.com,CA,policy,-118.242643,34.0549076,,1,"Los Angeles, CA, USA",https://www.courant.com/2026/05/28/us-mexican-consulates/,,,Los Angeles,312b0eb2-63bb-4874-86f2-760090f9d823,Trump review that could shutter Mexican consulates stokes worries,,,2026-05-28T00:00:00
Baltimore Sun,DC,policy,-77.0369274,38.9072873,,1,"Washington, DC, USA",https://www.baltimoresun.com/2026/05/28/congress-budget-republicans/,,,Washington,57ae394c-15ed-4af6-be1e-3f93ae3cec4d,Republicans’ recent stumbles in Congress highlight the difficult road ahead for their agenda,,,2026-05-28T00:00:00
redstate,New Jersey,protest,-74.1744671,40.7315293,,1,"Newark, New Jersey, USA",https://redstate.com/nick-arama/2026/05/28/anti-ice-chaos-in-newark-n2202783,,,Newark,28af65eb-e1e4-4ffb-955a-bf0fe222cd52,Watch Truck Driver Go Off on Newark Anti-ICE Crew As More Chaos Ensues,,,2026-05-28T00:00:00
huffpost,DC,protest,-77.0369274,38.9072873,,1,"Washington, DC, USA",https://www.huffpost.com/entry/bruce-springsteen-concert-blasts-trump_n_6a1858dde4b0457678e8f25b,,,Washington,84a5e2ba-e134-488e-ace2-5b65ad12ddad,Bruce Springsteen Blasts Trump: 'Let Them Hear You At The F**king White House!',,,2026-05-28T00:00:00
azcentral,Arizona,arrest,-87.6847525,30.4066723,,1,"Colt Grill restaurants, Yavapai County, Arizona, Foley, Alabama, USA",https://www.azcentral.com/story/news/politics/immigration/2026/05/28/colt-grill-workers-luis-pedro-rogel-jaimes-iris-cristal-romero-molina-to-be-sentenced/90265986007/?gca-cat=p&gnt-cfr=1&gnt-djm=1,,,Yavapai County,2945300e-0eab-49da-8ce6-1346e0e968db,2 Colt Grill workers will be sentenced following ICE raid,,,2026-05-28T00:00:00
breitbart.com,NY,policy,-74.0059728,40.7127753,,1,"New York, NY, USA",https://www.breitbart.com/clips/2026/05/28/zohran-mamdani-i-view-ice-actions-to-be-cruel-and-inhumane/,,,New York,0d6d20c4-36f5-46ac-ab46-e06de75736a4,Zohran Mamdani: 'I View ICE Actions to Be Cruel and Inhumane',,,2026-05-28T00:00:00
breitbart.com,Texas,detention,-95.21551579999999,30.1550179,,1,"New Caney, Texas, USA",https://www.breitbart.com/immigration/2026/05/28/exclusive-ice-seeks-custody-illegal-alien-accused-texas-shooting-memorial-day-weekend/,,,New Caney,9c447a6a-d2f9-489d-b603-4d80f30d5c3d,Exclusive: ICE Seeks Custody of Illegal Alien Accused of TX Shooting Over Memorial Day Weekend,,,2026-05-28T00:00:00
redstate,Minnesota,arrest,-93.2650108,44.977753,,1,"Minneapolis, Minnesota, USA",https://redstate.com/wardclark/2026/05/28/dhs-reports-minnesota-duo-stole-21m-in-autism-funds-for-luxury-splurge-n2202817,,,Minneapolis,d46000d7-42a3-4aba-bbd0-754f1bdec0f2,DHS Reports Minnesota Duo Stole $21M in Autism Funds for Luxury Splurge,,,2026-05-28T00:00:00
chron,New Jersey,protest,-74.1744671,40.7315293,,1,"Newark, New Jersey, USA",https://www.chron.com/news/article/photos-show-protestors-and-ice-agents-clashing-22280082.php,,,Newark,79c8daee-476d-455f-a749-4fbd2ee895da,Photos show protestors and ICE agents clashing outside a New Jersey detention center,,,2026-05-28T00:00:00
chicagotribune,,arrest,-74.4056612,40.0583238,,1,"New Jersey, USA",https://www.chicagotribune.com/2026/05/28/arrestan-a-6-manifestantes-tras-choque-con-agentes-del-ice-en-nueva-jersey/,,,New Jersey,797d95a1-91d3-4f1f-91d1-5e9d64336b92,Arrestan a 6 manifestantes tras choque con agentes del ICE en Nueva Jersey,,,2026-05-28T00:00:00
chicagotribune,Illinois,detention,-87.6323879,41.88325,,1,"Chicago, Illinois, USA",https://www.chicagotribune.com/2026/05/28/ice-cps-mather-graduation/,,,Chicago,96840461-adc6-46cf-a376-d4d92513bd31,"After two months in ICE detention, CPS senior free to walk Mather High School graduation with classmates",,,2026-05-28T00:00:00
inquirer.com,DC,policy,-77.0369274,38.9072873,,1,"Washington, DC, USA",https://www.inquirer.com/wires/ap/republicans-recent-stumbles-congress-highlight-difficult-road-ahead-their-agenda-20260528.html,,,Washington,0086b541-c7e0-4a34-9c2b-8bd60b956b7d,Republicans' recent stumbles in Congress highlight the difficult road ahead for their agenda,,,2026-05-28T00:00:00
newsweek,New Jersey,protest,-74.1744671,40.7315293,,1,"Newark, New Jersey, USA",https://www.newsweek.com/why-delaney-hall-ice-detainees-are-on-hunger-strike-12002989,,,Newark,de7978e9-f900-4850-a7fb-eefcd40de083,Why Delaney Hall ICE detainees are on hunger strike,,,2026-05-28T00:00:00
townhall.com,Minnesota,policy,-94.6858998,46.729553,,1,"Minnesota, USA",https://townhall.com/tipsheet/amy-curtis/2026/05/28/tim-walz-pardon-to-prevent-ice-deporting-criminal-n2676813,,,Minneapolis,6704c011-00b1-49d7-9f13-4c5a6d4c0a56,Tim Walz's War on ICE Continues,,,2026-05-28T00:00:00
therealnews,New Jersey,protest,-74.1744671,40.7315293,,1,"Newark, New Jersey, USA",https://therealnews.com/protests-erupt-at-new-jersey-detention-center-in-support-of-hunger-striking-detainees,,,Newark,1584c038-998e-4c8d-87de-1568d2631a5c,Protests erupt at New Jersey detention center in support of hunger striking detainees,,,2026-05-28T00:00:00
centralmaine,Maine,policy,-70.2311655,44.0978509,,1,"Auburn, Maine, USA",https://www.centralmaine.com/2026/05/28/susan-collins-opposes-donald-trumps-1-billion-ballroom-request/,,,Auburn,877a2e8d-5d9f-45f4-a145-d571267bd7ab,Susan Collins opposes Donald Trump’s $1B ballroom request,,,2026-05-28T00:00:00
chicagotribune,Illinois,detention,-87.6323879,41.88325,,1,"Chicago, Illinois, USA",https://www.chicagotribune.com/2026/05/28/dentro-de-un-hotel-africano-donde-se-retiene-a-solicitantes-de-asilo-deportados-por-eeuu/,,,Chicago,d5eef13a-4e98-4794-ac91-75583ddccc5b,Dentro de un hotel africano donde se retiene a solicitantes de asilo deportados por EEUU,,,2026-05-28T00:00:00
baltimoresun,New Jersey,protest,-74.1744671,40.7315293,,1,"Newark, New Jersey, USA",https://www.baltimoresun.com/2026/05/28/immigration-protest-arrests-new-jersey/,,,Newark,05ae9d9b-f1a5-43cb-b95e-60ca44f97599,6 protesters arrested after clash with ICE officers outside a New Jersey detention center,,,2026-05-28T00:00:00
breitbart.com,New Jersey,policy,-74.1744671,40.7315293,,1,"Newark, New Jersey, USA",https://www.breitbart.com/clips/2026/05/28/booker-trumps-immigration-enforcement-is-chaotic-cruel-and-corrupt/,,,Newark,25c6b317-fb4e-4bb1-b892-1850229b0b87,"Booker: Trump's Immigration Enforcement Is 'Chaotic, Cruel and Corrupt'",,,2026-05-28T00:00:00
chicagotribune,Illinois,policy,-87.6323879,41.88325,,1,"Chicago, IL, USA",https://www.chicagotribune.com/2026/05/28/gobierno-de-trump-demanda-a-4-estados-por-negar-matrculas-encubiertas-a-agentes-federales/,,,Chicago,66df3f26-9e77-44cc-8783-d1bd89df3357,Gobierno de Trump demanda a 4 estados por negar matrículas encubiertas a agentes federales,,,2026-05-28T00:00:00
latimes,California,policy,-118.242643,34.0549076,,1,"Los Angeles, California, USA",https://www.latimes.com/world-nation/story/2026-05-28/u-s-review-of-mexican-consulates-stokes-worries-vital-services-may-be-lost,,,Los Angeles,6a4f1507-3c9d-43e2-9248-5445f58a0576,U.S. review of Mexican consulates stokes worries vital services may be lost,,,2026-05-28T00:00:00
courant.com,Minnesota,policy,-93.2474098,45.0481968,,1,"Columbia Heights, Minnesota, USA",https://www.courant.com/2026/05/28/minneapolis-immigration-child-trauma/,,,Columbia Heights,0bc450aa-61d2-4c2a-824f-ea964d9665e5,"The Minneapolis immigration crackdown ended months ago. For these little kids, trauma remains",,,2026-05-28T00:00:00
baltimoresun,Minnesota,detention,-93.2474098,45.0481968,,1,"Columbia Heights, Minnesota, USA",https://www.baltimoresun.com/2026/05/28/minneapolis-immigration-child-trauma/,,,Columbia Heights,052d2e0d-23e4-4a42-a2b1-0c6865972531,"The Minneapolis immigration crackdown ended months ago. For these little kids, trauma remains",,,2026-05-28T00:00:00
latimes,DC,policy,-77.0369274,38.9072873,,1,"Washington, DC, USA",https://www.latimes.com/espanol/eeuu/articulo/2026-05-28/gobierno-de-trump-demanda-4-estados-por-negar-matriculas-encubiertas-agentes-federales,,,Washington,3e582a59-9586-4fe6-9d8d-9659a92608d8,Gobierno de Trump demanda a 4 estados por negar matrículas encubiertas a agentes federales,,,2026-05-28T00:00:00
townhall.com,,policy,-88.7878678,43.7844397,,1,"Wisconsin, USA",https://townhall.com/tipsheet/amy-curtis/2026/05/28/francesca-hong-national-guard-v-ice-n2676819,,,Wisconsin,1f7c9b06-cd56-43e1-818c-38b5ff2658ff,Will Francesca Hong Deploy the National Guard Against ICE Agents If She's Elected WI Governor?,,,2026-05-28T00:00:00
usatoday,PA,policy,-75.1652215,39.9525839,,1,"Philadelphia, PA, USA",https://www.usatoday.com/story/news/2026/05/28/welcoming-city-or-sanctuary-city-philly-says-one-feds-say-another/90293841007/,,,Philadelphia,3685c921-89ad-4305-b70c-eb448dab333a,"Welcoming city or sanctuary city? Philly says one, feds say another",,,2026-05-28T00:00:00
denverpost,Colorado,policy,-105.2747406,40.0189728,,1,"Boulder, Colorado, USA",https://www.denverpost.com/2026/05/28/flock-cameras-boulder-police-lawsuit/,,,Boulder,f5ab708d-287c-47c4-9463-a76904195f1a,"Boulder police use Flock cameras as ‘dragnet’ illegally surveilling people, lawsuit alleges",,,2026-05-28T00:00:00
chicagotribune,Illinois,policy,-87.6323879,41.88325,,1,"Chicago, Illinois, USA",https://www.chicagotribune.com/2026/05/28/pope-leo-mayor-brandon-johnson-vatican/,,,Chicago,02674fc4-ecb6-4675-a4a9-c72e905caf3c,Mayor Brandon Johnson invites Pope Leo XIV to officiate Mass in Grant Park,,,2026-05-28T00:00:00
pbs.org,Texas,detention,-97.2116782,32.4065312,,1,"Alvarado, Texas, USA",https://www.pbs.org/newshour/show/palestinian-woman-detained-for-a-year-after-protesting-war-in-gaza-describes-experience,,,,9e3fb8e0-1917-40b9-a936-a00cbe120114,Palestinian woman detained for a year after protesting war in Gaza describes experience,,,2026-05-28T00:00:00
breitbart.com,Massachusetts,policy,-71.3824374,42.4072107,,1,"Massachusetts, USA",https://www.breitbart.com/immigration/2026/05/28/massachusetts-dem-governor-protects-dangerous-migrants-discards-young-americans/,,,Worcester,d2480eb7-a444-41fb-bc17-9266006d68d8,"Mass. Dem. Gov. Protects Dangerous Migrants, Discards Young Americans",,,2026-05-28T00:00:00
inquirer,DC,policy,-77.0369274,38.9072873,,1,"Washington, DC, USA",https://www.inquirer.com/wires/ap/latest-iran-negotiators-agree-extend-ceasefire-begin-nuclear-talks-pending-trump-approval-20260528.html,,,Washington,2ff365fa-ac58-44e3-84aa-be64bd76f32f,"The Latest: Iran negotiators agree to extend ceasefire, begin nuclear talks pending Trump approval",,,2026-05-28T00:00:00
inquirer.com,New Jersey,opinion,-74.1744671,40.7315293,,1,"Newark, NJ, USA",https://www.inquirer.com/opinion/editorials/andy-kim-pepper-spray-immigration-ice-protest-trump-20260528.html,,,Newark,850cfbad-f6e6-4a8f-9c9d-be73bfe1c42a,Clash at N.J. ICE detainment facility spotlights the cruelty and folly of Trump’s immigration policies,,,2026-05-28T00:00:00
newsday,New Jersey,protest,-74.1744671,40.7315293,,1,"Newark, New Jersey, USA",https://www.newsday.com/news/nation/immigration-detention-delaney-hall-hunger-strike-j63915,,,Newark,c0f7eb84-37fc-4c67-b525-5dd4edda2dbe,6 protesters arrested after clash with ICE officers outside a New Jersey detention center,,,2026-05-28T00:00:00
cbsi.com,New Jersey,protest,-74.1744671,40.7315293,,1,"Newark, New Jersey, USA",https://www.cbsnews.com/newyork/video/protests-continue-at-delaney-hall-ice-detention-facility-for-7th-day/,,,Newark,63792730-2826-4bf0-8a83-8ee3f5543e3d,Protests continue at Delaney Hall ICE detention facility for 7th day,,,2026-05-28T00:00:00
cbsnews.com,Minnesota,policy,-94.6858998,46.729553,,1,"Minnesota, USA",https://www.cbsnews.com/minnesota/news/denials-for-asylum-seekers-are-becoming-more-common-according-to-an-immigration-attorney/,,,Fort Snelling,bbd6e255-6353-4889-98b7-89996867f1d7,"Denials for asylum seekers are becoming more common, according to an immigration attorney",,,2026-05-28T00:00:00
townhall.com,New Jersey,protest,-74.1744671,40.7315293,,1,"Newark, New Jersey, USA",https://townhall.com/tipsheet/dmitri-bolt/2026/05/28/the-left-doesnt-care-about-your-everyday-american-n2676824,,,Newark,17dc01ef-725a-4837-8503-5e240aa34e2c,The Chaos in Newark Shows the Left Cares More About Illegal Aliens Than Working-Class Americans,,,2026-05-28T00:00:00
gazettenet.com,Massachusetts,policy,-71.0565364,42.3555076,,1,"Boston, MA, USA",https://gazettenet.com/2026/05/28/saying-people-are-afraid-healey-lays-out-ice-guidance/,,,Boston,5f83cdda-7ea9-433c-adef-6aa28b8d7f90,"Saying ‘people are afraid,’ Healey lays out ICE guidance",,,2026-05-28T00:00:00
inquirer,Pennsylvania,policy,-78.5660852,40.9519685,,1,"Clearfield County, Pennsylvania, USA",https://www.inquirer.com/politics/pennsylvania/moshannon-valley-ice-detention-facility-congress-oversight-20260528.html,,,Clearfield,a7d8fc4b-d8fa-4fe5-bbc2-92f52156105e,Two Pa. Democrats become first members of Congress to access Pennsylvania’s largest ICE detention facility,,,2026-05-28T00:00:00
latimes,New Jersey,protest,-74.1744671,40.7315293,,1,"Newark, NJ, USA",https://www.latimes.com/world-nation/story/2026-05-28/6-protesters-arrested-after-clash-with-ice-officers-outside-new-jersey-detention-center,,,Newark,44bd059f-01e9-489a-9781-46ad4b1b44dd,6 protesters arrested after clash with ICE officers outside a New Jersey detention center,,,2026-05-28T00:00:00
